source_record_id,reason,shop_code,folder_type,doc_grp,business_type,action_code,business_date
6066938339900173397660,PGD 2304 chưa tồn tại hoặc là PGD chỉ dùng cho mượn chứng từ,2304,Chứng từ Ngân hàng hàng ngày,"Mục đích vốn (nếu có phát sinh bản giấy), Xác nhận người thụ hưởng không có TKNH với (HĐ vay 100 triệu), Chứng từ thu nhập + Năng lực tài chính (khi CIMB yêu cầu)",Giải ngân CIMB,GIAI_NGAN_CIMB,2026-06-01
6031103544200173398405,PGD 8244 chưa tồn tại hoặc là PGD chỉ dùng cho mượn chứng từ,8244,Chứng từ Vận hành hàng ngày,Phiếu thu đóng hợp đồng,Đóng hợp đồng chủ động,DONG_HD_CD,2026-06-01
6059685255173382015,PGD 1288 chưa tồn tại hoặc là PGD chỉ dùng cho mượn chứng từ,1288,Chứng từ Vận hành hàng ngày,"Biên bản bàn giao TS cầm cố, Thỏa thuận sử dụng TS, Biên bản bàn giao TS cho mượn, HDCC, Giấy đề nghị, Bản cam kết TS riêng, Phiếu chi giải ngân, HĐUQ bản F88 in, Giấy nhận nợ",Đóng HĐCC chủ động,DONG_HDCC_CD,2026-06-01
6056065313873407651,PGD 1287 chưa tồn tại hoặc là PGD chỉ dùng cho mượn chứng từ,1287,Chứng từ Vận hành hàng ngày,"BB tất toán/thanh lý, Phiếu thu đóng hợp đồng, Biên bản chấm dứt thỏa thuận sử dụng TS và hoàn trả TS, Giấy đề nghị",Đóng HĐCC chủ động,DONG_HDCC_CD,2026-06-01
6069303124500173407830,Không map được loại chứng từ: Mục đích sử dụng vốn cho khoản vay trên 100 triệu (MB yêu cầu),4436,Chứng từ Ngân hàng hàng ngày,Mục đích sử dụng vốn cho khoản vay trên 100 triệu (MB yêu cầu),Giải ngân MB,GIAI_NGAN_MB,2026-06-01
6012947693573385965,PGD 5737 chưa tồn tại hoặc là PGD chỉ dùng cho mượn chứng từ,5737,Chứng từ Vận hành hàng ngày,"Giấy đề nghị, Phiếu chi giải ngân",Đóng HĐCC chủ động,DONG_HDCC_CD,2026-06-01
7335770773357707,PGD 5435 chưa tồn tại hoặc là PGD chỉ dùng cho mượn chứng từ,5435,Chứng từ Vận hành hàng ngày,"Phiếu chi, Biên lai / Phiếu yêu cầu dịch vụ/ Giấy nộp tiền (theo từng đơn vị chuyển tiền)",Chuyển quỹ,,2026-06-01
7335223373352233,PGD 9322 chưa tồn tại hoặc là PGD chỉ dùng cho mượn chứng từ,9322,Chứng từ Vận hành hàng ngày,"Phiếu chi, Biên lai / Phiếu yêu cầu dịch vụ/ Giấy nộp tiền (theo từng đơn vị chuyển tiền)",Chuyển quỹ,,2026-06-01
6060347095400173390943,PGD 7767 chưa tồn tại hoặc là PGD chỉ dùng cho mượn chứng từ,7767,Chứng từ Ngân hàng hàng ngày,"Mục đích vốn (nếu có phát sinh bản giấy), Xác nhận người thụ hưởng không có TKNH với (HĐ vay 100 triệu), Chứng từ thu nhập + Năng lực tài chính (khi CIMB yêu cầu)",Giải ngân CIMB,GIAI_NGAN_CIMB,2026-06-01
6053496993473417162,PGD 6219 chưa tồn tại hoặc là PGD chỉ dùng cho mượn chứng từ,6219,Chứng từ Vận hành hàng ngày,"Giấy đề nghị, Phiếu chi giải ngân, Ủy quyền epay",Đóng HĐCC chủ động,DONG_HDCC_CD,2026-06-01
6027606502073419449,PGD 2302 chưa tồn tại hoặc là PGD chỉ dùng cho mượn chứng từ,2302,Chứng từ Vận hành hàng ngày,Giấy đề nghị,Đóng HĐCC chủ động,DONG_HDCC_CD,2026-06-01
7335503373355033,PGD 6219 chưa tồn tại hoặc là PGD chỉ dùng cho mượn chứng từ,6219,Chứng từ Vận hành hàng ngày,"Phiếu chi, Biên lai / Phiếu yêu cầu dịch vụ/ Giấy nộp tiền (theo từng đơn vị chuyển tiền)",Chuyển quỹ,,2026-06-01
5125816930873399924,PGD 8631 chưa tồn tại hoặc là PGD chỉ dùng cho mượn chứng từ,8631,Chứng từ Vận hành hàng ngày,Giấy đề nghị,Đóng HĐCC chủ động,DONG_HDCC_CD,2026-06-01
7335808273358082,PGD 5244 chưa tồn tại hoặc là PGD chỉ dùng cho mượn chứng từ,5244,Chứng từ Vận hành hàng ngày,"Phiếu chi, Biên lai / Phiếu yêu cầu dịch vụ/ Giấy nộp tiền (theo từng đơn vị chuyển tiền)",Chuyển quỹ,,2026-06-01
6055096472573414779,Không map được loại chứng từ: HĐ ký gửi tài sản,1007,Chứng từ Vận hành hàng ngày,HĐ ký gửi tài sản,Đóng HĐCC chủ động,DONG_HDCC_CD,2026-06-01
6055096472573414790,Không map được loại chứng từ: HĐ ký gửi tài sản,1007,Chứng từ Vận hành hàng ngày,HĐ ký gửi tài sản,Đóng HĐCC chủ động,DONG_HDCC_CD,2026-06-01
6035041250973379920,PGD 4826 chưa tồn tại hoặc là PGD chỉ dùng cho mượn chứng từ,4826,Chứng từ Vận hành hàng ngày,"Giấy đề nghị, Phiếu chi giải ngân, Ủy quyền epay",Đóng HĐCC chủ động,DONG_HDCC_CD,2026-06-01
6050503869673377339,PGD 8244 chưa tồn tại hoặc là PGD chỉ dùng cho mượn chứng từ,8244,Chứng từ Vận hành hàng ngày,"Giấy đề nghị, Phiếu chi giải ngân",Đóng HĐCC chủ động,DONG_HDCC_CD,2026-06-01
6058689242673404703,PGD 8135 chưa tồn tại hoặc là PGD chỉ dùng cho mượn chứng từ,8135,Chứng từ Vận hành hàng ngày,Giấy đề nghị,Đóng HĐCC chủ động,DONG_HDCC_CD,2026-06-01
6069706160500173398724,PGD 5132 chưa tồn tại hoặc là PGD chỉ dùng cho mượn chứng từ,5132,Chứng từ Ngân hàng hàng ngày,"Mục đích vốn (nếu có phát sinh bản giấy), Xác nhận người thụ hưởng không có TKNH với (HĐ vay 100 triệu), Chứng từ thu nhập + Năng lực tài chính (khi CIMB yêu cầu)",Giải ngân CIMB,GIAI_NGAN_CIMB,2026-06-01
7335668773356687,PGD 8631 chưa tồn tại hoặc là PGD chỉ dùng cho mượn chứng từ,8631,Chứng từ Vận hành hàng ngày,"Phiếu chi, Biên lai / Phiếu yêu cầu dịch vụ/ Giấy nộp tiền (theo từng đơn vị chuyển tiền)",Chuyển quỹ,,2026-06-01
6059685255176873393496,PGD 1288 chưa tồn tại hoặc là PGD chỉ dùng cho mượn chứng từ,1288,Chứng từ Vận hành hàng ngày,Phiếu thu đóng hợp đồng,Đóng hợp đồng chủ động,DONG_HD_CD,2026-06-01
7334254573342545,PGD 6731 chưa tồn tại hoặc là PGD chỉ dùng cho mượn chứng từ,6731,Chứng từ Vận hành hàng ngày,"Phiếu chi, Biên lai / Phiếu yêu cầu dịch vụ/ Giấy nộp tiền (theo từng đơn vị chuyển tiền)",Chuyển quỹ,,2026-06-01
6059685255176873393494,PGD 1288 chưa tồn tại hoặc là PGD chỉ dùng cho mượn chứng từ,1288,Chứng từ Vận hành hàng ngày,"Phiếu yêu cầu miễn giảm (nếu có), Phiếu yêu cầu miễn giảm (nếu có)",Miễn giảm đóng HĐ,MIEN_GIAM_DONG_HD,2026-06-01
6056065313873407590,PGD 1287 chưa tồn tại hoặc là PGD chỉ dùng cho mượn chứng từ,1287,Chứng từ Vận hành hàng ngày,"Giấy đề nghị, Phiếu chi giải ngân, Ủy quyền epay",Đóng HĐCC chủ động,DONG_HDCC_CD,2026-06-01
6055653493873409985,Trùng parent_document_code trong nguồn Oracle,5508,Chứng từ Vận hành hàng ngày,"Giấy đề nghị, Phiếu chi giải ngân",Đóng HĐCC chủ động,DONG_HDCC_CD,2026-06-01
6069052612600173398097,PGD 4114 chưa tồn tại hoặc là PGD chỉ dùng cho mượn chứng từ,4114,Chứng từ Ngân hàng hàng ngày,"Mục đích vốn (nếu có phát sinh bản giấy), Xác nhận người thụ hưởng không có TKNH với (HĐ vay 100 triệu), Chứng từ thu nhập + Năng lực tài chính (khi CIMB yêu cầu)",Giải ngân CIMB,GIAI_NGAN_CIMB,2026-06-01
7334806973348069,PGD 6219 chưa tồn tại hoặc là PGD chỉ dùng cho mượn chứng từ,6219,Chứng từ Vận hành hàng ngày,Phiếu thu,Thu khác,,2026-06-01
6050344925900173408162,PGD 8245 chưa tồn tại hoặc là PGD chỉ dùng cho mượn chứng từ,8245,Chứng từ Vận hành hàng ngày,Phiếu thu đóng hợp đồng,Đóng hợp đồng chủ động,DONG_HD_CD,2026-06-01
6051437685873395182,PGD 2303 chưa tồn tại hoặc là PGD chỉ dùng cho mượn chứng từ,2303,Chứng từ Vận hành hàng ngày,"Giấy đề nghị, Phiếu chi giải ngân, Ủy quyền epay",Đóng HĐCC chủ động,DONG_HDCC_CD,2026-06-01
7334745073347450,PGD 9322 chưa tồn tại hoặc là PGD chỉ dùng cho mượn chứng từ,9322,Chứng từ Vận hành hàng ngày,"Phiếu chi, Biên lai / Phiếu yêu cầu dịch vụ/ Giấy nộp tiền (theo từng đơn vị chuyển tiền)",Chuyển quỹ,,2026-06-01
7336091873360918,PGD 2302 chưa tồn tại hoặc là PGD chỉ dùng cho mượn chứng từ,2302,Chứng từ Vận hành hàng ngày,"Phiếu chi, Biên lai / Phiếu yêu cầu dịch vụ/ Giấy nộp tiền (theo từng đơn vị chuyển tiền)",Chuyển quỹ,,2026-06-01
6065576990900173397189,PGD 9221 chưa tồn tại hoặc là PGD chỉ dùng cho mượn chứng từ,9221,Chứng từ Ngân hàng hàng ngày,"Mục đích vốn (nếu có phát sinh bản giấy), Xác nhận người thụ hưởng không có TKNH với (HĐ vay 100 triệu), Chứng từ thu nhập + Năng lực tài chính (khi CIMB yêu cầu)",Giải ngân CIMB,GIAI_NGAN_CIMB,2026-06-01
6011461201573390742,PGD 6219 chưa tồn tại hoặc là PGD chỉ dùng cho mượn chứng từ,6219,Chứng từ Vận hành hàng ngày,Giấy đề nghị,Đóng HĐCC chủ động,DONG_HDCC_CD,2026-06-01
6061541520800173397333,PGD 2306 chưa tồn tại hoặc là PGD chỉ dùng cho mượn chứng từ,2306,Chứng từ Ngân hàng hàng ngày,"Mục đích vốn (nếu có phát sinh bản giấy), Xác nhận người thụ hưởng không có TKNH với (HĐ vay 100 triệu), Chứng từ thu nhập + Năng lực tài chính (khi CIMB yêu cầu)",Giải ngân CIMB,GIAI_NGAN_CIMB,2026-06-01
7335110473351104,PGD 8631 chưa tồn tại hoặc là PGD chỉ dùng cho mượn chứng từ,8631,Chứng từ Vận hành hàng ngày,Phiếu thu,Nhận quỹ,,2026-06-01
6056145102173385969,PGD 7767 chưa tồn tại hoặc là PGD chỉ dùng cho mượn chứng từ,7767,Chứng từ Vận hành hàng ngày,"Giấy đề nghị, Phiếu chi giải ngân, Ủy quyền epay",Đóng HĐCC chủ động,DONG_HDCC_CD,2026-06-01
6069655443300173397804,PGD 9221 chưa tồn tại hoặc là PGD chỉ dùng cho mượn chứng từ,9221,Chứng từ Ngân hàng hàng ngày,"Mục đích vốn (nếu có phát sinh bản giấy), Xác nhận người thụ hưởng không có TKNH với (HĐ vay 100 triệu), Chứng từ thu nhập + Năng lực tài chính (khi CIMB yêu cầu)",Giải ngân CIMB,GIAI_NGAN_CIMB,2026-06-01
7334639373346393,PGD 8245 chưa tồn tại hoặc là PGD chỉ dùng cho mượn chứng từ,8245,Chứng từ Vận hành hàng ngày,"Phiếu chi, Biên lai / Phiếu yêu cầu dịch vụ/ Giấy nộp tiền (theo từng đơn vị chuyển tiền)",Chuyển quỹ,,2026-06-01
7334736473347364,PGD 9221 chưa tồn tại hoặc là PGD chỉ dùng cho mượn chứng từ,9221,Chứng từ Vận hành hàng ngày,"Phiếu chi, Biên lai / Phiếu yêu cầu dịch vụ/ Giấy nộp tiền (theo từng đơn vị chuyển tiền)",Chuyển quỹ,,2026-06-01
6029058375073418393,PGD 6219 chưa tồn tại hoặc là PGD chỉ dùng cho mượn chứng từ,6219,Chứng từ Vận hành hàng ngày,"Giấy đề nghị, Phiếu chi giải ngân",Đóng HĐCC chủ động,DONG_HDCC_CD,2026-06-01
7336095273360952,PGD 2302 chưa tồn tại hoặc là PGD chỉ dùng cho mượn chứng từ,2302,Chứng từ Vận hành hàng ngày,"Phiếu chi, Biên lai / Phiếu yêu cầu dịch vụ/ Giấy nộp tiền (theo từng đơn vị chuyển tiền)",Chuyển quỹ,,2026-06-01
6060874157900173402622,PGD 5552 chưa tồn tại hoặc là PGD chỉ dùng cho mượn chứng từ,5552,Chứng từ Ngân hàng hàng ngày,"Mục đích vốn (nếu có phát sinh bản giấy), Xác nhận người thụ hưởng không có TKNH với (HĐ vay 100 triệu), Chứng từ thu nhập + Năng lực tài chính (khi CIMB yêu cầu)",Giải ngân CIMB,GIAI_NGAN_CIMB,2026-06-01
6050670799273379326,PGD 8135 chưa tồn tại hoặc là PGD chỉ dùng cho mượn chứng từ,8135,Chứng từ Vận hành hàng ngày,"Giấy đề nghị, Phiếu chi giải ngân, Ủy quyền epay",Đóng HĐCC chủ động,DONG_HDCC_CD,2026-06-01
6035041250973379920,Trùng parent_document_code trong nguồn Oracle,4806,Chứng từ Vận hành hàng ngày,"BB tất toán/thanh lý, Phiếu thu đóng hợp đồng, Biên bản chấm dứt thỏa thuận sử dụng TS và hoàn trả TS",Đóng HĐCC chủ động,DONG_HDCC_CD,2026-06-01
6056166800373392456,PGD 1287 chưa tồn tại hoặc là PGD chỉ dùng cho mượn chứng từ,1287,Chứng từ Vận hành hàng ngày,"Giấy đề nghị, Bản cam kết TS riêng, Phiếu chi giải ngân, Ủy quyền epay, HĐUQ bản F88 in",Đóng HĐCC chủ động,DONG_HDCC_CD,2026-06-01
6054362423273414421,PGD 5132 chưa tồn tại hoặc là PGD chỉ dùng cho mượn chứng từ,5132,Chứng từ Vận hành hàng ngày,"Giấy đề nghị, Phiếu chi giải ngân, Ủy quyền epay",Đóng HĐCC chủ động,DONG_HDCC_CD,2026-06-01
6064431513300173408703,PGD 8631 chưa tồn tại hoặc là PGD chỉ dùng cho mượn chứng từ,8631,Chứng từ Ngân hàng hàng ngày,"Mục đích vốn (nếu có phát sinh bản giấy), Xác nhận người thụ hưởng không có TKNH với (HĐ vay 100 triệu), Chứng từ thu nhập + Năng lực tài chính (khi CIMB yêu cầu)",Giải ngân CIMB,GIAI_NGAN_CIMB,2026-06-01
6056065313800173406733,PGD 1287 chưa tồn tại hoặc là PGD chỉ dùng cho mượn chứng từ,1287,Chứng từ Vận hành hàng ngày,Phiếu thu đóng hợp đồng,Đóng hợp đồng chủ động,DONG_HD_CD,2026-06-01
5125816930873399764,PGD 8631 chưa tồn tại hoặc là PGD chỉ dùng cho mượn chứng từ,8631,Chứng từ Vận hành hàng ngày,"Giấy đề nghị, Phiếu chi giải ngân, Ủy quyền epay",Đóng HĐCC chủ động,DONG_HDCC_CD,2026-06-01
6050670799273379392,PGD 8135 chưa tồn tại hoặc là PGD chỉ dùng cho mượn chứng từ,8135,Chứng từ Vận hành hàng ngày,Giấy đề nghị,Đóng HĐCC chủ động,DONG_HDCC_CD,2026-06-01
5082080046873377696,Trùng parent_document_code trong nguồn Oracle,4505,Chứng từ Vận hành hàng ngày,"BB tất toán/thanh lý, Phiếu thu đóng hợp đồng, Biên bản chấm dứt thỏa thuận sử dụng TS và hoàn trả TS",Đóng HĐCC nợ xấu chủ động,DONG_HDCC_CDNX,2026-06-01
6054952527873408633,PGD 8135 chưa tồn tại hoặc là PGD chỉ dùng cho mượn chứng từ,8135,Chứng từ Vận hành hàng ngày,Giấy đề nghị,Đóng HĐCC chủ động,DONG_HDCC_CD,2026-06-01
6056145102173385984,PGD 7767 chưa tồn tại hoặc là PGD chỉ dùng cho mượn chứng từ,7767,Chứng từ Vận hành hàng ngày,Giấy đề nghị,Đóng HĐCC chủ động,DONG_HDCC_CD,2026-06-01
7335320073353200,PGD 8135 chưa tồn tại hoặc là PGD chỉ dùng cho mượn chứng từ,8135,Chứng từ Vận hành hàng ngày,"Phiếu chi, Biên lai / Phiếu yêu cầu dịch vụ/ Giấy nộp tiền (theo từng đơn vị chuyển tiền)",Chuyển quỹ,,2026-06-01
6053902742673390592,Trùng parent_document_code trong nguồn Oracle,5663,Chứng từ Vận hành hàng ngày,"Giấy đề nghị, Phiếu chi giải ngân",Đóng HĐCC chủ động,DONG_HDCC_CD,2026-06-01
6054362423273414431,PGD 5132 chưa tồn tại hoặc là PGD chỉ dùng cho mượn chứng từ,5132,Chứng từ Vận hành hàng ngày,Giấy đề nghị,Đóng HĐCC chủ động,DONG_HDCC_CD,2026-06-01
6043633951673411635,PGD 5132 chưa tồn tại hoặc là PGD chỉ dùng cho mượn chứng từ,5132,Chứng từ Vận hành hàng ngày,Giấy đề nghị,Đóng HĐCC chủ động,DONG_HDCC_CD,2026-06-01
6067342989100173411669,PGD 8631 chưa tồn tại hoặc là PGD chỉ dùng cho mượn chứng từ,8631,Chứng từ Ngân hàng hàng ngày,"Mục đích vốn (nếu có phát sinh bản giấy), Xác nhận người thụ hưởng không có TKNH với (HĐ vay 100 triệu), Chứng từ thu nhập + Năng lực tài chính (khi CIMB yêu cầu)",Giải ngân CIMB,GIAI_NGAN_CIMB,2026-06-01
6043633951673411621,PGD 5132 chưa tồn tại hoặc là PGD chỉ dùng cho mượn chứng từ,5132,Chứng từ Vận hành hàng ngày,"Giấy đề nghị, Phiếu chi giải ngân, Ủy quyền epay",Đóng HĐCC chủ động,DONG_HDCC_CD,2026-06-01
6011461201573390730,PGD 6219 chưa tồn tại hoặc là PGD chỉ dùng cho mượn chứng từ,6219,Chứng từ Vận hành hàng ngày,"Giấy đề nghị, Phiếu chi giải ngân, Ủy quyền epay",Đóng HĐCC chủ động,DONG_HDCC_CD,2026-06-01
6051437685800173399294,PGD 2303 chưa tồn tại hoặc là PGD chỉ dùng cho mượn chứng từ,2303,Chứng từ Vận hành hàng ngày,Phiếu thu đóng hợp đồng,Đóng hợp đồng chủ động,DONG_HD_CD,2026-06-01
6031331241573398274,Không map được loại chứng từ: HĐ ký gửi tài sản,1050,Chứng từ Vận hành hàng ngày,HĐ ký gửi tài sản,Đóng HĐCC chủ động,DONG_HDCC_CD,2026-06-01
6058689242673404637,PGD 8135 chưa tồn tại hoặc là PGD chỉ dùng cho mượn chứng từ,8135,Chứng từ Vận hành hàng ngày,"Giấy đề nghị, Phiếu chi giải ngân, Ủy quyền epay",Đóng HĐCC chủ động,DONG_HDCC_CD,2026-06-01
6064146895100173412260,PGD 7767 chưa tồn tại hoặc là PGD chỉ dùng cho mượn chứng từ,7767,Chứng từ Ngân hàng hàng ngày,"Mục đích vốn (nếu có phát sinh bản giấy), Xác nhận người thụ hưởng không có TKNH với (HĐ vay 100 triệu), Chứng từ thu nhập + Năng lực tài chính (khi CIMB yêu cầu)",Giải ngân CIMB,GIAI_NGAN_CIMB,2026-06-01
5031357131173413659,Không map được loại chứng từ: HĐ ký gửi tài sản,7951,Chứng từ Vận hành hàng ngày,HĐ ký gửi tài sản,Đóng HĐCC chủ động,DONG_HDCC_CD,2026-06-01
7335098173350981,PGD 2305 chưa tồn tại hoặc là PGD chỉ dùng cho mượn chứng từ,2305,Chứng từ Vận hành hàng ngày,"Phiếu chi, Biên lai / Phiếu yêu cầu dịch vụ/ Giấy nộp tiền (theo từng đơn vị chuyển tiền)",Chuyển quỹ,,2026-06-01
6065506852600173405753,PGD 1286 chưa tồn tại hoặc là PGD chỉ dùng cho mượn chứng từ,1286,Chứng từ Ngân hàng hàng ngày,"Mục đích vốn (nếu có phát sinh bản giấy), Xác nhận người thụ hưởng không có TKNH với (HĐ vay 100 triệu), Chứng từ thu nhập + Năng lực tài chính (khi CIMB yêu cầu)",Giải ngân CIMB,GIAI_NGAN_CIMB,2026-06-01
6031103544273393513,PGD 8244 chưa tồn tại hoặc là PGD chỉ dùng cho mượn chứng từ,8244,Chứng từ Vận hành hàng ngày,"Giấy đề nghị, Phiếu chi giải ngân",Đóng HĐCC chủ động,DONG_HDCC_CD,2026-06-01
6037637639173418586,PGD 1286 chưa tồn tại hoặc là PGD chỉ dùng cho mượn chứng từ,1286,Chứng từ Vận hành hàng ngày,"Giấy đề nghị, Phiếu chi giải ngân",Đóng HĐCC chủ động,DONG_HDCC_CD,2026-06-01
7333905073339050,PGD 8135 chưa tồn tại hoặc là PGD chỉ dùng cho mượn chứng từ,8135,Chứng từ Vận hành hàng ngày,"Phiếu chi, Biên lai / Phiếu yêu cầu dịch vụ/ Giấy nộp tiền (theo từng đơn vị chuyển tiền)",Chuyển quỹ,,2026-06-01
7334995173349951,PGD 6219 chưa tồn tại hoặc là PGD chỉ dùng cho mượn chứng từ,6219,Chứng từ Vận hành hàng ngày,Phiếu thu,Nhận quỹ,,2026-06-01
5112831553873406353,Trùng parent_document_code trong nguồn Oracle,8627,Chứng từ Vận hành hàng ngày,"Giấy đề nghị, Phiếu chi giải ngân, Ủy quyền epay",Đóng HĐCC chủ động,DONG_HDCC_CD,2026-06-01
6067350501100173393397,PGD 5435 chưa tồn tại hoặc là PGD chỉ dùng cho mượn chứng từ,5435,Chứng từ Ngân hàng hàng ngày,"Mục đích vốn (nếu có phát sinh bản giấy), Xác nhận người thụ hưởng không có TKNH với (HĐ vay 100 triệu), Chứng từ thu nhập + Năng lực tài chính (khi CIMB yêu cầu)",Giải ngân CIMB,GIAI_NGAN_CIMB,2026-06-01
6067003882200173391508,PGD 8025 chưa tồn tại hoặc là PGD chỉ dùng cho mượn chứng từ,8025,Chứng từ Ngân hàng hàng ngày,"Mục đích vốn (nếu có phát sinh bản giấy), Xác nhận người thụ hưởng không có TKNH với (HĐ vay 100 triệu), Chứng từ thu nhập + Năng lực tài chính (khi CIMB yêu cầu)",Giải ngân CIMB,GIAI_NGAN_CIMB,2026-06-01
6051437685873395242,PGD 2303 chưa tồn tại hoặc là PGD chỉ dùng cho mượn chứng từ,2303,Chứng từ Vận hành hàng ngày,"BB tất toán/thanh lý, Phiếu thu đóng hợp đồng, Biên bản chấm dứt thỏa thuận sử dụng TS và hoàn trả TS, Giấy đề nghị",Đóng HĐCC chủ động,DONG_HDCC_CD,2026-06-01
7335655073356550,PGD 6219 chưa tồn tại hoặc là PGD chỉ dùng cho mượn chứng từ,6219,Chứng từ Vận hành hàng ngày,"Phiếu chi, Biên lai / Phiếu yêu cầu dịch vụ/ Giấy nộp tiền (theo từng đơn vị chuyển tiền)",Chuyển quỹ,,2026-06-01
6054952527873408613,PGD 8135 chưa tồn tại hoặc là PGD chỉ dùng cho mượn chứng từ,8135,Chứng từ Vận hành hàng ngày,"Giấy đề nghị, Phiếu chi giải ngân, Ủy quyền epay",Đóng HĐCC chủ động,DONG_HDCC_CD,2026-06-01
6050344925900173408160,PGD 8245 chưa tồn tại hoặc là PGD chỉ dùng cho mượn chứng từ,8245,Chứng từ Vận hành hàng ngày,"Phiếu yêu cầu miễn giảm (nếu có), Phiếu yêu cầu miễn giảm (nếu có)",Miễn giảm đóng HĐ,MIEN_GIAM_DONG_HD,2026-06-01
6050344925973409418,PGD 8245 chưa tồn tại hoặc là PGD chỉ dùng cho mượn chứng từ,8245,Chứng từ Vận hành hàng ngày,"Giấy đề nghị, Phiếu chi giải ngân",Đóng HĐCC chủ động,DONG_HDCC_CD,2026-06-01
6068309381100173415462,PGD 2302 chưa tồn tại hoặc là PGD chỉ dùng cho mượn chứng từ,2302,Chứng từ Ngân hàng hàng ngày,"Mục đích vốn (nếu có phát sinh bản giấy), Xác nhận người thụ hưởng không có TKNH với (HĐ vay 100 triệu), Chứng từ thu nhập + Năng lực tài chính (khi CIMB yêu cầu)",Giải ngân CIMB,GIAI_NGAN_CIMB,2026-06-01
6035041250973379930,PGD 4826 chưa tồn tại hoặc là PGD chỉ dùng cho mượn chứng từ,4826,Chứng từ Vận hành hàng ngày,"BB tất toán/thanh lý, Phiếu thu đóng hợp đồng, Biên bản chấm dứt thỏa thuận sử dụng TS và hoàn trả TS, Giấy đề nghị",Đóng HĐCC chủ động,DONG_HDCC_CD,2026-06-01
7334105673341056,PGD 8244 chưa tồn tại hoặc là PGD chỉ dùng cho mượn chứng từ,8244,Chứng từ Vận hành hàng ngày,"Phiếu chi, Biên lai / Phiếu yêu cầu dịch vụ/ Giấy nộp tiền (theo từng đơn vị chuyển tiền)",Chuyển quỹ,,2026-06-01
6056166800373392463,PGD 1287 chưa tồn tại hoặc là PGD chỉ dùng cho mượn chứng từ,1287,Chứng từ Vận hành hàng ngày,"Giấy đề nghị, Bản cam kết TS riêng",Đóng HĐCC chủ động,DONG_HDCC_CD,2026-06-01
7334356873343568,PGD 8631 chưa tồn tại hoặc là PGD chỉ dùng cho mượn chứng từ,8631,Chứng từ Vận hành hàng ngày,"Phiếu chi, Biên lai / Phiếu yêu cầu dịch vụ/ Giấy nộp tiền (theo từng đơn vị chuyển tiền)",Chuyển quỹ,,2026-06-01
6053496993473417734,PGD 6219 chưa tồn tại hoặc là PGD chỉ dùng cho mượn chứng từ,6219,Chứng từ Vận hành hàng ngày,Giấy đề nghị,Đóng HĐCC chủ động,DONG_HDCC_CD,2026-06-01
6027606502073419443,PGD 2302 chưa tồn tại hoặc là PGD chỉ dùng cho mượn chứng từ,2302,Chứng từ Vận hành hàng ngày,"Giấy đề nghị, Phiếu chi giải ngân, Ủy quyền epay",Đóng HĐCC chủ động,DONG_HDCC_CD,2026-06-01
6067609249400173395603,PGD 8516 chưa tồn tại hoặc là PGD chỉ dùng cho mượn chứng từ,8516,Chứng từ Ngân hàng hàng ngày,"Mục đích vốn (nếu có phát sinh bản giấy), Xác nhận người thụ hưởng không có TKNH với (HĐ vay 100 triệu), Chứng từ thu nhập + Năng lực tài chính (khi CIMB yêu cầu)",Giải ngân CIMB,GIAI_NGAN_CIMB,2026-06-01
6064490344700173413421,PGD 8244 chưa tồn tại hoặc là PGD chỉ dùng cho mượn chứng từ,8244,Chứng từ Ngân hàng hàng ngày,"Mục đích vốn (nếu có phát sinh bản giấy), Xác nhận người thụ hưởng không có TKNH với (HĐ vay 100 triệu), Chứng từ thu nhập + Năng lực tài chính (khi CIMB yêu cầu)",Giải ngân CIMB,GIAI_NGAN_CIMB,2026-06-01
6034092020273397488,Trùng parent_document_code trong nguồn Oracle,4435,Chứng từ Vận hành hàng ngày,"Giấy đề nghị, Phiếu chi giải ngân",Đóng HĐCC chủ động,DONG_HDCC_CD,2026-06-01
5031357131173413595,Không map được loại chứng từ: HĐ ký gửi tài sản,7951,Chứng từ Vận hành hàng ngày,HĐ ký gửi tài sản,Đóng HĐCC chủ động,DONG_HDCC_CD,2026-06-01
6056065313800173406731,PGD 1287 chưa tồn tại hoặc là PGD chỉ dùng cho mượn chứng từ,1287,Chứng từ Vận hành hàng ngày,"Phiếu yêu cầu miễn giảm (nếu có), Phiếu yêu cầu miễn giảm (nếu có)",Miễn giảm đóng HĐ,MIEN_GIAM_DONG_HD,2026-06-01
6050289800473390458,PGD 9221 chưa tồn tại hoặc là PGD chỉ dùng cho mượn chứng từ,9221,Chứng từ Vận hành hàng ngày,"Giấy đề nghị, Phiếu chi giải ngân, Ủy quyền epay",Đóng HĐCC chủ động,DONG_HDCC_CD,2026-06-01
6050289800473390565,PGD 9221 chưa tồn tại hoặc là PGD chỉ dùng cho mượn chứng từ,9221,Chứng từ Vận hành hàng ngày,Giấy đề nghị,Đóng HĐCC chủ động,DONG_HDCC_CD,2026-06-01
6059347170373514740,PGD 7767 chưa tồn tại hoặc là PGD chỉ dùng cho mượn chứng từ,7767,Chứng từ Vận hành hàng ngày,Giấy đề nghị,Đóng HĐCC chủ động,DONG_HDCC_CD,2026-06-02
6045474697773515559,PGD 1286 chưa tồn tại hoặc là PGD chỉ dùng cho mượn chứng từ,1286,Chứng từ Vận hành hàng ngày,Giấy đề nghị,Đóng HĐCC chủ động,DONG_HDCC_CD,2026-06-02
7345014273450142,PGD 2305 chưa tồn tại hoặc là PGD chỉ dùng cho mượn chứng từ,2305,Chứng từ Vận hành hàng ngày,"Phiếu chi, Biên lai / Phiếu yêu cầu dịch vụ/ Giấy nộp tiền (theo từng đơn vị chuyển tiền)",Chuyển quỹ,,2026-06-02
6052379569973500365,Không map được loại chứng từ: HĐ ký gửi tài sản,5501,Chứng từ Vận hành hàng ngày,HĐ ký gửi tài sản,Đóng HĐCC chủ động,DONG_HDCC_CD,2026-06-02
6068706452000173501780,PGD 8135 chưa tồn tại hoặc là PGD chỉ dùng cho mượn chứng từ,8135,Chứng từ Ngân hàng hàng ngày,"Mục đích vốn (nếu có phát sinh bản giấy), Xác nhận người thụ hưởng không có TKNH với (HĐ vay 100 triệu), Chứng từ thu nhập + Năng lực tài chính (khi CIMB yêu cầu)",Giải ngân CIMB,GIAI_NGAN_CIMB,2026-06-02
6060865166300173513632,PGD 2308 chưa tồn tại hoặc là PGD chỉ dùng cho mượn chứng từ,2308,Chứng từ Ngân hàng hàng ngày,"Mục đích vốn (nếu có phát sinh bản giấy), Xác nhận người thụ hưởng không có TKNH với (HĐ vay 100 triệu), Chứng từ thu nhập + Năng lực tài chính (khi CIMB yêu cầu)",Giải ngân CIMB,GIAI_NGAN_CIMB,2026-06-02
6025362588300173501832,PGD 8631 chưa tồn tại hoặc là PGD chỉ dùng cho mượn chứng từ,8631,Chứng từ Vận hành hàng ngày,Phiếu thu đóng hợp đồng,Đóng hợp đồng chủ động,DONG_HD_CD,2026-06-02
7344095573440955,PGD 5132 chưa tồn tại hoặc là PGD chỉ dùng cho mượn chứng từ,5132,Chứng từ Vận hành hàng ngày,"Phiếu chi, Biên lai / Phiếu yêu cầu dịch vụ/ Giấy nộp tiền (theo từng đơn vị chuyển tiền)",Chuyển quỹ,,2026-06-02
6025362588373495837,PGD 8631 chưa tồn tại hoặc là PGD chỉ dùng cho mượn chứng từ,8631,Chứng từ Vận hành hàng ngày,"BB tất toán/thanh lý, Phiếu thu đóng hợp đồng, Biên bản chấm dứt thỏa thuận sử dụng TS và hoàn trả TS, Giấy đề nghị",Đóng HĐCC chủ động,DONG_HDCC_CD,2026-06-02
6062570494400173512868,Không map được loại chứng từ: Mục đích sử dụng vốn cho khoản vay trên 100 triệu (MB yêu cầu),7421,Chứng từ Ngân hàng hàng ngày,Mục đích sử dụng vốn cho khoản vay trên 100 triệu (MB yêu cầu),Giải ngân MB,GIAI_NGAN_MB,2026-06-02
7345018773450187,PGD 6219 chưa tồn tại hoặc là PGD chỉ dùng cho mượn chứng từ,6219,Chứng từ Vận hành hàng ngày,"Phiếu chi, Hóa đơn (nếu có)",Điện,,2026-06-02
6067829927800173510913,PGD 8136 chưa tồn tại hoặc là PGD chỉ dùng cho mượn chứng từ,8136,Chứng từ Ngân hàng hàng ngày,"Mục đích vốn (nếu có phát sinh bản giấy), Xác nhận người thụ hưởng không có TKNH với (HĐ vay 100 triệu), Chứng từ thu nhập + Năng lực tài chính (khi CIMB yêu cầu)",Giải ngân CIMB,GIAI_NGAN_CIMB,2026-06-02
6025362588373495725,PGD 8631 chưa tồn tại hoặc là PGD chỉ dùng cho mượn chứng từ,8631,Chứng từ Vận hành hàng ngày,"Giấy đề nghị, Phiếu chi giải ngân, Ủy quyền epay",Đóng HĐCC chủ động,DONG_HDCC_CD,2026-06-02
5065626867573493380,Trùng parent_document_code trong nguồn Oracle,8606,Chứng từ Vận hành hàng ngày,"BB tất toán/thanh lý, Phiếu thu đóng hợp đồng, Biên bản chấm dứt thỏa thuận sử dụng TS và hoàn trả TS",Đóng HĐCC chủ động,DONG_HDCC_CD,2026-06-02
6065332317800173516092,PGD 5737 chưa tồn tại hoặc là PGD chỉ dùng cho mượn chứng từ,5737,Chứng từ Ngân hàng hàng ngày,"Mục đích vốn (nếu có phát sinh bản giấy), Xác nhận người thụ hưởng không có TKNH với (HĐ vay 100 triệu), Chứng từ thu nhập + Năng lực tài chính (khi CIMB yêu cầu)",Giải ngân CIMB,GIAI_NGAN_CIMB,2026-06-02
6062702244100173497150,PGD 5552 chưa tồn tại hoặc là PGD chỉ dùng cho mượn chứng từ,5552,Chứng từ Ngân hàng hàng ngày,"Mục đích vốn (nếu có phát sinh bản giấy), Xác nhận người thụ hưởng không có TKNH với (HĐ vay 100 triệu), Chứng từ thu nhập + Năng lực tài chính (khi CIMB yêu cầu)",Giải ngân CIMB,GIAI_NGAN_CIMB,2026-06-02
6042967894500173492981,PGD 8631 chưa tồn tại hoặc là PGD chỉ dùng cho mượn chứng từ,8631,Chứng từ Vận hành hàng ngày,Phiếu thu đóng hợp đồng,Đóng hợp đồng chủ động,DONG_HD_CD,2026-06-02
6042717110273514643,PGD 5132 chưa tồn tại hoặc là PGD chỉ dùng cho mượn chứng từ,5132,Chứng từ Vận hành hàng ngày,"Giấy đề nghị, Phiếu chi giải ngân",Đóng HĐCC chủ động,DONG_HDCC_CD,2026-06-02
6062076059700173499867,PGD 8631 chưa tồn tại hoặc là PGD chỉ dùng cho mượn chứng từ,8631,Chứng từ Ngân hàng hàng ngày,"Mục đích vốn (nếu có phát sinh bản giấy), Xác nhận người thụ hưởng không có TKNH với (HĐ vay 100 triệu), Chứng từ thu nhập + Năng lực tài chính (khi CIMB yêu cầu)",Giải ngân CIMB,GIAI_NGAN_CIMB,2026-06-02
6052379569973500472,Không map được loại chứng từ: HĐ ký gửi tài sản,5501,Chứng từ Vận hành hàng ngày,HĐ ký gửi tài sản,Đóng HĐCC chủ động,DONG_HDCC_CD,2026-06-02
6067348445200173502352,PGD 8631 chưa tồn tại hoặc là PGD chỉ dùng cho mượn chứng từ,8631,Chứng từ Ngân hàng hàng ngày,"Mục đích vốn (nếu có phát sinh bản giấy), Xác nhận người thụ hưởng không có TKNH với (HĐ vay 100 triệu), Chứng từ thu nhập + Năng lực tài chính (khi CIMB yêu cầu)",Giải ngân CIMB,GIAI_NGAN_CIMB,2026-06-02
6045474697773515367,PGD 1286 chưa tồn tại hoặc là PGD chỉ dùng cho mượn chứng từ,1286,Chứng từ Vận hành hàng ngày,"Giấy đề nghị, Phiếu chi giải ngân, Ủy quyền epay",Đóng HĐCC chủ động,DONG_HDCC_CD,2026-06-02
6042967894573478674,PGD 8631 chưa tồn tại hoặc là PGD chỉ dùng cho mượn chứng từ,8631,Chứng từ Vận hành hàng ngày,"BB tất toán/thanh lý, Phiếu thu đóng hợp đồng, Biên bản chấm dứt thỏa thuận sử dụng TS và hoàn trả TS, Giấy đề nghị",Đóng HĐCC chủ động,DONG_HDCC_CD,2026-06-02
6028093000973512831,PGD 6731 chưa tồn tại hoặc là PGD chỉ dùng cho mượn chứng từ,6731,Chứng từ Vận hành hàng ngày,"Giấy đề nghị, Bản cam kết TS riêng",Đóng HĐCC chủ động,DONG_HDCC_CD,2026-06-02
6058266465500173500863,PGD 1278 chưa tồn tại hoặc là PGD chỉ dùng cho mượn chứng từ,1278,Chứng từ Vận hành hàng ngày,"Phiếu yêu cầu miễn giảm (nếu có), Phiếu yêu cầu miễn giảm (nếu có)",Miễn giảm đóng HĐ,MIEN_GIAM_DONG_HD,2026-06-02
6053658509373495136,PGD 1284 chưa tồn tại hoặc là PGD chỉ dùng cho mượn chứng từ,1284,Chứng từ Vận hành hàng ngày,"Giấy đề nghị, Phiếu chi giải ngân, Ủy quyền epay",Đóng HĐCC chủ động,DONG_HDCC_CD,2026-06-02
6069072802000173508663,PGD 4114 chưa tồn tại hoặc là PGD chỉ dùng cho mượn chứng từ,4114,Chứng từ Ngân hàng hàng ngày,"Mục đích vốn (nếu có phát sinh bản giấy), Xác nhận người thụ hưởng không có TKNH với (HĐ vay 100 triệu), Chứng từ thu nhập + Năng lực tài chính (khi CIMB yêu cầu)",Giải ngân CIMB,GIAI_NGAN_CIMB,2026-06-02
7345042073450420,PGD 6731 chưa tồn tại hoặc là PGD chỉ dùng cho mượn chứng từ,6731,Chứng từ Vận hành hàng ngày,"Phiếu chi, Biên lai / Phiếu yêu cầu dịch vụ/ Giấy nộp tiền (theo từng đơn vị chuyển tiền)",Chuyển quỹ,,2026-06-02
6061691996700173495498,PGD 5552 chưa tồn tại hoặc là PGD chỉ dùng cho mượn chứng từ,5552,Chứng từ Ngân hàng hàng ngày,"Mục đích vốn (nếu có phát sinh bản giấy), Xác nhận người thụ hưởng không có TKNH với (HĐ vay 100 triệu), Chứng từ thu nhập + Năng lực tài chính (khi CIMB yêu cầu)",Giải ngân CIMB,GIAI_NGAN_CIMB,2026-06-02
6031741360600173496406,Không map được loại chứng từ: Giấy đề nghị tái tục giấy nhận nợ,9201,Chứng từ Vận hành hàng ngày,Giấy đề nghị tái tục giấy nhận nợ,Đáo hạn,DONG_HD_DH,2026-06-02
7344242473442424,PGD 1278 chưa tồn tại hoặc là PGD chỉ dùng cho mượn chứng từ,1278,Chứng từ Vận hành hàng ngày,Phiếu thu,Nhận quỹ,,2026-06-02
6065348232900173495380,PGD 5132 chưa tồn tại hoặc là PGD chỉ dùng cho mượn chứng từ,5132,Chứng từ Ngân hàng hàng ngày,"Mục đích vốn (nếu có phát sinh bản giấy), Xác nhận người thụ hưởng không có TKNH với (HĐ vay 100 triệu), Chứng từ thu nhập + Năng lực tài chính (khi CIMB yêu cầu)",Giải ngân CIMB,GIAI_NGAN_CIMB,2026-06-02
7344620073446200,PGD 1278 chưa tồn tại hoặc là PGD chỉ dùng cho mượn chứng từ,1278,Chứng từ Vận hành hàng ngày,"Phiếu chi, Biên lai / Phiếu yêu cầu dịch vụ/ Giấy nộp tiền (theo từng đơn vị chuyển tiền)",Chuyển quỹ,,2026-06-02
7344777773447777,PGD 2311 chưa tồn tại hoặc là PGD chỉ dùng cho mượn chứng từ,2311,Chứng từ Vận hành hàng ngày,"Phiếu chi, Hóa đơn (nếu có)",Điện,,2026-06-02
7344564973445649,PGD 1284 chưa tồn tại hoặc là PGD chỉ dùng cho mượn chứng từ,1284,Chứng từ Vận hành hàng ngày,"Phiếu chi, Biên lai / Phiếu yêu cầu dịch vụ/ Giấy nộp tiền (theo từng đơn vị chuyển tiền)",Chuyển quỹ,,2026-06-02
6051622499800273490841,PGD 5552 chưa tồn tại hoặc là PGD chỉ dùng cho mượn chứng từ,5552,Chứng từ Ngân hàng hàng ngày,"Mục đích vốn (nếu có phát sinh bản giấy), Xác nhận người thụ hưởng không có TKNH với (HĐ vay 100 triệu), Chứng từ thu nhập + Năng lực tài chính (khi CIMB yêu cầu)",Giải ngân CIMB,GIAI_NGAN_CIMB,2026-06-02
7344603973446039,PGD 5435 chưa tồn tại hoặc là PGD chỉ dùng cho mượn chứng từ,5435,Chứng từ Vận hành hàng ngày,"Phiếu chi, Biên lai / Phiếu yêu cầu dịch vụ/ Giấy nộp tiền (theo từng đơn vị chuyển tiền)",Chuyển quỹ,,2026-06-02
7344888473448884,PGD 8244 chưa tồn tại hoặc là PGD chỉ dùng cho mượn chứng từ,8244,Chứng từ Vận hành hàng ngày,"Phiếu chi, Biên lai / Phiếu yêu cầu dịch vụ/ Giấy nộp tiền (theo từng đơn vị chuyển tiền)",Chuyển quỹ,,2026-06-02
6053658509373495158,PGD 1284 chưa tồn tại hoặc là PGD chỉ dùng cho mượn chứng từ,1284,Chứng từ Vận hành hàng ngày,Giấy đề nghị,Đóng HĐCC chủ động,DONG_HDCC_CD,2026-06-02
7344065673440656,PGD 9322 chưa tồn tại hoặc là PGD chỉ dùng cho mượn chứng từ,9322,Chứng từ Vận hành hàng ngày,"Phiếu chi, Biên lai / Phiếu yêu cầu dịch vụ/ Giấy nộp tiền (theo từng đơn vị chuyển tiền)",Chuyển quỹ,,2026-06-02
7344132473441324,PGD 8245 chưa tồn tại hoặc là PGD chỉ dùng cho mượn chứng từ,8245,Chứng từ Vận hành hàng ngày,Phiếu thu,Nhận quỹ,,2026-06-02
7344665473446654,PGD 8245 chưa tồn tại hoặc là PGD chỉ dùng cho mượn chứng từ,8245,Chứng từ Vận hành hàng ngày,"Phiếu chi, Biên lai / Phiếu yêu cầu dịch vụ/ Giấy nộp tiền (theo từng đơn vị chuyển tiền)",Chuyển quỹ,,2026-06-02
6060918340400173496765,PGD 8516 chưa tồn tại hoặc là PGD chỉ dùng cho mượn chứng từ,8516,Chứng từ Ngân hàng hàng ngày,"Mục đích vốn (nếu có phát sinh bản giấy), Xác nhận người thụ hưởng không có TKNH với (HĐ vay 100 triệu), Chứng từ thu nhập + Năng lực tài chính (khi CIMB yêu cầu)",Giải ngân CIMB,GIAI_NGAN_CIMB,2026-06-02
7344521773445217,PGD 6219 chưa tồn tại hoặc là PGD chỉ dùng cho mượn chứng từ,6219,Chứng từ Vận hành hàng ngày,Phiếu thu,Nhận quỹ,,2026-06-02
6063284967500173514810,PGD 7827 chưa tồn tại hoặc là PGD chỉ dùng cho mượn chứng từ,7827,Chứng từ Ngân hàng hàng ngày,"Mục đích vốn (nếu có phát sinh bản giấy), Xác nhận người thụ hưởng không có TKNH với (HĐ vay 100 triệu), Chứng từ thu nhập + Năng lực tài chính (khi CIMB yêu cầu)",Giải ngân CIMB,GIAI_NGAN_CIMB,2026-06-02
6061155522600173508264,PGD 8136 chưa tồn tại hoặc là PGD chỉ dùng cho mượn chứng từ,8136,Chứng từ Ngân hàng hàng ngày,"Mục đích vốn (nếu có phát sinh bản giấy), Xác nhận người thụ hưởng không có TKNH với (HĐ vay 100 triệu), Chứng từ thu nhập + Năng lực tài chính (khi CIMB yêu cầu)",Giải ngân CIMB,GIAI_NGAN_CIMB,2026-06-02
6059490861673474542,PGD 8631 chưa tồn tại hoặc là PGD chỉ dùng cho mượn chứng từ,8631,Chứng từ Vận hành hàng ngày,"BB tất toán/thanh lý, Phiếu thu đóng hợp đồng, Biên bản chấm dứt thỏa thuận sử dụng TS và hoàn trả TS, Giấy đề nghị",Đóng HĐCC chủ động,DONG_HDCC_CD,2026-06-02
5104222546573475695,Không map được loại chứng từ: HĐ ký gửi tài sản,3102,Chứng từ Vận hành hàng ngày,HĐ ký gửi tài sản,Đóng HĐCC chủ động,DONG_HDCC_CD,2026-06-02
6061369296100173500171,PGD 2303 chưa tồn tại hoặc là PGD chỉ dùng cho mượn chứng từ,2303,Chứng từ Ngân hàng hàng ngày,"Mục đích vốn (nếu có phát sinh bản giấy), Xác nhận người thụ hưởng không có TKNH với (HĐ vay 100 triệu), Chứng từ thu nhập + Năng lực tài chính (khi CIMB yêu cầu)",Giải ngân CIMB,GIAI_NGAN_CIMB,2026-06-02
6064479633500173507810,PGD 8516 chưa tồn tại hoặc là PGD chỉ dùng cho mượn chứng từ,8516,Chứng từ Ngân hàng hàng ngày,"Mục đích vốn (nếu có phát sinh bản giấy), Xác nhận người thụ hưởng không có TKNH với (HĐ vay 100 triệu), Chứng từ thu nhập + Năng lực tài chính (khi CIMB yêu cầu)",Giải ngân CIMB,GIAI_NGAN_CIMB,2026-06-02
6066639014600173509478,PGD 9322 chưa tồn tại hoặc là PGD chỉ dùng cho mượn chứng từ,9322,Chứng từ Ngân hàng hàng ngày,"Mục đích vốn (nếu có phát sinh bản giấy), Xác nhận người thụ hưởng không có TKNH với (HĐ vay 100 triệu), Chứng từ thu nhập + Năng lực tài chính (khi CIMB yêu cầu)",Giải ngân CIMB,GIAI_NGAN_CIMB,2026-06-02
7344881673448816,PGD 8244 chưa tồn tại hoặc là PGD chỉ dùng cho mượn chứng từ,8244,Chứng từ Vận hành hàng ngày,"Phiếu chi, Biên lai / Phiếu yêu cầu dịch vụ/ Giấy nộp tiền (theo từng đơn vị chuyển tiền)",Chuyển quỹ,,2026-06-02
7344409873444098,PGD 9221 chưa tồn tại hoặc là PGD chỉ dùng cho mượn chứng từ,9221,Chứng từ Vận hành hàng ngày,"Phiếu chi, Biên lai / Phiếu yêu cầu dịch vụ/ Giấy nộp tiền (theo từng đơn vị chuyển tiền)",Chuyển quỹ,,2026-06-02
7344473073444730,PGD 5552 chưa tồn tại hoặc là PGD chỉ dùng cho mượn chứng từ,5552,Chứng từ Vận hành hàng ngày,"Phiếu chi, Hóa đơn (nếu có)",Điện,,2026-06-02
6056314234373479745,PGD 9322 chưa tồn tại hoặc là PGD chỉ dùng cho mượn chứng từ,9322,Chứng từ Vận hành hàng ngày,"Giấy đề nghị, Phiếu chi giải ngân",Đóng HĐCC chủ động,DONG_HDCC_CD,2026-06-02
6060670932400173505496,PGD 7827 chưa tồn tại hoặc là PGD chỉ dùng cho mượn chứng từ,7827,Chứng từ Ngân hàng hàng ngày,"Mục đích vốn (nếu có phát sinh bản giấy), Xác nhận người thụ hưởng không có TKNH với (HĐ vay 100 triệu), Chứng từ thu nhập + Năng lực tài chính (khi CIMB yêu cầu)",Giải ngân CIMB,GIAI_NGAN_CIMB,2026-06-02
5104222546573475705,Không map được loại chứng từ: HĐ ký gửi tài sản,3102,Chứng từ Vận hành hàng ngày,HĐ ký gửi tài sản,Đóng HĐCC chủ động,DONG_HDCC_CD,2026-06-02
5125579190573510873,Trùng parent_document_code trong nguồn Oracle,5229,Chứng từ Vận hành hàng ngày,"BB tất toán/thanh lý, Phiếu thu đóng hợp đồng, Biên bản chấm dứt thỏa thuận sử dụng TS và hoàn trả TS",Đóng HĐCC chủ động,DONG_HDCC_CD,2026-06-02
7343636373436363,PGD 2311 chưa tồn tại hoặc là PGD chỉ dùng cho mượn chứng từ,2311,Chứng từ Vận hành hàng ngày,Phiếu chi,Rút tiền dư từ CIF,RUT_TIEN_DU_KH,2026-06-02
6068805878700173496876,PGD 6219 chưa tồn tại hoặc là PGD chỉ dùng cho mượn chứng từ,6219,Chứng từ Ngân hàng hàng ngày,"Mục đích vốn (nếu có phát sinh bản giấy), Xác nhận người thụ hưởng không có TKNH với (HĐ vay 100 triệu), Chứng từ thu nhập + Năng lực tài chính (khi CIMB yêu cầu)",Giải ngân CIMB,GIAI_NGAN_CIMB,2026-06-02
6066941713500173500165,PGD 1283 chưa tồn tại hoặc là PGD chỉ dùng cho mượn chứng từ,1283,Chứng từ Ngân hàng hàng ngày,"Mục đích vốn (nếu có phát sinh bản giấy), Xác nhận người thụ hưởng không có TKNH với (HĐ vay 100 triệu), Chứng từ thu nhập + Năng lực tài chính (khi CIMB yêu cầu)",Giải ngân CIMB,GIAI_NGAN_CIMB,2026-06-02
6061731325200173494362,PGD 9322 chưa tồn tại hoặc là PGD chỉ dùng cho mượn chứng từ,9322,Chứng từ Ngân hàng hàng ngày,"Mục đích vốn (nếu có phát sinh bản giấy), Xác nhận người thụ hưởng không có TKNH với (HĐ vay 100 triệu), Chứng từ thu nhập + Năng lực tài chính (khi CIMB yêu cầu)",Giải ngân CIMB,GIAI_NGAN_CIMB,2026-06-02
7343987373439873,PGD 9322 chưa tồn tại hoặc là PGD chỉ dùng cho mượn chứng từ,9322,Chứng từ Vận hành hàng ngày,"Phiếu chi, Biên lai / Phiếu yêu cầu dịch vụ/ Giấy nộp tiền (theo từng đơn vị chuyển tiền)",Chuyển quỹ,,2026-06-02
7344109773441097,PGD 8245 chưa tồn tại hoặc là PGD chỉ dùng cho mượn chứng từ,8245,Chứng từ Vận hành hàng ngày,"Phiếu chi, Biên lai / Phiếu yêu cầu dịch vụ/ Giấy nộp tiền (theo từng đơn vị chuyển tiền)",Chuyển quỹ,,2026-06-02
6034545696873485904,PGD 6731 chưa tồn tại hoặc là PGD chỉ dùng cho mượn chứng từ,6731,Chứng từ Vận hành hàng ngày,"Giấy đề nghị, Phiếu chi giải ngân, Ủy quyền epay",Đóng HĐCC chủ động,DONG_HDCC_CD,2026-06-02
6060940742900173504830,PGD 7437 chưa tồn tại hoặc là PGD chỉ dùng cho mượn chứng từ,7437,Chứng từ Ngân hàng hàng ngày,"Mục đích vốn (nếu có phát sinh bản giấy), Xác nhận người thụ hưởng không có TKNH với (HĐ vay 100 triệu), Chứng từ thu nhập + Năng lực tài chính (khi CIMB yêu cầu)",Giải ngân CIMB,GIAI_NGAN_CIMB,2026-06-02
6028093000973512811,PGD 6731 chưa tồn tại hoặc là PGD chỉ dùng cho mượn chứng từ,6731,Chứng từ Vận hành hàng ngày,"Giấy đề nghị, Bản cam kết TS riêng, Phiếu chi giải ngân, Ủy quyền epay, HĐUQ bản F88 in",Đóng HĐCC chủ động,DONG_HDCC_CD,2026-06-02
5093785946473495936,Trùng parent_document_code trong nguồn Oracle,9116,Chứng từ Vận hành hàng ngày,"BB tất toán/thanh lý, Phiếu thu đóng hợp đồng, Biên bản chấm dứt thỏa thuận sử dụng TS và hoàn trả TS",Đóng HĐCC nợ xấu chủ động,DONG_HDCC_CDNX,2026-06-02
6059490861673474536,Trùng parent_document_code trong nguồn Oracle,8631,Chứng từ Vận hành hàng ngày,"Giấy đề nghị, Phiếu chi giải ngân, Ủy quyền epay",Đóng HĐCC chủ động,DONG_HDCC_CD,2026-06-02
6066152934300173495277,PGD 5132 chưa tồn tại hoặc là PGD chỉ dùng cho mượn chứng từ,5132,Chứng từ Ngân hàng hàng ngày,"Mục đích vốn (nếu có phát sinh bản giấy), Xác nhận người thụ hưởng không có TKNH với (HĐ vay 100 triệu), Chứng từ thu nhập + Năng lực tài chính (khi CIMB yêu cầu)",Giải ngân CIMB,GIAI_NGAN_CIMB,2026-06-02
5039816872773503531,Không map được loại chứng từ: HĐ ký gửi tài sản,2047,Chứng từ Vận hành hàng ngày,HĐ ký gửi tài sản,Đóng HĐCC chủ động,DONG_HDCC_CD,2026-06-02
6028093000900173512444,PGD 6731 chưa tồn tại hoặc là PGD chỉ dùng cho mượn chứng từ,6731,Chứng từ Vận hành hàng ngày,"Phiếu yêu cầu miễn giảm (nếu có), Phiếu yêu cầu miễn giảm (nếu có)",Miễn giảm đóng HĐ,MIEN_GIAM_DONG_HD,2026-06-02
6050315469100173500880,PGD 1278 chưa tồn tại hoặc là PGD chỉ dùng cho mượn chứng từ,1278,Chứng từ Vận hành hàng ngày,"Phiếu yêu cầu miễn giảm (nếu có), Phiếu yêu cầu miễn giảm (nếu có)",Miễn giảm đóng HĐ,MIEN_GIAM_DONG_HD,2026-06-02
6042967894573478663,PGD 8631 chưa tồn tại hoặc là PGD chỉ dùng cho mượn chứng từ,8631,Chứng từ Vận hành hàng ngày,"Giấy đề nghị, Phiếu chi giải ngân, Ủy quyền epay",Đóng HĐCC chủ động,DONG_HDCC_CD,2026-06-02
6060118888100173514615,PGD 6731 chưa tồn tại hoặc là PGD chỉ dùng cho mượn chứng từ,6731,Chứng từ Ngân hàng hàng ngày,"Mục đích vốn (nếu có phát sinh bản giấy), Xác nhận người thụ hưởng không có TKNH với (HĐ vay 100 triệu), Chứng từ thu nhập + Năng lực tài chính (khi CIMB yêu cầu)",Giải ngân CIMB,GIAI_NGAN_CIMB,2026-06-02
7343987473439874,PGD 9322 chưa tồn tại hoặc là PGD chỉ dùng cho mượn chứng từ,9322,Chứng từ Vận hành hàng ngày,"Phiếu chi, Biên lai / Phiếu yêu cầu dịch vụ/ Giấy nộp tiền (theo từng đơn vị chuyển tiền)",Chuyển quỹ,,2026-06-02
7344070673440706,PGD 2307 chưa tồn tại hoặc là PGD chỉ dùng cho mượn chứng từ,2307,Chứng từ Vận hành hàng ngày,"Phiếu chi, Biên lai / Phiếu yêu cầu dịch vụ/ Giấy nộp tiền (theo từng đơn vị chuyển tiền)",Chuyển quỹ,,2026-06-02
6040195998173480833,PGD 5132 chưa tồn tại hoặc là PGD chỉ dùng cho mượn chứng từ,5132,Chứng từ Vận hành hàng ngày,"Giấy đề nghị, Phiếu chi giải ngân",Đóng HĐCC chủ động,DONG_HDCC_CD,2026-06-02
6062238494700173514473,PGD 2304 chưa tồn tại hoặc là PGD chỉ dùng cho mượn chứng từ,2304,Chứng từ Ngân hàng hàng ngày,"Mục đích vốn (nếu có phát sinh bản giấy), Xác nhận người thụ hưởng không có TKNH với (HĐ vay 100 triệu), Chứng từ thu nhập + Năng lực tài chính (khi CIMB yêu cầu)",Giải ngân CIMB,GIAI_NGAN_CIMB,2026-06-02
6059347170373514677,PGD 7767 chưa tồn tại hoặc là PGD chỉ dùng cho mượn chứng từ,7767,Chứng từ Vận hành hàng ngày,"Giấy đề nghị, Phiếu chi giải ngân, Ủy quyền epay",Đóng HĐCC chủ động,DONG_HDCC_CD,2026-06-02
6067320031400173516546,Không map được loại chứng từ: Mục đích sử dụng vốn cho khoản vay trên 100 triệu (MB yêu cầu),9134,Chứng từ Ngân hàng hàng ngày,Mục đích sử dụng vốn cho khoản vay trên 100 triệu (MB yêu cầu),Giải ngân MB,GIAI_NGAN_MB,2026-06-02
6034545696873485915,PGD 6731 chưa tồn tại hoặc là PGD chỉ dùng cho mượn chứng từ,6731,Chứng từ Vận hành hàng ngày,Giấy đề nghị,Đóng HĐCC chủ động,DONG_HDCC_CD,2026-06-02
6067813144800173515311,PGD 2307 chưa tồn tại hoặc là PGD chỉ dùng cho mượn chứng từ,2307,Chứng từ Ngân hàng hàng ngày,"Mục đích vốn (nếu có phát sinh bản giấy), Xác nhận người thụ hưởng không có TKNH với (HĐ vay 100 triệu), Chứng từ thu nhập + Năng lực tài chính (khi CIMB yêu cầu)",Giải ngân CIMB,GIAI_NGAN_CIMB,2026-06-02
5030695476873495323,Trùng parent_document_code trong nguồn Oracle,8602,Chứng từ Vận hành hàng ngày,"BB tất toán/thanh lý, Phiếu thu đóng hợp đồng, Biên bản chấm dứt thỏa thuận sử dụng TS và hoàn trả TS",Đóng HĐCC chủ động,DONG_HDCC_CD,2026-06-02
3125235260200473515675,Không map được loại chứng từ: Giấy đề nghị tái tục giấy nhận nợ,9201,Chứng từ Vận hành hàng ngày,Giấy đề nghị tái tục giấy nhận nợ,Đáo hạn,DONG_HD_DH,2026-06-02
5102617860273496693,Trùng parent_document_code trong nguồn Oracle,8622,Chứng từ Vận hành hàng ngày,"BB tất toán/thanh lý, Phiếu thu đóng hợp đồng, Biên bản chấm dứt thỏa thuận sử dụng TS và hoàn trả TS",Đóng HĐCC chủ động,DONG_HDCC_CD,2026-06-02
5039816872773503557,Không map được loại chứng từ: HĐ ký gửi tài sản,2047,Chứng từ Vận hành hàng ngày,HĐ ký gửi tài sản,Đóng HĐCC chủ động,DONG_HDCC_CD,2026-06-02
6064118546900173500648,PGD 2310 chưa tồn tại hoặc là PGD chỉ dùng cho mượn chứng từ,2310,Chứng từ Ngân hàng hàng ngày,"Mục đích vốn (nếu có phát sinh bản giấy), Xác nhận người thụ hưởng không có TKNH với (HĐ vay 100 triệu), Chứng từ thu nhập + Năng lực tài chính (khi CIMB yêu cầu)",Giải ngân CIMB,GIAI_NGAN_CIMB,2026-06-02
7345034173450341,PGD 6219 chưa tồn tại hoặc là PGD chỉ dùng cho mượn chứng từ,6219,Chứng từ Vận hành hàng ngày,"Phiếu chi, Biên lai / Phiếu yêu cầu dịch vụ/ Giấy nộp tiền (theo từng đơn vị chuyển tiền)",Chuyển quỹ,,2026-06-02
4113005803473513351,Không map được loại chứng từ: HĐ ký gửi tài sản,6703,Chứng từ Vận hành hàng ngày,HĐ ký gửi tài sản,Đóng HĐCC nợ xấu chủ động,DONG_HDCC_CDNX,2026-06-02
6041756534673495010,Trùng parent_document_code trong nguồn Oracle,8601,Chứng từ Vận hành hàng ngày,"Giấy đề nghị, Phiếu chi giải ngân, Ủy quyền epay",Đóng HĐCC chủ động,DONG_HDCC_CD,2026-06-02
6061472001800173497151,PGD 5132 chưa tồn tại hoặc là PGD chỉ dùng cho mượn chứng từ,5132,Chứng từ Ngân hàng hàng ngày,"Mục đích vốn (nếu có phát sinh bản giấy), Xác nhận người thụ hưởng không có TKNH với (HĐ vay 100 triệu), Chứng từ thu nhập + Năng lực tài chính (khi CIMB yêu cầu)",Giải ngân CIMB,GIAI_NGAN_CIMB,2026-06-02
6046760732973588257,Không map được loại chứng từ: HĐ ký gửi tài sản,5502,Chứng từ Vận hành hàng ngày,HĐ ký gửi tài sản,Đóng HĐCC chủ động,DONG_HDCC_CD,2026-06-03
5089894970073592012,Trùng parent_document_code trong nguồn Oracle,8514,Chứng từ Vận hành hàng ngày,"Giấy đề nghị, Phiếu chi giải ngân",Đóng HĐCC chủ động,DONG_HDCC_CD,2026-06-03
7355090573550905,PGD 1287 chưa tồn tại hoặc là PGD chỉ dùng cho mượn chứng từ,1287,Chứng từ Vận hành hàng ngày,"Phiếu chi, Biên lai / Phiếu yêu cầu dịch vụ/ Giấy nộp tiền (theo từng đơn vị chuyển tiền)",Chuyển quỹ,,2026-06-03
6046157573573587233,PGD 5244 chưa tồn tại hoặc là PGD chỉ dùng cho mượn chứng từ,5244,Chứng từ Vận hành hàng ngày,"Giấy đề nghị, Phiếu chi giải ngân, Ủy quyền epay",Đóng HĐCC chủ động,DONG_HDCC_CD,2026-06-03
6060325086900173629343,PGD 5435 chưa tồn tại hoặc là PGD chỉ dùng cho mượn chứng từ,5435,Chứng từ Ngân hàng hàng ngày,"Mục đích vốn (nếu có phát sinh bản giấy), Xác nhận người thụ hưởng không có TKNH với (HĐ vay 100 triệu), Chứng từ thu nhập + Năng lực tài chính (khi CIMB yêu cầu)",Giải ngân CIMB,GIAI_NGAN_CIMB,2026-06-03
6066188283600173627054,PGD 5243 chưa tồn tại hoặc là PGD chỉ dùng cho mượn chứng từ,5243,Chứng từ Ngân hàng hàng ngày,"Mục đích vốn (nếu có phát sinh bản giấy), Xác nhận người thụ hưởng không có TKNH với (HĐ vay 100 triệu), Chứng từ thu nhập + Năng lực tài chính (khi CIMB yêu cầu)",Giải ngân CIMB,GIAI_NGAN_CIMB,2026-06-03
6060988326400173619068,PGD 2311 chưa tồn tại hoặc là PGD chỉ dùng cho mượn chứng từ,2311,Chứng từ Ngân hàng hàng ngày,"Mục đích vốn (nếu có phát sinh bản giấy), Xác nhận người thụ hưởng không có TKNH với (HĐ vay 100 triệu), Chứng từ thu nhập + Năng lực tài chính (khi CIMB yêu cầu)",Giải ngân CIMB,GIAI_NGAN_CIMB,2026-06-03
5086483152073572187,Trùng parent_document_code trong nguồn Oracle,7709,Chứng từ Vận hành hàng ngày,"BB tất toán/thanh lý, Phiếu thu đóng hợp đồng, Biên bản chấm dứt thỏa thuận sử dụng TS và hoàn trả TS",Đóng HĐCC chủ động,DONG_HDCC_CD,2026-06-03
5095431442173569977,Trùng parent_document_code trong nguồn Oracle,2285,Chứng từ Vận hành hàng ngày,"Giấy đề nghị, Phiếu chi giải ngân, Ủy quyền epay",Đóng HĐCC chủ động,DONG_HDCC_CD,2026-06-03
6058564072773575320,PGD 8135 chưa tồn tại hoặc là PGD chỉ dùng cho mượn chứng từ,8135,Chứng từ Vận hành hàng ngày,Giấy đề nghị,Đóng HĐCC chủ động,DONG_HDCC_CD,2026-06-03
6042413732073576563,Không map được loại chứng từ: HĐ ký gửi tài sản,7403,Chứng từ Vận hành hàng ngày,HĐ ký gửi tài sản,Đóng HĐCC chủ động,DONG_HDCC_CD,2026-06-03
6059635801973573325,PGD 9322 chưa tồn tại hoặc là PGD chỉ dùng cho mượn chứng từ,9322,Chứng từ Vận hành hàng ngày,"Giấy đề nghị, Phiếu chi giải ngân",Đóng HĐCC chủ động,DONG_HDCC_CD,2026-06-03
6067582264300173631042,PGD 2302 chưa tồn tại hoặc là PGD chỉ dùng cho mượn chứng từ,2302,Chứng từ Ngân hàng hàng ngày,"Mục đích vốn (nếu có phát sinh bản giấy), Xác nhận người thụ hưởng không có TKNH với (HĐ vay 100 triệu), Chứng từ thu nhập + Năng lực tài chính (khi CIMB yêu cầu)",Giải ngân CIMB,GIAI_NGAN_CIMB,2026-06-03
5019797617473578861,Trùng parent_document_code trong nguồn Oracle,7757,Chứng từ Vận hành hàng ngày,"Giấy đề nghị, Phiếu chi giải ngân, Ủy quyền epay",Đóng HĐCC nợ xấu chủ động,DONG_HDCC_CDNX,2026-06-03
6061673302400173625238,PGD 8135 chưa tồn tại hoặc là PGD chỉ dùng cho mượn chứng từ,8135,Chứng từ Ngân hàng hàng ngày,"Mục đích vốn (nếu có phát sinh bản giấy), Xác nhận người thụ hưởng không có TKNH với (HĐ vay 100 triệu), Chứng từ thu nhập + Năng lực tài chính (khi CIMB yêu cầu)",Giải ngân CIMB,GIAI_NGAN_CIMB,2026-06-03
6065007070800173625828,PGD 7827 chưa tồn tại hoặc là PGD chỉ dùng cho mượn chứng từ,7827,Chứng từ Ngân hàng hàng ngày,"Mục đích vốn (nếu có phát sinh bản giấy), Xác nhận người thụ hưởng không có TKNH với (HĐ vay 100 triệu), Chứng từ thu nhập + Năng lực tài chính (khi CIMB yêu cầu)",Giải ngân CIMB,GIAI_NGAN_CIMB,2026-06-03
7354775873547758,PGD 5243 chưa tồn tại hoặc là PGD chỉ dùng cho mượn chứng từ,5243,Chứng từ Vận hành hàng ngày,"Phiếu chi, Biên lai / Phiếu yêu cầu dịch vụ/ Giấy nộp tiền (theo từng đơn vị chuyển tiền)",Chuyển quỹ,,2026-06-03
7353716273537162,PGD 8245 chưa tồn tại hoặc là PGD chỉ dùng cho mượn chứng từ,8245,Chứng từ Vận hành hàng ngày,Phiếu chi,Rút tiền dư từ CIF,RUT_TIEN_DU_KH,2026-06-03
6064657201400173621471,Không map được loại chứng từ: Mục đích sử dụng vốn cho khoản vay trên 100 triệu (MB yêu cầu),2040,Chứng từ Ngân hàng hàng ngày,Mục đích sử dụng vốn cho khoản vay trên 100 triệu (MB yêu cầu),Giải ngân MB,GIAI_NGAN_MB,2026-06-03
3127595670073583898,Trùng parent_document_code trong nguồn Oracle,4727,Chứng từ Vận hành hàng ngày,"Giấy đề nghị, Phiếu chi giải ngân",Đóng HĐCC nợ xấu chủ động,DONG_HDCC_CDNX,2026-06-03
7355165073551650,PGD 8245 chưa tồn tại hoặc là PGD chỉ dùng cho mượn chứng từ,8245,Chứng từ Vận hành hàng ngày,"Phiếu chi, Biên lai / Phiếu yêu cầu dịch vụ/ Giấy nộp tiền (theo từng đơn vị chuyển tiền)",Chuyển quỹ,,2026-06-03
7354632873546328,PGD 5132 chưa tồn tại hoặc là PGD chỉ dùng cho mượn chứng từ,5132,Chứng từ Vận hành hàng ngày,"Phiếu chi, Biên lai / Phiếu yêu cầu dịch vụ/ Giấy nộp tiền (theo từng đơn vị chuyển tiền)",Chuyển quỹ,,2026-06-03
5095979520973564990,Không map được loại chứng từ: HĐ ký gửi tài sản,5411,Chứng từ Vận hành hàng ngày,HĐ ký gửi tài sản,Đóng HĐCC chủ động,DONG_HDCC_CD,2026-06-03
6048272119500173628981,PGD 2304 chưa tồn tại hoặc là PGD chỉ dùng cho mượn chứng từ,2304,Chứng từ Vận hành hàng ngày,Phiếu thu đóng hợp đồng,Đóng hợp đồng chủ động,DONG_HD_CD,2026-06-03
6062403283400173617692,PGD 2305 chưa tồn tại hoặc là PGD chỉ dùng cho mượn chứng từ,2305,Chứng từ Ngân hàng hàng ngày,"Mục đích vốn (nếu có phát sinh bản giấy), Xác nhận người thụ hưởng không có TKNH với (HĐ vay 100 triệu), Chứng từ thu nhập + Năng lực tài chính (khi CIMB yêu cầu)",Giải ngân CIMB,GIAI_NGAN_CIMB,2026-06-03
7354682373546823,PGD 1286 chưa tồn tại hoặc là PGD chỉ dùng cho mượn chứng từ,1286,Chứng từ Vận hành hàng ngày,"Phiếu chi, Biên lai / Phiếu yêu cầu dịch vụ/ Giấy nộp tiền (theo từng đơn vị chuyển tiền)",Chuyển quỹ,,2026-06-03
7354005873540058,PGD 2302 chưa tồn tại hoặc là PGD chỉ dùng cho mượn chứng từ,2302,Chứng từ Vận hành hàng ngày,"Phiếu chi, Biên lai / Phiếu yêu cầu dịch vụ/ Giấy nộp tiền (theo từng đơn vị chuyển tiền)",Chuyển quỹ,,2026-06-03
6060865166373573670,PGD 2308 chưa tồn tại hoặc là PGD chỉ dùng cho mượn chứng từ,2308,Chứng từ Vận hành hàng ngày,"BB tất toán/thanh lý, Phiếu thu đóng hợp đồng, Biên bản chấm dứt thỏa thuận sử dụng TS và hoàn trả TS, Giấy đề nghị",Đóng HĐCC chủ động,DONG_HDCC_CD,2026-06-03
6068306605600173630241,PGD 2308 chưa tồn tại hoặc là PGD chỉ dùng cho mượn chứng từ,2308,Chứng từ Ngân hàng hàng ngày,"Mục đích vốn (nếu có phát sinh bản giấy), Xác nhận người thụ hưởng không có TKNH với (HĐ vay 100 triệu), Chứng từ thu nhập + Năng lực tài chính (khi CIMB yêu cầu)",Giải ngân CIMB,GIAI_NGAN_CIMB,2026-06-03
6068324002200173630257,PGD 5552 chưa tồn tại hoặc là PGD chỉ dùng cho mượn chứng từ,5552,Chứng từ Ngân hàng hàng ngày,"Mục đích vốn (nếu có phát sinh bản giấy), Xác nhận người thụ hưởng không có TKNH với (HĐ vay 100 triệu), Chứng từ thu nhập + Năng lực tài chính (khi CIMB yêu cầu)",Giải ngân CIMB,GIAI_NGAN_CIMB,2026-06-03
6060865166373573663,PGD 2308 chưa tồn tại hoặc là PGD chỉ dùng cho mượn chứng từ,2308,Chứng từ Vận hành hàng ngày,"Giấy đề nghị, Phiếu chi giải ngân, Ủy quyền epay",Đóng HĐCC chủ động,DONG_HDCC_CD,2026-06-03
6069627304200173622385,PGD 9322 chưa tồn tại hoặc là PGD chỉ dùng cho mượn chứng từ,9322,Chứng từ Ngân hàng hàng ngày,"Mục đích vốn (nếu có phát sinh bản giấy), Xác nhận người thụ hưởng không có TKNH với (HĐ vay 100 triệu), Chứng từ thu nhập + Năng lực tài chính (khi CIMB yêu cầu)",Giải ngân CIMB,GIAI_NGAN_CIMB,2026-06-03
6068435083900173623258,PGD 8631 chưa tồn tại hoặc là PGD chỉ dùng cho mượn chứng từ,8631,Chứng từ Ngân hàng hàng ngày,"Mục đích vốn (nếu có phát sinh bản giấy), Xác nhận người thụ hưởng không có TKNH với (HĐ vay 100 triệu), Chứng từ thu nhập + Năng lực tài chính (khi CIMB yêu cầu)",Giải ngân CIMB,GIAI_NGAN_CIMB,2026-06-03
7354214573542145,PGD 8135 chưa tồn tại hoặc là PGD chỉ dùng cho mượn chứng từ,8135,Chứng từ Vận hành hàng ngày,Phiếu chi,Tạm ứng cho nhân viên,,2026-06-03
7354601173546011,PGD 8136 chưa tồn tại hoặc là PGD chỉ dùng cho mượn chứng từ,8136,Chứng từ Vận hành hàng ngày,"Phiếu chi, Biên lai / Phiếu yêu cầu dịch vụ/ Giấy nộp tiền (theo từng đơn vị chuyển tiền)",Chuyển quỹ,,2026-06-03
6066720513000173624297,PGD 8631 chưa tồn tại hoặc là PGD chỉ dùng cho mượn chứng từ,8631,Chứng từ Ngân hàng hàng ngày,"Mục đích vốn (nếu có phát sinh bản giấy), Xác nhận người thụ hưởng không có TKNH với (HĐ vay 100 triệu), Chứng từ thu nhập + Năng lực tài chính (khi CIMB yêu cầu)",Giải ngân CIMB,GIAI_NGAN_CIMB,2026-06-03
6059110600673572980,PGD 5132 chưa tồn tại hoặc là PGD chỉ dùng cho mượn chứng từ,5132,Chứng từ Vận hành hàng ngày,"Giấy đề nghị, Phiếu chi giải ngân, Ủy quyền epay",Đóng HĐCC chủ động,DONG_HDCC_CD,2026-06-03
6058564072773575310,PGD 8135 chưa tồn tại hoặc là PGD chỉ dùng cho mượn chứng từ,8135,Chứng từ Vận hành hàng ngày,"Giấy đề nghị, Phiếu chi giải ngân, Ủy quyền epay",Đóng HĐCC chủ động,DONG_HDCC_CD,2026-06-03
6068163972700173625808,PGD 2302 chưa tồn tại hoặc là PGD chỉ dùng cho mượn chứng từ,2302,Chứng từ Ngân hàng hàng ngày,"Mục đích vốn (nếu có phát sinh bản giấy), Xác nhận người thụ hưởng không có TKNH với (HĐ vay 100 triệu), Chứng từ thu nhập + Năng lực tài chính (khi CIMB yêu cầu)",Giải ngân CIMB,GIAI_NGAN_CIMB,2026-06-03
7354981973549819,PGD 2305 chưa tồn tại hoặc là PGD chỉ dùng cho mượn chứng từ,2305,Chứng từ Vận hành hàng ngày,"Phiếu chi, Biên lai / Phiếu yêu cầu dịch vụ/ Giấy nộp tiền (theo từng đơn vị chuyển tiền)",Chuyển quỹ,,2026-06-03
5057795897473587857,Không map được loại chứng từ: HĐ ký gửi tài sản,8707,Chứng từ Vận hành hàng ngày,HĐ ký gửi tài sản,Đóng HĐCC chủ động,DONG_HDCC_CD,2026-06-03
6048272119573588400,PGD 2304 chưa tồn tại hoặc là PGD chỉ dùng cho mượn chứng từ,2304,Chứng từ Vận hành hàng ngày,"Giấy đề nghị, Bản cam kết TS riêng, Phiếu chi giải ngân, Ủy quyền epay, HĐUQ bản F88 in",Đóng HĐCC chủ động,DONG_HDCC_CD,2026-06-03
7354427073544270,PGD 2312 chưa tồn tại hoặc là PGD chỉ dùng cho mượn chứng từ,2312,Chứng từ Vận hành hàng ngày,Phiếu thu,Nhận quỹ,,2026-06-03
6042413732073576556,Không map được loại chứng từ: HĐ ký gửi tài sản,7403,Chứng từ Vận hành hàng ngày,HĐ ký gửi tài sản,Đóng HĐCC chủ động,DONG_HDCC_CD,2026-06-03
6061558729400173625388,PGD 8631 chưa tồn tại hoặc là PGD chỉ dùng cho mượn chứng từ,8631,Chứng từ Ngân hàng hàng ngày,"Mục đích vốn (nếu có phát sinh bản giấy), Xác nhận người thụ hưởng không có TKNH với (HĐ vay 100 triệu), Chứng từ thu nhập + Năng lực tài chính (khi CIMB yêu cầu)",Giải ngân CIMB,GIAI_NGAN_CIMB,2026-06-03
7355037173550371,PGD 2304 chưa tồn tại hoặc là PGD chỉ dùng cho mượn chứng từ,2304,Chứng từ Vận hành hàng ngày,"Phiếu chi, Biên lai / Phiếu yêu cầu dịch vụ/ Giấy nộp tiền (theo từng đơn vị chuyển tiền)",Chuyển quỹ,,2026-06-03
6069234796800173623613,PGD 8244 chưa tồn tại hoặc là PGD chỉ dùng cho mượn chứng từ,8244,Chứng từ Ngân hàng hàng ngày,"Mục đích vốn (nếu có phát sinh bản giấy), Xác nhận người thụ hưởng không có TKNH với (HĐ vay 100 triệu), Chứng từ thu nhập + Năng lực tài chính (khi CIMB yêu cầu)",Giải ngân CIMB,GIAI_NGAN_CIMB,2026-06-03
6046760732973588250,Không map được loại chứng từ: HĐ ký gửi tài sản,5502,Chứng từ Vận hành hàng ngày,HĐ ký gửi tài sản,Đóng HĐCC chủ động,DONG_HDCC_CD,2026-06-03
6060369092000173627138,PGD 2308 chưa tồn tại hoặc là PGD chỉ dùng cho mượn chứng từ,2308,Chứng từ Ngân hàng hàng ngày,"Mục đích vốn (nếu có phát sinh bản giấy), Xác nhận người thụ hưởng không có TKNH với (HĐ vay 100 triệu), Chứng từ thu nhập + Năng lực tài chính (khi CIMB yêu cầu)",Giải ngân CIMB,GIAI_NGAN_CIMB,2026-06-03
6060831781900173630363,PGD 2306 chưa tồn tại hoặc là PGD chỉ dùng cho mượn chứng từ,2306,Chứng từ Ngân hàng hàng ngày,"Mục đích vốn (nếu có phát sinh bản giấy), Xác nhận người thụ hưởng không có TKNH với (HĐ vay 100 triệu), Chứng từ thu nhập + Năng lực tài chính (khi CIMB yêu cầu)",Giải ngân CIMB,GIAI_NGAN_CIMB,2026-06-03
6068498727000173626909,PGD 8025 chưa tồn tại hoặc là PGD chỉ dùng cho mượn chứng từ,8025,Chứng từ Ngân hàng hàng ngày,"Mục đích vốn (nếu có phát sinh bản giấy), Xác nhận người thụ hưởng không có TKNH với (HĐ vay 100 triệu), Chứng từ thu nhập + Năng lực tài chính (khi CIMB yêu cầu)",Giải ngân CIMB,GIAI_NGAN_CIMB,2026-06-03
7354720873547208,PGD 2304 chưa tồn tại hoặc là PGD chỉ dùng cho mượn chứng từ,2304,Chứng từ Vận hành hàng ngày,"Phiếu chi, Biên lai / Phiếu yêu cầu dịch vụ/ Giấy nộp tiền (theo từng đơn vị chuyển tiền)",Chuyển quỹ,,2026-06-03
6045594575500373617185,PGD 1278 chưa tồn tại hoặc là PGD chỉ dùng cho mượn chứng từ,1278,Chứng từ Ngân hàng hàng ngày,"Mục đích vốn (nếu có phát sinh bản giấy), Xác nhận người thụ hưởng không có TKNH với (HĐ vay 100 triệu), Chứng từ thu nhập + Năng lực tài chính (khi CIMB yêu cầu)",Giải ngân CIMB,GIAI_NGAN_CIMB,2026-06-03
6065620148300173622092,PGD 2310 chưa tồn tại hoặc là PGD chỉ dùng cho mượn chứng từ,2310,Chứng từ Ngân hàng hàng ngày,"Mục đích vốn (nếu có phát sinh bản giấy), Xác nhận người thụ hưởng không có TKNH với (HĐ vay 100 triệu), Chứng từ thu nhập + Năng lực tài chính (khi CIMB yêu cầu)",Giải ngân CIMB,GIAI_NGAN_CIMB,2026-06-03
6063077492300173629606,PGD 2310 chưa tồn tại hoặc là PGD chỉ dùng cho mượn chứng từ,2310,Chứng từ Ngân hàng hàng ngày,"Mục đích vốn (nếu có phát sinh bản giấy), Xác nhận người thụ hưởng không có TKNH với (HĐ vay 100 triệu), Chứng từ thu nhập + Năng lực tài chính (khi CIMB yêu cầu)",Giải ngân CIMB,GIAI_NGAN_CIMB,2026-06-03
6046157573573587241,PGD 5244 chưa tồn tại hoặc là PGD chỉ dùng cho mượn chứng từ,5244,Chứng từ Vận hành hàng ngày,"BB tất toán/thanh lý, Phiếu thu đóng hợp đồng, Biên bản chấm dứt thỏa thuận sử dụng TS và hoàn trả TS, Giấy đề nghị",Đóng HĐCC chủ động,DONG_HDCC_CD,2026-06-03
6065576990973573135,PGD 9221 chưa tồn tại hoặc là PGD chỉ dùng cho mượn chứng từ,9221,Chứng từ Vận hành hàng ngày,Giấy đề nghị,Đóng HĐCC chủ động,DONG_HDCC_CD,2026-06-03
6054371243773575268,Trùng parent_document_code trong nguồn Oracle,8602,Chứng từ Vận hành hàng ngày,"BB tất toán/thanh lý, Phiếu thu đóng hợp đồng, Biên bản chấm dứt thỏa thuận sử dụng TS và hoàn trả TS",Đóng HĐCC chủ động,DONG_HDCC_CD,2026-06-03
6059110600673572988,PGD 5132 chưa tồn tại hoặc là PGD chỉ dùng cho mượn chứng từ,5132,Chứng từ Vận hành hàng ngày,Giấy đề nghị,Đóng HĐCC chủ động,DONG_HDCC_CD,2026-06-03
6048272119500173628979,PGD 2304 chưa tồn tại hoặc là PGD chỉ dùng cho mượn chứng từ,2304,Chứng từ Vận hành hàng ngày,"Phiếu yêu cầu miễn giảm (nếu có), Phiếu yêu cầu miễn giảm (nếu có)",Miễn giảm đóng HĐ,MIEN_GIAM_DONG_HD,2026-06-03
6047093567073575488,PGD 5435 chưa tồn tại hoặc là PGD chỉ dùng cho mượn chứng từ,5435,Chứng từ Vận hành hàng ngày,"Giấy đề nghị, Phiếu chi giải ngân",Đóng HĐCC chủ động,DONG_HDCC_CD,2026-06-03
6060610575800173620538,PGD 8136 chưa tồn tại hoặc là PGD chỉ dùng cho mượn chứng từ,8136,Chứng từ Ngân hàng hàng ngày,"Mục đích vốn (nếu có phát sinh bản giấy), Xác nhận người thụ hưởng không có TKNH với (HĐ vay 100 triệu), Chứng từ thu nhập + Năng lực tài chính (khi CIMB yêu cầu)",Giải ngân CIMB,GIAI_NGAN_CIMB,2026-06-03
6045711313000173625784,PGD 5243 chưa tồn tại hoặc là PGD chỉ dùng cho mượn chứng từ,5243,Chứng từ Vận hành hàng ngày,"Phiếu yêu cầu miễn giảm (nếu có), Phiếu yêu cầu miễn giảm (nếu có)",Miễn giảm đóng HĐ,MIEN_GIAM_DONG_HD,2026-06-03
6065778357000173622482,Không map được loại chứng từ: Mục đích sử dụng vốn cho khoản vay trên 100 triệu (MB yêu cầu),8002,Chứng từ Ngân hàng hàng ngày,Mục đích sử dụng vốn cho khoản vay trên 100 triệu (MB yêu cầu),Giải ngân MB,GIAI_NGAN_MB,2026-06-03
7354583973545839,PGD 2310 chưa tồn tại hoặc là PGD chỉ dùng cho mượn chứng từ,2310,Chứng từ Vận hành hàng ngày,"Phiếu chi, Biên lai / Phiếu yêu cầu dịch vụ/ Giấy nộp tiền (theo từng đơn vị chuyển tiền)",Chuyển quỹ,,2026-06-03
6065414803300173623008,Không map được loại chứng từ: Mục đích sử dụng vốn cho khoản vay trên 100 triệu (MB yêu cầu),4208,Chứng từ Ngân hàng hàng ngày,Mục đích sử dụng vốn cho khoản vay trên 100 triệu (MB yêu cầu),Giải ngân MB,GIAI_NGAN_MB,2026-06-03
7354462373544623,PGD 2312 chưa tồn tại hoặc là PGD chỉ dùng cho mượn chứng từ,2312,Chứng từ Vận hành hàng ngày,"Phiếu chi, Hóa đơn (nếu có)",Thắp hương,,2026-06-03
6048272119573588411,PGD 2304 chưa tồn tại hoặc là PGD chỉ dùng cho mượn chứng từ,2304,Chứng từ Vận hành hàng ngày,"BB tất toán/thanh lý, Phiếu thu đóng hợp đồng, Biên bản chấm dứt thỏa thuận sử dụng TS và hoàn trả TS, Giấy đề nghị, Bản cam kết TS riêng",Đóng HĐCC chủ động,DONG_HDCC_CD,2026-06-03
7354269873542698,PGD 8245 chưa tồn tại hoặc là PGD chỉ dùng cho mượn chứng từ,8245,Chứng từ Vận hành hàng ngày,"Phiếu chi, Biên lai / Phiếu yêu cầu dịch vụ/ Giấy nộp tiền (theo từng đơn vị chuyển tiền)",Chuyển quỹ,,2026-06-03
4124399877573586849,Trùng parent_document_code trong nguồn Oracle,4824,Chứng từ Vận hành hàng ngày,"BB tất toán/thanh lý, Phiếu thu đóng hợp đồng, Biên bản chấm dứt thỏa thuận sử dụng TS và hoàn trả TS",Đóng HĐCC chủ động,DONG_HDCC_CD,2026-06-03
6067086722700173622082,PGD 9221 chưa tồn tại hoặc là PGD chỉ dùng cho mượn chứng từ,9221,Chứng từ Ngân hàng hàng ngày,"Mục đích vốn (nếu có phát sinh bản giấy), Xác nhận người thụ hưởng không có TKNH với (HĐ vay 100 triệu), Chứng từ thu nhập + Năng lực tài chính (khi CIMB yêu cầu)",Giải ngân CIMB,GIAI_NGAN_CIMB,2026-06-03
6046157573573587233,Trùng parent_document_code trong nguồn Oracle,5203,Chứng từ Vận hành hàng ngày,"BB tất toán/thanh lý, Phiếu thu đóng hợp đồng, Biên bản chấm dứt thỏa thuận sử dụng TS và hoàn trả TS",Đóng HĐCC chủ động,DONG_HDCC_CD,2026-06-03
6064934942373546783,PGD 1286 chưa tồn tại hoặc là PGD chỉ dùng cho mượn chứng từ,1286,Chứng từ Vận hành hàng ngày,Phiếu thu,Thu tiền đặt cọc chip,,2026-06-03
6066685250900173625084,Không map được loại chứng từ: Mục đích sử dụng vốn cho khoản vay trên 100 triệu (MB yêu cầu),1056,Chứng từ Ngân hàng hàng ngày,Mục đích sử dụng vốn cho khoản vay trên 100 triệu (MB yêu cầu),Giải ngân MB,GIAI_NGAN_MB,2026-06-03
7354304473543044,PGD 2308 chưa tồn tại hoặc là PGD chỉ dùng cho mượn chứng từ,2308,Chứng từ Vận hành hàng ngày,"Phiếu chi, Biên lai / Phiếu yêu cầu dịch vụ/ Giấy nộp tiền (theo từng đơn vị chuyển tiền)",Chuyển quỹ,,2026-06-03
6065718752900173629816,PGD 2304 chưa tồn tại hoặc là PGD chỉ dùng cho mượn chứng từ,2304,Chứng từ Ngân hàng hàng ngày,"Mục đích vốn (nếu có phát sinh bản giấy), Xác nhận người thụ hưởng không có TKNH với (HĐ vay 100 triệu), Chứng từ thu nhập + Năng lực tài chính (khi CIMB yêu cầu)",Giải ngân CIMB,GIAI_NGAN_CIMB,2026-06-03
6068246351500173617419,PGD 8025 chưa tồn tại hoặc là PGD chỉ dùng cho mượn chứng từ,8025,Chứng từ Ngân hàng hàng ngày,"Mục đích vốn (nếu có phát sinh bản giấy), Xác nhận người thụ hưởng không có TKNH với (HĐ vay 100 triệu), Chứng từ thu nhập + Năng lực tài chính (khi CIMB yêu cầu)",Giải ngân CIMB,GIAI_NGAN_CIMB,2026-06-03
7354692673546926,PGD 8245 chưa tồn tại hoặc là PGD chỉ dùng cho mượn chứng từ,8245,Chứng từ Vận hành hàng ngày,Phiếu chi,Tạm ứng cho nhân viên,,2026-06-03
5022749336973595314,Không map được loại chứng từ: HĐ ký gửi tài sản,6211,Chứng từ Vận hành hàng ngày,HĐ ký gửi tài sản,Đóng HĐCC chủ động,DONG_HDCC_CD,2026-06-03
6039076492873575317,Trùng parent_document_code trong nguồn Oracle,5503,Chứng từ Vận hành hàng ngày,"BB tất toán/thanh lý, Phiếu thu đóng hợp đồng, Biên bản chấm dứt thỏa thuận sử dụng TS và hoàn trả TS",Đóng HĐCC chủ động,DONG_HDCC_CD,2026-06-03
7355086373550863,PGD 9322 chưa tồn tại hoặc là PGD chỉ dùng cho mượn chứng từ,9322,Chứng từ Vận hành hàng ngày,"Phiếu chi, Biên lai / Phiếu yêu cầu dịch vụ/ Giấy nộp tiền (theo từng đơn vị chuyển tiền)",Chuyển quỹ,,2026-06-03
6067832692900173630272,PGD 2312 chưa tồn tại hoặc là PGD chỉ dùng cho mượn chứng từ,2312,Chứng từ Ngân hàng hàng ngày,"Mục đích vốn (nếu có phát sinh bản giấy), Xác nhận người thụ hưởng không có TKNH với (HĐ vay 100 triệu), Chứng từ thu nhập + Năng lực tài chính (khi CIMB yêu cầu)",Giải ngân CIMB,GIAI_NGAN_CIMB,2026-06-03
6061992981300173617982,PGD 2312 chưa tồn tại hoặc là PGD chỉ dùng cho mượn chứng từ,2312,Chứng từ Ngân hàng hàng ngày,"Mục đích vốn (nếu có phát sinh bản giấy), Xác nhận người thụ hưởng không có TKNH với (HĐ vay 100 triệu), Chứng từ thu nhập + Năng lực tài chính (khi CIMB yêu cầu)",Giải ngân CIMB,GIAI_NGAN_CIMB,2026-06-03
6046382501773568508,Không map được loại chứng từ: HĐ ký gửi tài sản,4512,Chứng từ Vận hành hàng ngày,HĐ ký gửi tài sản,Đóng HĐCC chủ động,DONG_HDCC_CD,2026-06-03
7354427273544272,PGD 2312 chưa tồn tại hoặc là PGD chỉ dùng cho mượn chứng từ,2312,Chứng từ Vận hành hàng ngày,Phiếu thu,Nhận quỹ,,2026-06-03
7354462473544624,PGD 2312 chưa tồn tại hoặc là PGD chỉ dùng cho mượn chứng từ,2312,Chứng từ Vận hành hàng ngày,"Phiếu chi, Hóa đơn (nếu có)",Trade Marketing cho CH,,2026-06-03
6045966654400173620779,PGD 8631 chưa tồn tại hoặc là PGD chỉ dùng cho mượn chứng từ,8631,Chứng từ Vận hành hàng ngày,Phiếu thu đóng hợp đồng,Đóng hợp đồng chủ động,DONG_HD_CD,2026-06-03
6046382501773568522,Không map được loại chứng từ: HĐ ký gửi tài sản,4512,Chứng từ Vận hành hàng ngày,HĐ ký gửi tài sản,Đóng HĐCC chủ động,DONG_HDCC_CD,2026-06-03
6060852668900173618431,PGD 8245 chưa tồn tại hoặc là PGD chỉ dùng cho mượn chứng từ,8245,Chứng từ Ngân hàng hàng ngày,"Mục đích vốn (nếu có phát sinh bản giấy), Xác nhận người thụ hưởng không có TKNH với (HĐ vay 100 triệu), Chứng từ thu nhập + Năng lực tài chính (khi CIMB yêu cầu)",Giải ngân CIMB,GIAI_NGAN_CIMB,2026-06-03
6065576990973573113,PGD 9221 chưa tồn tại hoặc là PGD chỉ dùng cho mượn chứng từ,9221,Chứng từ Vận hành hàng ngày,"Giấy đề nghị, Phiếu chi giải ngân, Ủy quyền epay",Đóng HĐCC chủ động,DONG_HDCC_CD,2026-06-03
6065034343600173620307,Không map được loại chứng từ: Mục đích sử dụng vốn cho khoản vay trên 100 triệu (MB yêu cầu),2052,Chứng từ Ngân hàng hàng ngày,Mục đích sử dụng vốn cho khoản vay trên 100 triệu (MB yêu cầu),Giải ngân MB,GIAI_NGAN_MB,2026-06-03
6010618680273571455,Trùng parent_document_code trong nguồn Oracle,6705,Chứng từ Vận hành hàng ngày,"Giấy đề nghị, Phiếu chi giải ngân, Ủy quyền epay",Đóng HĐCC chủ động,DONG_HDCC_CD,2026-06-03
6045711313073581257,PGD 5243 chưa tồn tại hoặc là PGD chỉ dùng cho mượn chứng từ,5243,Chứng từ Vận hành hàng ngày,"Biên bản bàn giao TS cầm cố, Thỏa thuận sử dụng TS, Biên bản bàn giao TS cho mượn, HDCC, Giấy đề nghị, Phiếu chi giải ngân, Giấy nhận nợ",Đóng HĐCC chủ động,DONG_HDCC_CD,2026-06-03
6065821017100173623935,PGD 8631 chưa tồn tại hoặc là PGD chỉ dùng cho mượn chứng từ,8631,Chứng từ Ngân hàng hàng ngày,"Mục đích vốn (nếu có phát sinh bản giấy), Xác nhận người thụ hưởng không có TKNH với (HĐ vay 100 triệu), Chứng từ thu nhập + Năng lực tài chính (khi CIMB yêu cầu)",Giải ngân CIMB,GIAI_NGAN_CIMB,2026-06-03
6060865166300173622147,PGD 2308 chưa tồn tại hoặc là PGD chỉ dùng cho mượn chứng từ,2308,Chứng từ Vận hành hàng ngày,Phiếu thu đóng hợp đồng,Đóng hợp đồng chủ động,DONG_HD_CD,2026-06-03
6065642837900173626276,PGD 7767 chưa tồn tại hoặc là PGD chỉ dùng cho mượn chứng từ,7767,Chứng từ Ngân hàng hàng ngày,"Mục đích vốn (nếu có phát sinh bản giấy), Xác nhận người thụ hưởng không có TKNH với (HĐ vay 100 triệu), Chứng từ thu nhập + Năng lực tài chính (khi CIMB yêu cầu)",Giải ngân CIMB,GIAI_NGAN_CIMB,2026-06-03
6064919803800173630137,PGD 4827 chưa tồn tại hoặc là PGD chỉ dùng cho mượn chứng từ,4827,Chứng từ Ngân hàng hàng ngày,"Mục đích vốn (nếu có phát sinh bản giấy), Xác nhận người thụ hưởng không có TKNH với (HĐ vay 100 triệu), Chứng từ thu nhập + Năng lực tài chính (khi CIMB yêu cầu)",Giải ngân CIMB,GIAI_NGAN_CIMB,2026-06-03
6044232369073581789,Trùng parent_document_code trong nguồn Oracle,3113,Chứng từ Vận hành hàng ngày,"Giấy đề nghị, Phiếu chi giải ngân, Ủy quyền epay",Đóng HĐCC chủ động,DONG_HDCC_CD,2026-06-03
7354057073540570,PGD 8245 chưa tồn tại hoặc là PGD chỉ dùng cho mượn chứng từ,8245,Chứng từ Vận hành hàng ngày,Phiếu thu,Nhận quỹ,,2026-06-03
6064380896400173621046,PGD 2311 chưa tồn tại hoặc là PGD chỉ dùng cho mượn chứng từ,2311,Chứng từ Ngân hàng hàng ngày,"Mục đích vốn (nếu có phát sinh bản giấy), Xác nhận người thụ hưởng không có TKNH với (HĐ vay 100 triệu), Chứng từ thu nhập + Năng lực tài chính (khi CIMB yêu cầu)",Giải ngân CIMB,GIAI_NGAN_CIMB,2026-06-03
6064781237700173628059,Không map được loại chứng từ: Mục đích sử dụng vốn cho khoản vay trên 100 triệu (MB yêu cầu),1066,Chứng từ Ngân hàng hàng ngày,Mục đích sử dụng vốn cho khoản vay trên 100 triệu (MB yêu cầu),Giải ngân MB,GIAI_NGAN_MB,2026-06-03
7354488273544882,PGD 2302 chưa tồn tại hoặc là PGD chỉ dùng cho mượn chứng từ,2302,Chứng từ Vận hành hàng ngày,"Phiếu chi, Hóa đơn (nếu có)",Điện,,2026-06-03
7354646573546465,PGD 8025 chưa tồn tại hoặc là PGD chỉ dùng cho mượn chứng từ,8025,Chứng từ Vận hành hàng ngày,Phiếu thu,Nhận quỹ,,2026-06-03
6012823882673583702,Trùng parent_document_code trong nguồn Oracle,9133,Chứng từ Vận hành hàng ngày,"Giấy đề nghị, Phiếu chi giải ngân",Đóng HĐCC chủ động,DONG_HDCC_CD,2026-06-03
6043977246873680424,Không map được loại chứng từ: HĐ ký gửi tài sản,3203,Chứng từ Vận hành hàng ngày,HĐ ký gửi tài sản,Đóng HĐCC chủ động,DONG_HDCC_CD,2026-06-04
3089215000900473692038,Không map được loại chứng từ: Giấy đề nghị tái tục giấy nhận nợ,7602,Chứng từ Vận hành hàng ngày,Giấy đề nghị tái tục giấy nhận nợ,Đáo hạn,DONG_HD_DH,2026-06-04
6051731512973700173,PGD 1287 chưa tồn tại hoặc là PGD chỉ dùng cho mượn chứng từ,1287,Chứng từ Vận hành hàng ngày,"Giấy đề nghị, Bản cam kết TS riêng, Phiếu chi giải ngân, HĐUQ bản F88 in",Đóng HĐCC chủ động,DONG_HDCC_CD,2026-06-04
6036539281273710409,PGD 9221 chưa tồn tại hoặc là PGD chỉ dùng cho mượn chứng từ,9221,Chứng từ Vận hành hàng ngày,"Giấy đề nghị, Phiếu chi giải ngân",Đóng HĐCC chủ động,DONG_HDCC_CD,2026-06-04
7364865873648658,PGD 2304 chưa tồn tại hoặc là PGD chỉ dùng cho mượn chứng từ,2304,Chứng từ Vận hành hàng ngày,"Phiếu chi, Hóa đơn (nếu có)",Điện,,2026-06-04
6065141241600173714867,PGD 8135 chưa tồn tại hoặc là PGD chỉ dùng cho mượn chứng từ,8135,Chứng từ Ngân hàng hàng ngày,"Mục đích vốn (nếu có phát sinh bản giấy), Xác nhận người thụ hưởng không có TKNH với (HĐ vay 100 triệu), Chứng từ thu nhập + Năng lực tài chính (khi CIMB yêu cầu)",Giải ngân CIMB,GIAI_NGAN_CIMB,2026-06-04
7365058673650586,PGD 4114 chưa tồn tại hoặc là PGD chỉ dùng cho mượn chứng từ,4114,Chứng từ Vận hành hàng ngày,"Phiếu chi, Hóa đơn (nếu có)",Điện,,2026-06-04
6052294023373681006,PGD 9322 chưa tồn tại hoặc là PGD chỉ dùng cho mượn chứng từ,9322,Chứng từ Vận hành hàng ngày,"Giấy đề nghị, Phiếu chi giải ngân, Ủy quyền epay",Đóng HĐCC chủ động,DONG_HDCC_CD,2026-06-04
7365012773650127,PGD 5737 chưa tồn tại hoặc là PGD chỉ dùng cho mượn chứng từ,5737,Chứng từ Vận hành hàng ngày,"Phiếu chi, Biên lai / Phiếu yêu cầu dịch vụ/ Giấy nộp tiền (theo từng đơn vị chuyển tiền)",Chuyển quỹ,,2026-06-04
6052294023373681019,PGD 9322 chưa tồn tại hoặc là PGD chỉ dùng cho mượn chứng từ,9322,Chứng từ Vận hành hàng ngày,Giấy đề nghị,Đóng HĐCC chủ động,DONG_HDCC_CD,2026-06-04
6064302535000173694584,PGD 6731 chưa tồn tại hoặc là PGD chỉ dùng cho mượn chứng từ,6731,Chứng từ Ngân hàng hàng ngày,"Mục đích vốn (nếu có phát sinh bản giấy), Xác nhận người thụ hưởng không có TKNH với (HĐ vay 100 triệu), Chứng từ thu nhập + Năng lực tài chính (khi CIMB yêu cầu)",Giải ngân CIMB,GIAI_NGAN_CIMB,2026-06-04
6061050867800173714825,PGD 7968 chưa tồn tại hoặc là PGD chỉ dùng cho mượn chứng từ,7968,Chứng từ Ngân hàng hàng ngày,"Mục đích vốn (nếu có phát sinh bản giấy), Xác nhận người thụ hưởng không có TKNH với (HĐ vay 100 triệu), Chứng từ thu nhập + Năng lực tài chính (khi CIMB yêu cầu)",Giải ngân CIMB,GIAI_NGAN_CIMB,2026-06-04
6067252253500173696665,PGD 5245 chưa tồn tại hoặc là PGD chỉ dùng cho mượn chứng từ,5245,Chứng từ Ngân hàng hàng ngày,"Mục đích vốn (nếu có phát sinh bản giấy), Xác nhận người thụ hưởng không có TKNH với (HĐ vay 100 triệu), Chứng từ thu nhập + Năng lực tài chính (khi CIMB yêu cầu)",Giải ngân CIMB,GIAI_NGAN_CIMB,2026-06-04
5051862342673685927,Trùng parent_document_code trong nguồn Oracle,8104,Chứng từ Vận hành hàng ngày,"BB tất toán/thanh lý, Phiếu thu đóng hợp đồng, Biên bản chấm dứt thỏa thuận sử dụng TS và hoàn trả TS",Đóng HĐCC chủ động,DONG_HDCC_CD,2026-06-04
6039859567173703866,Không map được loại chứng từ: HĐ ký gửi tài sản,2278,Chứng từ Vận hành hàng ngày,HĐ ký gửi tài sản,Đóng HĐCC chủ động,DONG_HDCC_CD,2026-06-04
6061937084800173701617,PGD 7436 chưa tồn tại hoặc là PGD chỉ dùng cho mượn chứng từ,7436,Chứng từ Ngân hàng hàng ngày,"Mục đích vốn (nếu có phát sinh bản giấy), Xác nhận người thụ hưởng không có TKNH với (HĐ vay 100 triệu), Chứng từ thu nhập + Năng lực tài chính (khi CIMB yêu cầu)",Giải ngân CIMB,GIAI_NGAN_CIMB,2026-06-04
4071837998873683050,Không map được loại chứng từ: HĐ ký gửi tài sản,7408,Chứng từ Vận hành hàng ngày,HĐ ký gửi tài sản,Đóng HĐCC chủ động,DONG_HDCC_CD,2026-06-04
4071837998873683037,Không map được loại chứng từ: HĐ ký gửi tài sản,7408,Chứng từ Vận hành hàng ngày,HĐ ký gửi tài sản,Đóng HĐCC chủ động,DONG_HDCC_CD,2026-06-04
6060557823300173713618,PGD 7968 chưa tồn tại hoặc là PGD chỉ dùng cho mượn chứng từ,7968,Chứng từ Ngân hàng hàng ngày,"Mục đích vốn (nếu có phát sinh bản giấy), Xác nhận người thụ hưởng không có TKNH với (HĐ vay 100 triệu), Chứng từ thu nhập + Năng lực tài chính (khi CIMB yêu cầu)",Giải ngân CIMB,GIAI_NGAN_CIMB,2026-06-04
7365442373654423,PGD 4114 chưa tồn tại hoặc là PGD chỉ dùng cho mượn chứng từ,4114,Chứng từ Vận hành hàng ngày,"Phiếu chi, Biên lai / Phiếu yêu cầu dịch vụ/ Giấy nộp tiền (theo từng đơn vị chuyển tiền)",Chuyển quỹ,,2026-06-04
6043561084973713095,PGD 8245 chưa tồn tại hoặc là PGD chỉ dùng cho mượn chứng từ,8245,Chứng từ Vận hành hàng ngày,"Giấy đề nghị, Phiếu chi giải ngân, Ủy quyền epay",Đóng HĐCC chủ động,DONG_HDCC_CD,2026-06-04
6049104327900273707433,PGD 8516 chưa tồn tại hoặc là PGD chỉ dùng cho mượn chứng từ,8516,Chứng từ Ngân hàng hàng ngày,"Mục đích vốn (nếu có phát sinh bản giấy), Xác nhận người thụ hưởng không có TKNH với (HĐ vay 100 triệu), Chứng từ thu nhập + Năng lực tài chính (khi CIMB yêu cầu)",Giải ngân CIMB,GIAI_NGAN_CIMB,2026-06-04
6036539281200173709094,PGD 9221 chưa tồn tại hoặc là PGD chỉ dùng cho mượn chứng từ,9221,Chứng từ Vận hành hàng ngày,Phiếu thu đóng hợp đồng,Đóng hợp đồng chủ động,DONG_HD_CD,2026-06-04
7364670973646709,PGD 9322 chưa tồn tại hoặc là PGD chỉ dùng cho mượn chứng từ,9322,Chứng từ Vận hành hàng ngày,"Phiếu chi, Biên lai / Phiếu yêu cầu dịch vụ/ Giấy nộp tiền (theo từng đơn vị chuyển tiền)",Chuyển quỹ,,2026-06-04
6066039146800173714281,PGD 5552 chưa tồn tại hoặc là PGD chỉ dùng cho mượn chứng từ,5552,Chứng từ Ngân hàng hàng ngày,"Mục đích vốn (nếu có phát sinh bản giấy), Xác nhận người thụ hưởng không có TKNH với (HĐ vay 100 triệu), Chứng từ thu nhập + Năng lực tài chính (khi CIMB yêu cầu)",Giải ngân CIMB,GIAI_NGAN_CIMB,2026-06-04
5085583851073699809,Trùng parent_document_code trong nguồn Oracle,7806,Chứng từ Vận hành hàng ngày,"BB tất toán/thanh lý, Phiếu thu đóng hợp đồng, Biên bản chấm dứt thỏa thuận sử dụng TS và hoàn trả TS",Đóng HĐCC nợ xấu chủ động,DONG_HDCC_CDNX,2026-06-04
6066328906700173715329,PGD 8136 chưa tồn tại hoặc là PGD chỉ dùng cho mượn chứng từ,8136,Chứng từ Ngân hàng hàng ngày,"Mục đích vốn (nếu có phát sinh bản giấy), Xác nhận người thụ hưởng không có TKNH với (HĐ vay 100 triệu), Chứng từ thu nhập + Năng lực tài chính (khi CIMB yêu cầu)",Giải ngân CIMB,GIAI_NGAN_CIMB,2026-06-04
7365142673651426,PGD 2308 chưa tồn tại hoặc là PGD chỉ dùng cho mượn chứng từ,2308,Chứng từ Vận hành hàng ngày,"Phiếu chi, Biên lai / Phiếu yêu cầu dịch vụ/ Giấy nộp tiền (theo từng đơn vị chuyển tiền)",Chuyển quỹ,,2026-06-04
7365969173659691,PGD 1284 chưa tồn tại hoặc là PGD chỉ dùng cho mượn chứng từ,1284,Chứng từ Vận hành hàng ngày,"Phiếu chi, Biên lai / Phiếu yêu cầu dịch vụ/ Giấy nộp tiền (theo từng đơn vị chuyển tiền)",Chuyển quỹ,,2026-06-04
7364817473648174,PGD 1286 chưa tồn tại hoặc là PGD chỉ dùng cho mượn chứng từ,1286,Chứng từ Vận hành hàng ngày,"Phiếu chi, Biên lai / Phiếu yêu cầu dịch vụ/ Giấy nộp tiền (theo từng đơn vị chuyển tiền)",Chuyển quỹ,,2026-06-04
6068389786200173709172,PGD 5552 chưa tồn tại hoặc là PGD chỉ dùng cho mượn chứng từ,5552,Chứng từ Ngân hàng hàng ngày,"Mục đích vốn (nếu có phát sinh bản giấy), Xác nhận người thụ hưởng không có TKNH với (HĐ vay 100 triệu), Chứng từ thu nhập + Năng lực tài chính (khi CIMB yêu cầu)",Giải ngân CIMB,GIAI_NGAN_CIMB,2026-06-04
6063358435300173696222,PGD 1285 chưa tồn tại hoặc là PGD chỉ dùng cho mượn chứng từ,1285,Chứng từ Ngân hàng hàng ngày,"Mục đích vốn (nếu có phát sinh bản giấy), Xác nhận người thụ hưởng không có TKNH với (HĐ vay 100 triệu), Chứng từ thu nhập + Năng lực tài chính (khi CIMB yêu cầu)",Giải ngân CIMB,GIAI_NGAN_CIMB,2026-06-04
6065490692300173715258,PGD 1284 chưa tồn tại hoặc là PGD chỉ dùng cho mượn chứng từ,1284,Chứng từ Ngân hàng hàng ngày,"Mục đích vốn (nếu có phát sinh bản giấy), Xác nhận người thụ hưởng không có TKNH với (HĐ vay 100 triệu), Chứng từ thu nhập + Năng lực tài chính (khi CIMB yêu cầu)",Giải ngân CIMB,GIAI_NGAN_CIMB,2026-06-04
6069831858100173693504,PGD 5435 chưa tồn tại hoặc là PGD chỉ dùng cho mượn chứng từ,5435,Chứng từ Ngân hàng hàng ngày,"Mục đích vốn (nếu có phát sinh bản giấy), Xác nhận người thụ hưởng không có TKNH với (HĐ vay 100 triệu), Chứng từ thu nhập + Năng lực tài chính (khi CIMB yêu cầu)",Giải ngân CIMB,GIAI_NGAN_CIMB,2026-06-04
6041611038273698843,PGD 6731 chưa tồn tại hoặc là PGD chỉ dùng cho mượn chứng từ,6731,Chứng từ Vận hành hàng ngày,Giấy đề nghị,Đóng HĐCC chủ động,DONG_HDCC_CD,2026-06-04
6045669122373713577,PGD 2305 chưa tồn tại hoặc là PGD chỉ dùng cho mượn chứng từ,2305,Chứng từ Vận hành hàng ngày,"Giấy đề nghị, Phiếu chi giải ngân, Ủy quyền epay",Đóng HĐCC chủ động,DONG_HDCC_CD,2026-06-04
6036539281200173709092,PGD 9221 chưa tồn tại hoặc là PGD chỉ dùng cho mượn chứng từ,9221,Chứng từ Vận hành hàng ngày,"Phiếu yêu cầu miễn giảm (nếu có), Phiếu yêu cầu miễn giảm (nếu có)",Miễn giảm đóng HĐ,MIEN_GIAM_DONG_HD,2026-06-04
6039859567173703853,Không map được loại chứng từ: HĐ ký gửi tài sản,2278,Chứng từ Vận hành hàng ngày,HĐ ký gửi tài sản,Đóng HĐCC chủ động,DONG_HDCC_CD,2026-06-04
5087126329773704297,Không map được loại chứng từ: HĐ ký gửi tài sản,5430,Chứng từ Vận hành hàng ngày,HĐ ký gửi tài sản,Đóng HĐCC chủ động,DONG_HDCC_CD,2026-06-04
6063683125800173697447,PGD 2311 chưa tồn tại hoặc là PGD chỉ dùng cho mượn chứng từ,2311,Chứng từ Ngân hàng hàng ngày,"Mục đích vốn (nếu có phát sinh bản giấy), Xác nhận người thụ hưởng không có TKNH với (HĐ vay 100 triệu), Chứng từ thu nhập + Năng lực tài chính (khi CIMB yêu cầu)",Giải ngân CIMB,GIAI_NGAN_CIMB,2026-06-04
7364545173645451,PGD 2303 chưa tồn tại hoặc là PGD chỉ dùng cho mượn chứng từ,2303,Chứng từ Vận hành hàng ngày,Phiếu thu,Nhận quỹ,,2026-06-04
4112686416982773699584,Không map được loại chứng từ: Giấy đề nghị tái tục giấy nhận nợ,8901,Chứng từ Vận hành hàng ngày,Giấy đề nghị tái tục giấy nhận nợ,Đáo hạn,DONG_HD_DH,2026-06-04
6061052904400173691411,PGD 6731 chưa tồn tại hoặc là PGD chỉ dùng cho mượn chứng từ,6731,Chứng từ Ngân hàng hàng ngày,"Mục đích vốn (nếu có phát sinh bản giấy), Xác nhận người thụ hưởng không có TKNH với (HĐ vay 100 triệu), Chứng từ thu nhập + Năng lực tài chính (khi CIMB yêu cầu)",Giải ngân CIMB,GIAI_NGAN_CIMB,2026-06-04
6064324343000173707893,PGD 8136 chưa tồn tại hoặc là PGD chỉ dùng cho mượn chứng từ,8136,Chứng từ Ngân hàng hàng ngày,"Mục đích vốn (nếu có phát sinh bản giấy), Xác nhận người thụ hưởng không có TKNH với (HĐ vay 100 triệu), Chứng từ thu nhập + Năng lực tài chính (khi CIMB yêu cầu)",Giải ngân CIMB,GIAI_NGAN_CIMB,2026-06-04
5067002894373715958,Trùng parent_document_code trong nguồn Oracle,9216,Chứng từ Vận hành hàng ngày,"Giấy đề nghị, Phiếu chi giải ngân, Ủy quyền epay",Đóng HĐCC chủ động,DONG_HDCC_CD,2026-06-04
5087126329773704282,Không map được loại chứng từ: HĐ ký gửi tài sản,5430,Chứng từ Vận hành hàng ngày,HĐ ký gửi tài sản,Đóng HĐCC chủ động,DONG_HDCC_CD,2026-06-04
6041611038273698834,PGD 6731 chưa tồn tại hoặc là PGD chỉ dùng cho mượn chứng từ,6731,Chứng từ Vận hành hàng ngày,"Giấy đề nghị, Phiếu chi giải ngân, Ủy quyền epay",Đóng HĐCC chủ động,DONG_HDCC_CD,2026-06-04
5115892019273717078,Trùng parent_document_code trong nguồn Oracle,4506,Chứng từ Vận hành hàng ngày,"BB tất toán/thanh lý, Phiếu thu đóng hợp đồng, Biên bản chấm dứt thỏa thuận sử dụng TS và hoàn trả TS",Đóng HĐCC nợ xấu chủ động,DONG_HDCC_CDNX,2026-06-04
7365335573653355,PGD 8136 chưa tồn tại hoặc là PGD chỉ dùng cho mượn chứng từ,8136,Chứng từ Vận hành hàng ngày,"Phiếu chi, Hóa đơn (nếu có)",Điện,,2026-06-04
6033740066300173689929,PGD 1284 chưa tồn tại hoặc là PGD chỉ dùng cho mượn chứng từ,1284,Chứng từ Vận hành hàng ngày,Phiếu thu đóng hợp đồng,Đóng hợp đồng chủ động,DONG_HD_CD,2026-06-04
7364528273645282,PGD 5244 chưa tồn tại hoặc là PGD chỉ dùng cho mượn chứng từ,5244,Chứng từ Vận hành hàng ngày,"Phiếu chi, Biên lai / Phiếu yêu cầu dịch vụ/ Giấy nộp tiền (theo từng đơn vị chuyển tiền)",Chuyển quỹ,,2026-06-04
6061142178300173694143,PGD 4826 chưa tồn tại hoặc là PGD chỉ dùng cho mượn chứng từ,4826,Chứng từ Ngân hàng hàng ngày,"Mục đích vốn (nếu có phát sinh bản giấy), Xác nhận người thụ hưởng không có TKNH với (HĐ vay 100 triệu), Chứng từ thu nhập + Năng lực tài chính (khi CIMB yêu cầu)",Giải ngân CIMB,GIAI_NGAN_CIMB,2026-06-04
5124269301473690040,Trùng parent_document_code trong nguồn Oracle,9203,Chứng từ Vận hành hàng ngày,"BB tất toán/thanh lý, Phiếu thu đóng hợp đồng, Biên bản chấm dứt thỏa thuận sử dụng TS và hoàn trả TS",Đóng HĐCC nợ xấu chủ động,DONG_HDCC_CDNX,2026-06-04
6043977246873680464,Không map được loại chứng từ: HĐ ký gửi tài sản,3203,Chứng từ Vận hành hàng ngày,HĐ ký gửi tài sản,Đóng HĐCC chủ động,DONG_HDCC_CD,2026-06-04
6043561084900173711363,PGD 8245 chưa tồn tại hoặc là PGD chỉ dùng cho mượn chứng từ,8245,Chứng từ Vận hành hàng ngày,Phiếu thu đóng hợp đồng,Đóng hợp đồng chủ động,DONG_HD_CD,2026-06-04
7364817573648175,PGD 5244 chưa tồn tại hoặc là PGD chỉ dùng cho mượn chứng từ,5244,Chứng từ Vận hành hàng ngày,"Phiếu chi, Biên lai / Phiếu yêu cầu dịch vụ/ Giấy nộp tiền (theo từng đơn vị chuyển tiền)",Chuyển quỹ,,2026-06-04
6061938382973713112,PGD 2308 chưa tồn tại hoặc là PGD chỉ dùng cho mượn chứng từ,2308,Chứng từ Vận hành hàng ngày,"Giấy đề nghị, Phiếu chi giải ngân",Đóng HĐCC chủ động,DONG_HDCC_CD,2026-06-04
6060461743300173708816,PGD 1287 chưa tồn tại hoặc là PGD chỉ dùng cho mượn chứng từ,1287,Chứng từ Ngân hàng hàng ngày,"Mục đích vốn (nếu có phát sinh bản giấy), Xác nhận người thụ hưởng không có TKNH với (HĐ vay 100 triệu), Chứng từ thu nhập + Năng lực tài chính (khi CIMB yêu cầu)",Giải ngân CIMB,GIAI_NGAN_CIMB,2026-06-04
6046884605773710572,PGD 5243 chưa tồn tại hoặc là PGD chỉ dùng cho mượn chứng từ,5243,Chứng từ Vận hành hàng ngày,Giấy đề nghị,Đóng HĐCC chủ động,DONG_HDCC_CD,2026-06-04
6017818419200273698130,PGD 7827 chưa tồn tại hoặc là PGD chỉ dùng cho mượn chứng từ,7827,Chứng từ Ngân hàng hàng ngày,"Mục đích vốn (nếu có phát sinh bản giấy), Xác nhận người thụ hưởng không có TKNH với (HĐ vay 100 triệu), Chứng từ thu nhập + Năng lực tài chính (khi CIMB yêu cầu)",Giải ngân CIMB,GIAI_NGAN_CIMB,2026-06-04
6046884605773710558,PGD 5243 chưa tồn tại hoặc là PGD chỉ dùng cho mượn chứng từ,5243,Chứng từ Vận hành hàng ngày,"Giấy đề nghị, Phiếu chi giải ngân, Ủy quyền epay",Đóng HĐCC chủ động,DONG_HDCC_CD,2026-06-04
6047325315473780098,PGD 8244 chưa tồn tại hoặc là PGD chỉ dùng cho mượn chứng từ,8244,Chứng từ Vận hành hàng ngày,Giấy đề nghị,Đóng HĐCC chủ động,DONG_HDCC_CD,2026-06-05
6065272978600173826789,PGD 2308 chưa tồn tại hoặc là PGD chỉ dùng cho mượn chứng từ,2308,Chứng từ Ngân hàng hàng ngày,"Mục đích vốn (nếu có phát sinh bản giấy), Xác nhận người thụ hưởng không có TKNH với (HĐ vay 100 triệu), Chứng từ thu nhập + Năng lực tài chính (khi CIMB yêu cầu)",Giải ngân CIMB,GIAI_NGAN_CIMB,2026-06-05
2087090909073819004,PGD 1187 chưa tồn tại hoặc là PGD chỉ dùng cho mượn chứng từ,1187,Chứng từ Vận hành hàng ngày,"HDCC, Giấy đề nghị, Phiếu chi giải ngân",Đóng HĐCC nợ xấu chủ động,DONG_HDCC_CDNX,2026-06-05
7375181373751813,PGD 2305 chưa tồn tại hoặc là PGD chỉ dùng cho mượn chứng từ,2305,Chứng từ Vận hành hàng ngày,"Phiếu chi, Biên lai / Phiếu yêu cầu dịch vụ/ Giấy nộp tiền (theo từng đơn vị chuyển tiền)",Chuyển quỹ,,2026-06-05
6021409699373826570,PGD 5552 chưa tồn tại hoặc là PGD chỉ dùng cho mượn chứng từ,5552,Chứng từ Vận hành hàng ngày,Giấy đề nghị,Đóng HĐCC chủ động,DONG_HDCC_CD,2026-06-05
6068757578800173836943,PGD 2310 chưa tồn tại hoặc là PGD chỉ dùng cho mượn chứng từ,2310,Chứng từ Ngân hàng hàng ngày,"Mục đích vốn (nếu có phát sinh bản giấy), Xác nhận người thụ hưởng không có TKNH với (HĐ vay 100 triệu), Chứng từ thu nhập + Năng lực tài chính (khi CIMB yêu cầu)",Giải ngân CIMB,GIAI_NGAN_CIMB,2026-06-05
6037761466973827462,Trùng parent_document_code trong nguồn Oracle,8631,Chứng từ Vận hành hàng ngày,"Giấy đề nghị, Phiếu chi giải ngân, Ủy quyền epay",Đóng HĐCC chủ động,DONG_HDCC_CD,2026-06-05
6063812601100173818778,PGD 4114 chưa tồn tại hoặc là PGD chỉ dùng cho mượn chứng từ,4114,Chứng từ Ngân hàng hàng ngày,"Mục đích vốn (nếu có phát sinh bản giấy), Xác nhận người thụ hưởng không có TKNH với (HĐ vay 100 triệu), Chứng từ thu nhập + Năng lực tài chính (khi CIMB yêu cầu)",Giải ngân CIMB,GIAI_NGAN_CIMB,2026-06-05
7375063373750633,PGD 8135 chưa tồn tại hoặc là PGD chỉ dùng cho mượn chứng từ,8135,Chứng từ Vận hành hàng ngày,Phiếu thu,Hoàn tạm ứng cho nhân viên,,2026-06-05
7373859973738599,PGD 5245 chưa tồn tại hoặc là PGD chỉ dùng cho mượn chứng từ,5245,Chứng từ Vận hành hàng ngày,"Phiếu chi, Hóa đơn (nếu có)",Trade Marketing cho CH,,2026-06-05
7373859773738597,PGD 5245 chưa tồn tại hoặc là PGD chỉ dùng cho mượn chứng từ,5245,Chứng từ Vận hành hàng ngày,"Phiếu chi, Hóa đơn (nếu có)",Thắp hương,,2026-06-05
6054803360973785988,PGD 1283 chưa tồn tại hoặc là PGD chỉ dùng cho mượn chứng từ,1283,Chứng từ Vận hành hàng ngày,"Biên bản bàn giao TS cầm cố, Thỏa thuận sử dụng TS, Biên bản bàn giao TS cho mượn, HDCC, Giấy đề nghị, Bản cam kết TS riêng, Phiếu chi giải ngân, HĐUQ bản F88 in, Giấy nhận nợ",Đóng HĐCC chủ động,DONG_HDCC_CD,2026-06-05
6037536710673801106,PGD 5132 chưa tồn tại hoặc là PGD chỉ dùng cho mượn chứng từ,5132,Chứng từ Vận hành hàng ngày,"Giấy đề nghị, Phiếu chi giải ngân, Ủy quyền epay",Đóng HĐCC chủ động,DONG_HDCC_CD,2026-06-05
7375264173752641,PGD 5132 chưa tồn tại hoặc là PGD chỉ dùng cho mượn chứng từ,5132,Chứng từ Vận hành hàng ngày,"Phiếu chi, Biên lai / Phiếu yêu cầu dịch vụ/ Giấy nộp tiền (theo từng đơn vị chuyển tiền)",Chuyển quỹ,,2026-06-05
7375045173750451,PGD 5244 chưa tồn tại hoặc là PGD chỉ dùng cho mượn chứng từ,5244,Chứng từ Vận hành hàng ngày,"Phiếu chi, Hóa đơn (nếu có)",Điện,,2026-06-05
6037536710673801166,PGD 5132 chưa tồn tại hoặc là PGD chỉ dùng cho mượn chứng từ,5132,Chứng từ Vận hành hàng ngày,Giấy đề nghị,Đóng HĐCC chủ động,DONG_HDCC_CD,2026-06-05
5119960107200173836893,Không map được loại chứng từ: Giấy đề nghị tái tục giấy nhận nợ,1247,Chứng từ Vận hành hàng ngày,Giấy đề nghị tái tục giấy nhận nợ,Đáo hạn,DONG_HD_DH,2026-06-05
6021409699373826497,PGD 5552 chưa tồn tại hoặc là PGD chỉ dùng cho mượn chứng từ,5552,Chứng từ Vận hành hàng ngày,"Giấy đề nghị, Phiếu chi giải ngân, Ủy quyền epay",Đóng HĐCC chủ động,DONG_HDCC_CD,2026-06-05
6061288153800173803154,PGD 6219 chưa tồn tại hoặc là PGD chỉ dùng cho mượn chứng từ,6219,Chứng từ Ngân hàng hàng ngày,"Mục đích vốn (nếu có phát sinh bản giấy), Xác nhận người thụ hưởng không có TKNH với (HĐ vay 100 triệu), Chứng từ thu nhập + Năng lực tài chính (khi CIMB yêu cầu)",Giải ngân CIMB,GIAI_NGAN_CIMB,2026-06-05
6041530672300273821492,PGD 8516 chưa tồn tại hoặc là PGD chỉ dùng cho mượn chứng từ,8516,Chứng từ Ngân hàng hàng ngày,"Mục đích vốn (nếu có phát sinh bản giấy), Xác nhận người thụ hưởng không có TKNH với (HĐ vay 100 triệu), Chứng từ thu nhập + Năng lực tài chính (khi CIMB yêu cầu)",Giải ngân CIMB,GIAI_NGAN_CIMB,2026-06-05
6047325315473773447,PGD 8244 chưa tồn tại hoặc là PGD chỉ dùng cho mượn chứng từ,8244,Chứng từ Vận hành hàng ngày,"Giấy đề nghị, Phiếu chi giải ngân, Ủy quyền epay",Đóng HĐCC chủ động,DONG_HDCC_CD,2026-06-05
6037139669773787960,Trùng parent_document_code trong nguồn Oracle,8119,Chứng từ Vận hành hàng ngày,"BB tất toán/thanh lý, Phiếu thu đóng hợp đồng, Biên bản chấm dứt thỏa thuận sử dụng TS và hoàn trả TS",Đóng HĐCC chủ động,DONG_HDCC_CD,2026-06-05
6055592939100173815115,PGD 8135 chưa tồn tại hoặc là PGD chỉ dùng cho mượn chứng từ,8135,Chứng từ Vận hành hàng ngày,Phiếu thu đóng hợp đồng,Đóng hợp đồng chủ động,DONG_HD_CD,2026-06-05
6060430725900173815291,PGD 7827 chưa tồn tại hoặc là PGD chỉ dùng cho mượn chứng từ,7827,Chứng từ Ngân hàng hàng ngày,"Mục đích vốn (nếu có phát sinh bản giấy), Xác nhận người thụ hưởng không có TKNH với (HĐ vay 100 triệu), Chứng từ thu nhập + Năng lực tài chính (khi CIMB yêu cầu)",Giải ngân CIMB,GIAI_NGAN_CIMB,2026-06-05
6055932006100173817602,PGD 1286 chưa tồn tại hoặc là PGD chỉ dùng cho mượn chứng từ,1286,Chứng từ Vận hành hàng ngày,"Phiếu yêu cầu miễn giảm (nếu có), Phiếu yêu cầu miễn giảm (nếu có)",Miễn giảm đóng HĐ,MIEN_GIAM_DONG_HD,2026-06-05
7374616373746163,PGD 8245 chưa tồn tại hoặc là PGD chỉ dùng cho mượn chứng từ,8245,Chứng từ Vận hành hàng ngày,"Phiếu chi, Biên lai / Phiếu yêu cầu dịch vụ/ Giấy nộp tiền (theo từng đơn vị chuyển tiền)",Chuyển quỹ,,2026-06-05
6066006999500173820077,PGD 9221 chưa tồn tại hoặc là PGD chỉ dùng cho mượn chứng từ,9221,Chứng từ Ngân hàng hàng ngày,"Mục đích vốn (nếu có phát sinh bản giấy), Xác nhận người thụ hưởng không có TKNH với (HĐ vay 100 triệu), Chứng từ thu nhập + Năng lực tài chính (khi CIMB yêu cầu)",Giải ngân CIMB,GIAI_NGAN_CIMB,2026-06-05
6024779328073832282,Không map được loại chứng từ: HĐ ký gửi tài sản,1270,Chứng từ Vận hành hàng ngày,HĐ ký gửi tài sản,Đóng HĐCC chủ động,DONG_HDCC_CD,2026-06-05
7373844673738446,PGD 9322 chưa tồn tại hoặc là PGD chỉ dùng cho mượn chứng từ,9322,Chứng từ Vận hành hàng ngày,"Phiếu chi, Biên lai / Phiếu yêu cầu dịch vụ/ Giấy nộp tiền (theo từng đơn vị chuyển tiền)",Chuyển quỹ,,2026-06-05
7373872073738720,PGD 2308 chưa tồn tại hoặc là PGD chỉ dùng cho mượn chứng từ,2308,Chứng từ Vận hành hàng ngày,"Phiếu chi, Biên lai / Phiếu yêu cầu dịch vụ/ Giấy nộp tiền (theo từng đơn vị chuyển tiền)",Chuyển quỹ,,2026-06-05
6024779328073832266,Không map được loại chứng từ: HĐ ký gửi tài sản,1270,Chứng từ Vận hành hàng ngày,HĐ ký gửi tài sản,Đóng HĐCC chủ động,DONG_HDCC_CD,2026-06-05
6051707014573821281,PGD 6219 chưa tồn tại hoặc là PGD chỉ dùng cho mượn chứng từ,6219,Chứng từ Vận hành hàng ngày,"Giấy đề nghị, Phiếu chi giải ngân",Đóng HĐCC chủ động,DONG_HDCC_CD,2026-06-05
6068466560500173802488,PGD 2304 chưa tồn tại hoặc là PGD chỉ dùng cho mượn chứng từ,2304,Chứng từ Ngân hàng hàng ngày,"Mục đích vốn (nếu có phát sinh bản giấy), Xác nhận người thụ hưởng không có TKNH với (HĐ vay 100 triệu), Chứng từ thu nhập + Năng lực tài chính (khi CIMB yêu cầu)",Giải ngân CIMB,GIAI_NGAN_CIMB,2026-06-05
5087704693873804715,Trùng parent_document_code trong nguồn Oracle,8119,Chứng từ Vận hành hàng ngày,"Giấy đề nghị, Phiếu chi giải ngân, Ủy quyền epay",Đóng HĐCC chủ động,DONG_HDCC_CD,2026-06-05
6037707356573787219,PGD 1283 chưa tồn tại hoặc là PGD chỉ dùng cho mượn chứng từ,1283,Chứng từ Vận hành hàng ngày,Giấy đề nghị,Đóng HĐCC chủ động,DONG_HDCC_CD,2026-06-05
4055376155173805189,Trùng parent_document_code trong nguồn Oracle,1073,Chứng từ Vận hành hàng ngày,"Giấy đề nghị, Phiếu chi giải ngân",Đóng HĐCC nợ xấu chủ động,DONG_HDCC_CDNX,2026-06-05
6011492396600173820836,Không map được loại chứng từ: Giấy đề nghị tái tục giấy nhận nợ,9201,Chứng từ Vận hành hàng ngày,Giấy đề nghị tái tục giấy nhận nợ,Đáo hạn,DONG_HD_DH,2026-06-05
6043561084973828585,PGD 8245 chưa tồn tại hoặc là PGD chỉ dùng cho mượn chứng từ,8245,Chứng từ Vận hành hàng ngày,"Giấy đề nghị, Phiếu chi giải ngân, Ủy quyền epay",Đóng HĐCC chủ động,DONG_HDCC_CD,2026-06-05
6064536167900173834147,PGD 2305 chưa tồn tại hoặc là PGD chỉ dùng cho mượn chứng từ,2305,Chứng từ Ngân hàng hàng ngày,"Mục đích vốn (nếu có phát sinh bản giấy), Xác nhận người thụ hưởng không có TKNH với (HĐ vay 100 triệu), Chứng từ thu nhập + Năng lực tài chính (khi CIMB yêu cầu)",Giải ngân CIMB,GIAI_NGAN_CIMB,2026-06-05
7375261573752615,PGD 2307 chưa tồn tại hoặc là PGD chỉ dùng cho mượn chứng từ,2307,Chứng từ Vận hành hàng ngày,"Phiếu chi, Hóa đơn (nếu có)",Điện,,2026-06-05
2087090909073819004,Trùng parent_document_code trong nguồn Oracle,5904,Chứng từ Vận hành hàng ngày,"BB tất toán/thanh lý, Phiếu thu đóng hợp đồng",Đóng HĐCC nợ xấu chủ động,DONG_HDCC_CDNX,2026-06-05
6019903498700173819422,PGD 9221 chưa tồn tại hoặc là PGD chỉ dùng cho mượn chứng từ,9221,Chứng từ Vận hành hàng ngày,Phiếu thu đóng hợp đồng,Đóng hợp đồng chủ động,DONG_HD_CD,2026-06-05
6037368184773808385,PGD 7827 chưa tồn tại hoặc là PGD chỉ dùng cho mượn chứng từ,7827,Chứng từ Vận hành hàng ngày,Giấy đề nghị,Đóng HĐCC chủ động,DONG_HDCC_CD,2026-06-05
6059441094073801572,PGD 1283 chưa tồn tại hoặc là PGD chỉ dùng cho mượn chứng từ,1283,Chứng từ Vận hành hàng ngày,"Giấy đề nghị, Phiếu chi giải ngân, Ủy quyền epay",Đóng HĐCC chủ động,DONG_HDCC_CD,2026-06-05
5012496897073801674,Trùng parent_document_code trong nguồn Oracle,8241,Chứng từ Vận hành hàng ngày,"BB tất toán/thanh lý, Phiếu thu đóng hợp đồng, Biên bản chấm dứt thỏa thuận sử dụng TS và hoàn trả TS",Đóng HĐCC nợ xấu chủ động,DONG_HDCC_CDNX,2026-06-05
7374586173745861,PGD 7968 chưa tồn tại hoặc là PGD chỉ dùng cho mượn chứng từ,7968,Chứng từ Vận hành hàng ngày,"Phiếu chi, Biên lai / Phiếu yêu cầu dịch vụ/ Giấy nộp tiền (theo từng đơn vị chuyển tiền)",Chuyển quỹ,,2026-06-05
6059441094000173822481,PGD 1283 chưa tồn tại hoặc là PGD chỉ dùng cho mượn chứng từ,1283,Chứng từ Vận hành hàng ngày,Phiếu thu đóng hợp đồng,Đóng hợp đồng chủ động,DONG_HD_CD,2026-06-05
6061704594100173817599,PGD 2311 chưa tồn tại hoặc là PGD chỉ dùng cho mượn chứng từ,2311,Chứng từ Ngân hàng hàng ngày,"Mục đích vốn (nếu có phát sinh bản giấy), Xác nhận người thụ hưởng không có TKNH với (HĐ vay 100 triệu), Chứng từ thu nhập + Năng lực tài chính (khi CIMB yêu cầu)",Giải ngân CIMB,GIAI_NGAN_CIMB,2026-06-05
6067276954800173827546,PGD 2310 chưa tồn tại hoặc là PGD chỉ dùng cho mượn chứng từ,2310,Chứng từ Ngân hàng hàng ngày,"Mục đích vốn (nếu có phát sinh bản giấy), Xác nhận người thụ hưởng không có TKNH với (HĐ vay 100 triệu), Chứng từ thu nhập + Năng lực tài chính (khi CIMB yêu cầu)",Giải ngân CIMB,GIAI_NGAN_CIMB,2026-06-05
6058307637900173837059,Không map được loại chứng từ: Giấy đề nghị tái tục giấy nhận nợ,9201,Chứng từ Vận hành hàng ngày,Giấy đề nghị tái tục giấy nhận nợ,Đáo hạn,DONG_HD_DH,2026-06-05
6066079179100173835050,PGD 8631 chưa tồn tại hoặc là PGD chỉ dùng cho mượn chứng từ,8631,Chứng từ Ngân hàng hàng ngày,"Mục đích vốn (nếu có phát sinh bản giấy), Xác nhận người thụ hưởng không có TKNH với (HĐ vay 100 triệu), Chứng từ thu nhập + Năng lực tài chính (khi CIMB yêu cầu)",Giải ngân CIMB,GIAI_NGAN_CIMB,2026-06-05
6064907431400173817960,PGD 9322 chưa tồn tại hoặc là PGD chỉ dùng cho mượn chứng từ,9322,Chứng từ Ngân hàng hàng ngày,"Mục đích vốn (nếu có phát sinh bản giấy), Xác nhận người thụ hưởng không có TKNH với (HĐ vay 100 triệu), Chứng từ thu nhập + Năng lực tài chính (khi CIMB yêu cầu)",Giải ngân CIMB,GIAI_NGAN_CIMB,2026-06-05
2118414879573803760,PGD 2269 chưa tồn tại hoặc là PGD chỉ dùng cho mượn chứng từ,2269,Chứng từ Vận hành hàng ngày,"Giấy đề nghị, Phiếu chi giải ngân",Đóng HĐCC nợ xấu chủ động,DONG_HDCC_CDNX,2026-06-05
6063034598700173823492,PGD 2302 chưa tồn tại hoặc là PGD chỉ dùng cho mượn chứng từ,2302,Chứng từ Ngân hàng hàng ngày,"Mục đích vốn (nếu có phát sinh bản giấy), Xác nhận người thụ hưởng không có TKNH với (HĐ vay 100 triệu), Chứng từ thu nhập + Năng lực tài chính (khi CIMB yêu cầu)",Giải ngân CIMB,GIAI_NGAN_CIMB,2026-06-05
6059441094073801588,PGD 1283 chưa tồn tại hoặc là PGD chỉ dùng cho mượn chứng từ,1283,Chứng từ Vận hành hàng ngày,"BB tất toán/thanh lý, Phiếu thu đóng hợp đồng, Biên bản chấm dứt thỏa thuận sử dụng TS và hoàn trả TS, Giấy đề nghị",Đóng HĐCC chủ động,DONG_HDCC_CD,2026-06-05
7374874073748740,PGD 2309 chưa tồn tại hoặc là PGD chỉ dùng cho mượn chứng từ,2309,Chứng từ Vận hành hàng ngày,"Phiếu chi, Hóa đơn (nếu có)",Điện,,2026-06-05
6059441094000173822478,PGD 1283 chưa tồn tại hoặc là PGD chỉ dùng cho mượn chứng từ,1283,Chứng từ Vận hành hàng ngày,"Phiếu yêu cầu miễn giảm (nếu có), Phiếu yêu cầu miễn giảm (nếu có)",Miễn giảm,MIEN_GIAM,2026-06-05
7374164473741644,PGD 2302 chưa tồn tại hoặc là PGD chỉ dùng cho mượn chứng từ,2302,Chứng từ Vận hành hàng ngày,"Phiếu chi, Biên lai / Phiếu yêu cầu dịch vụ/ Giấy nộp tiền (theo từng đơn vị chuyển tiền)",Chuyển quỹ,,2026-06-05
6064035832500173825524,PGD 7437 chưa tồn tại hoặc là PGD chỉ dùng cho mượn chứng từ,7437,Chứng từ Ngân hàng hàng ngày,"Mục đích vốn (nếu có phát sinh bản giấy), Xác nhận người thụ hưởng không có TKNH với (HĐ vay 100 triệu), Chứng từ thu nhập + Năng lực tài chính (khi CIMB yêu cầu)",Giải ngân CIMB,GIAI_NGAN_CIMB,2026-06-05
6056816576373823823,PGD 1283 chưa tồn tại hoặc là PGD chỉ dùng cho mượn chứng từ,1283,Chứng từ Vận hành hàng ngày,"Giấy đề nghị, Phiếu chi giải ngân, Ủy quyền epay",Đóng HĐCC chủ động,DONG_HDCC_CD,2026-06-05
6056816576373823906,PGD 1283 chưa tồn tại hoặc là PGD chỉ dùng cho mượn chứng từ,1283,Chứng từ Vận hành hàng ngày,Giấy đề nghị,Đóng HĐCC chủ động,DONG_HDCC_CD,2026-06-05
7375263773752637,PGD 8631 chưa tồn tại hoặc là PGD chỉ dùng cho mượn chứng từ,8631,Chứng từ Vận hành hàng ngày,Phiếu thu,Nhận quỹ,,2026-06-05
4120497676673819200,Trùng parent_document_code trong nguồn Oracle,2277,Chứng từ Vận hành hàng ngày,"Giấy đề nghị, Phiếu chi giải ngân, Ủy quyền epay",Đóng HĐCC chủ động,DONG_HDCC_CD,2026-06-05
7374584773745847,PGD 8244 chưa tồn tại hoặc là PGD chỉ dùng cho mượn chứng từ,8244,Chứng từ Vận hành hàng ngày,"Phiếu chi, Biên lai / Phiếu yêu cầu dịch vụ/ Giấy nộp tiền (theo từng đơn vị chuyển tiền)",Chuyển quỹ,,2026-06-05
7375352273753522,PGD 8245 chưa tồn tại hoặc là PGD chỉ dùng cho mượn chứng từ,8245,Chứng từ Vận hành hàng ngày,"Phiếu chi, Biên lai / Phiếu yêu cầu dịch vụ/ Giấy nộp tiền (theo từng đơn vị chuyển tiền)",Chuyển quỹ,,2026-06-05
6059441094000173822479,PGD 1283 chưa tồn tại hoặc là PGD chỉ dùng cho mượn chứng từ,1283,Chứng từ Vận hành hàng ngày,"Phiếu yêu cầu miễn giảm (nếu có), Phiếu yêu cầu miễn giảm (nếu có)",Miễn giảm đóng HĐ,MIEN_GIAM_DONG_HD,2026-06-05
6023736254873795708,PGD 9221 chưa tồn tại hoặc là PGD chỉ dùng cho mượn chứng từ,9221,Chứng từ Vận hành hàng ngày,Giấy đề nghị,Đóng HĐCC chủ động,DONG_HDCC_CD,2026-06-05
5093027084073822892,Không map được loại chứng từ: HĐ ký gửi tài sản,8713,Chứng từ Vận hành hàng ngày,HĐ ký gửi tài sản,Đóng HĐCC chủ động,DONG_HDCC_CD,2026-06-05
5120054023473828208,Trùng parent_document_code trong nguồn Oracle,1066,Chứng từ Vận hành hàng ngày,"BB tất toán/thanh lý, Phiếu thu đóng hợp đồng, Biên bản chấm dứt thỏa thuận sử dụng TS và hoàn trả TS",Đóng HĐCC chủ động,DONG_HDCC_CD,2026-06-05
6043561084973828610,PGD 8245 chưa tồn tại hoặc là PGD chỉ dùng cho mượn chứng từ,8245,Chứng từ Vận hành hàng ngày,"BB tất toán/thanh lý, Phiếu thu đóng hợp đồng, Biên bản chấm dứt thỏa thuận sử dụng TS và hoàn trả TS, Giấy đề nghị",Đóng HĐCC chủ động,DONG_HDCC_CD,2026-06-05
6031219257373829138,Trùng parent_document_code trong nguồn Oracle,7909,Chứng từ Vận hành hàng ngày,"BB tất toán/thanh lý, Phiếu thu đóng hợp đồng, Biên bản chấm dứt thỏa thuận sử dụng TS và hoàn trả TS",Đóng HĐCC chủ động,DONG_HDCC_CD,2026-06-05
6064041122800173836706,PGD 8631 chưa tồn tại hoặc là PGD chỉ dùng cho mượn chứng từ,8631,Chứng từ Ngân hàng hàng ngày,"Mục đích vốn (nếu có phát sinh bản giấy), Xác nhận người thụ hưởng không có TKNH với (HĐ vay 100 triệu), Chứng từ thu nhập + Năng lực tài chính (khi CIMB yêu cầu)",Giải ngân CIMB,GIAI_NGAN_CIMB,2026-06-05
5101244015173795790,Trùng parent_document_code trong nguồn Oracle,5829,Chứng từ Vận hành hàng ngày,"Giấy đề nghị, Phiếu chi giải ngân",Đóng HĐCC chủ động,DONG_HDCC_CD,2026-06-05
6037368184773808220,PGD 7827 chưa tồn tại hoặc là PGD chỉ dùng cho mượn chứng từ,7827,Chứng từ Vận hành hàng ngày,"Giấy đề nghị, Phiếu chi giải ngân, Ủy quyền epay",Đóng HĐCC chủ động,DONG_HDCC_CD,2026-06-05
7375096973750969,PGD 2308 chưa tồn tại hoặc là PGD chỉ dùng cho mượn chứng từ,2308,Chứng từ Vận hành hàng ngày,"Phiếu chi, Biên lai / Phiếu yêu cầu dịch vụ/ Giấy nộp tiền (theo từng đơn vị chuyển tiền)",Chuyển quỹ,,2026-06-05
7375323273753232,PGD 8631 chưa tồn tại hoặc là PGD chỉ dùng cho mượn chứng từ,8631,Chứng từ Vận hành hàng ngày,Phiếu thu,Nhận quỹ,,2026-06-05
6040861815473802172,PGD 6219 chưa tồn tại hoặc là PGD chỉ dùng cho mượn chứng từ,6219,Chứng từ Vận hành hàng ngày,"Giấy đề nghị, Phiếu chi giải ngân",Đóng HĐCC chủ động,DONG_HDCC_CD,2026-06-05
5093027084073822903,Không map được loại chứng từ: HĐ ký gửi tài sản,8713,Chứng từ Vận hành hàng ngày,HĐ ký gửi tài sản,Đóng HĐCC chủ động,DONG_HDCC_CD,2026-06-05
6053621653173822089,PGD 8244 chưa tồn tại hoặc là PGD chỉ dùng cho mượn chứng từ,8244,Chứng từ Vận hành hàng ngày,"Giấy đề nghị, Phiếu chi giải ngân",Đóng HĐCC chủ động,DONG_HDCC_CD,2026-06-05
6063303239300173836936,PGD 2308 chưa tồn tại hoặc là PGD chỉ dùng cho mượn chứng từ,2308,Chứng từ Ngân hàng hàng ngày,"Mục đích vốn (nếu có phát sinh bản giấy), Xác nhận người thụ hưởng không có TKNH với (HĐ vay 100 triệu), Chứng từ thu nhập + Năng lực tài chính (khi CIMB yêu cầu)",Giải ngân CIMB,GIAI_NGAN_CIMB,2026-06-05
6023736254873795694,PGD 9221 chưa tồn tại hoặc là PGD chỉ dùng cho mượn chứng từ,9221,Chứng từ Vận hành hàng ngày,"Giấy đề nghị, Phiếu chi giải ngân, Ủy quyền epay",Đóng HĐCC chủ động,DONG_HDCC_CD,2026-06-05
6063602110800173828637,PGD 5132 chưa tồn tại hoặc là PGD chỉ dùng cho mượn chứng từ,5132,Chứng từ Ngân hàng hàng ngày,"Mục đích vốn (nếu có phát sinh bản giấy), Xác nhận người thụ hưởng không có TKNH với (HĐ vay 100 triệu), Chứng từ thu nhập + Năng lực tài chính (khi CIMB yêu cầu)",Giải ngân CIMB,GIAI_NGAN_CIMB,2026-06-05
7373896273738962,PGD 8244 chưa tồn tại hoặc là PGD chỉ dùng cho mượn chứng từ,8244,Chứng từ Vận hành hàng ngày,"Phiếu chi, Hóa đơn (nếu có)",Điện,,2026-06-05
6037761466973827580,PGD 8631 chưa tồn tại hoặc là PGD chỉ dùng cho mượn chứng từ,8631,Chứng từ Vận hành hàng ngày,"BB tất toán/thanh lý, Phiếu thu đóng hợp đồng, Biên bản chấm dứt thỏa thuận sử dụng TS và hoàn trả TS, Giấy đề nghị",Đóng HĐCC chủ động,DONG_HDCC_CD,2026-06-05
7374277373742773,PGD 8631 chưa tồn tại hoặc là PGD chỉ dùng cho mượn chứng từ,8631,Chứng từ Vận hành hàng ngày,"Phiếu chi, Hóa đơn (nếu có)",Điện,,2026-06-05
7374865173748651,PGD 8135 chưa tồn tại hoặc là PGD chỉ dùng cho mượn chứng từ,8135,Chứng từ Vận hành hàng ngày,"Phiếu chi, Hóa đơn (nếu có)",Điện,,2026-06-05
6037707356573787212,PGD 1283 chưa tồn tại hoặc là PGD chỉ dùng cho mượn chứng từ,1283,Chứng từ Vận hành hàng ngày,"Giấy đề nghị, Phiếu chi giải ngân, Ủy quyền epay",Đóng HĐCC chủ động,DONG_HDCC_CD,2026-06-05
7374168473741684,PGD 2307 chưa tồn tại hoặc là PGD chỉ dùng cho mượn chứng từ,2307,Chứng từ Vận hành hàng ngày,Phiếu thu,Nhận quỹ,,2026-06-05
6067173929700173827526,PGD 7827 chưa tồn tại hoặc là PGD chỉ dùng cho mượn chứng từ,7827,Chứng từ Ngân hàng hàng ngày,"Mục đích vốn (nếu có phát sinh bản giấy), Xác nhận người thụ hưởng không có TKNH với (HĐ vay 100 triệu), Chứng từ thu nhập + Năng lực tài chính (khi CIMB yêu cầu)",Giải ngân CIMB,GIAI_NGAN_CIMB,2026-06-05
6019903498700173819420,PGD 9221 chưa tồn tại hoặc là PGD chỉ dùng cho mượn chứng từ,9221,Chứng từ Vận hành hàng ngày,"Phiếu yêu cầu miễn giảm (nếu có), Phiếu yêu cầu miễn giảm (nếu có)",Miễn giảm đóng HĐ,MIEN_GIAM_DONG_HD,2026-06-05
7375311473753114,PGD 6731 chưa tồn tại hoặc là PGD chỉ dùng cho mượn chứng từ,6731,Chứng từ Vận hành hàng ngày,"Phiếu chi, Biên lai / Phiếu yêu cầu dịch vụ/ Giấy nộp tiền (theo từng đơn vị chuyển tiền)",Chuyển quỹ,,2026-06-05
6066073632400173812583,PGD 5245 chưa tồn tại hoặc là PGD chỉ dùng cho mượn chứng từ,5245,Chứng từ Ngân hàng hàng ngày,"Mục đích vốn (nếu có phát sinh bản giấy), Xác nhận người thụ hưởng không có TKNH với (HĐ vay 100 triệu), Chứng từ thu nhập + Năng lực tài chính (khi CIMB yêu cầu)",Giải ngân CIMB,GIAI_NGAN_CIMB,2026-06-05
6019903498773795505,PGD 9221 chưa tồn tại hoặc là PGD chỉ dùng cho mượn chứng từ,9221,Chứng từ Vận hành hàng ngày,"Giấy đề nghị, Phiếu chi giải ngân, Ủy quyền epay",Đóng HĐCC chủ động,DONG_HDCC_CD,2026-06-05
6065719550700173815808,PGD 2307 chưa tồn tại hoặc là PGD chỉ dùng cho mượn chứng từ,2307,Chứng từ Ngân hàng hàng ngày,"Mục đích vốn (nếu có phát sinh bản giấy), Xác nhận người thụ hưởng không có TKNH với (HĐ vay 100 triệu), Chứng từ thu nhập + Năng lực tài chính (khi CIMB yêu cầu)",Giải ngân CIMB,GIAI_NGAN_CIMB,2026-06-05
7373639673736396,PGD 5132 chưa tồn tại hoặc là PGD chỉ dùng cho mượn chứng từ,5132,Chứng từ Vận hành hàng ngày,Phiếu chi,Rút tiền dư từ CIF,RUT_TIEN_DU_KH,2026-06-05
6058680171073827703,PGD 5132 chưa tồn tại hoặc là PGD chỉ dùng cho mượn chứng từ,5132,Chứng từ Vận hành hàng ngày,"Giấy đề nghị, Phiếu chi giải ngân, Ủy quyền epay",Đóng HĐCC chủ động,DONG_HDCC_CD,2026-06-05
6033566696073801832,Trùng parent_document_code trong nguồn Oracle,5733,Chứng từ Vận hành hàng ngày,"BB tất toán/thanh lý, Phiếu thu đóng hợp đồng, Biên bản chấm dứt thỏa thuận sử dụng TS và hoàn trả TS",Đóng HĐCC chủ động,DONG_HDCC_CD,2026-06-05
6019903498773795515,PGD 9221 chưa tồn tại hoặc là PGD chỉ dùng cho mượn chứng từ,9221,Chứng từ Vận hành hàng ngày,"BB tất toán/thanh lý, Phiếu thu đóng hợp đồng, Biên bản chấm dứt thỏa thuận sử dụng TS và hoàn trả TS, Giấy đề nghị",Đóng HĐCC chủ động,DONG_HDCC_CD,2026-06-05
7374824773748247,PGD 9322 chưa tồn tại hoặc là PGD chỉ dùng cho mượn chứng từ,9322,Chứng từ Vận hành hàng ngày,"Phiếu chi, Biên lai / Phiếu yêu cầu dịch vụ/ Giấy nộp tiền (theo từng đơn vị chuyển tiền)",Chuyển quỹ,,2026-06-05
7374872873748728,PGD 4827 chưa tồn tại hoặc là PGD chỉ dùng cho mượn chứng từ,4827,Chứng từ Vận hành hàng ngày,"Phiếu chi, Hóa đơn (nếu có)",Điện,,2026-06-05
6045669122373824429,PGD 2305 chưa tồn tại hoặc là PGD chỉ dùng cho mượn chứng từ,2305,Chứng từ Vận hành hàng ngày,"Giấy đề nghị, Phiếu chi giải ngân, Ủy quyền epay",Đóng HĐCC chủ động,DONG_HDCC_CD,2026-06-05
6061577551400173833717,PGD 8516 chưa tồn tại hoặc là PGD chỉ dùng cho mượn chứng từ,8516,Chứng từ Ngân hàng hàng ngày,"Mục đích vốn (nếu có phát sinh bản giấy), Xác nhận người thụ hưởng không có TKNH với (HĐ vay 100 triệu), Chứng từ thu nhập + Năng lực tài chính (khi CIMB yêu cầu)",Giải ngân CIMB,GIAI_NGAN_CIMB,2026-06-05
6058680171073827815,PGD 5132 chưa tồn tại hoặc là PGD chỉ dùng cho mượn chứng từ,5132,Chứng từ Vận hành hàng ngày,Giấy đề nghị,Đóng HĐCC chủ động,DONG_HDCC_CD,2026-06-05
7374808973748089,PGD 9221 chưa tồn tại hoặc là PGD chỉ dùng cho mượn chứng từ,9221,Chứng từ Vận hành hàng ngày,"Phiếu chi, Biên lai / Phiếu yêu cầu dịch vụ/ Giấy nộp tiền (theo từng đơn vị chuyển tiền)",Chuyển quỹ,,2026-06-05
6062597169700173835308,PGD 5244 chưa tồn tại hoặc là PGD chỉ dùng cho mượn chứng từ,5244,Chứng từ Ngân hàng hàng ngày,"Mục đích vốn (nếu có phát sinh bản giấy), Xác nhận người thụ hưởng không có TKNH với (HĐ vay 100 triệu), Chứng từ thu nhập + Năng lực tài chính (khi CIMB yêu cầu)",Giải ngân CIMB,GIAI_NGAN_CIMB,2026-06-05
6068362646300173802495,PGD 4114 chưa tồn tại hoặc là PGD chỉ dùng cho mượn chứng từ,4114,Chứng từ Ngân hàng hàng ngày,"Mục đích vốn (nếu có phát sinh bản giấy), Xác nhận người thụ hưởng không có TKNH với (HĐ vay 100 triệu), Chứng từ thu nhập + Năng lực tài chính (khi CIMB yêu cầu)",Giải ngân CIMB,GIAI_NGAN_CIMB,2026-06-05
6045669122373824439,PGD 2305 chưa tồn tại hoặc là PGD chỉ dùng cho mượn chứng từ,2305,Chứng từ Vận hành hàng ngày,Giấy đề nghị,Đóng HĐCC chủ động,DONG_HDCC_CD,2026-06-05
6054276207173788574,PGD 9322 chưa tồn tại hoặc là PGD chỉ dùng cho mượn chứng từ,9322,Chứng từ Vận hành hàng ngày,"Giấy đề nghị, Phiếu chi giải ngân",Đóng HĐCC chủ động,DONG_HDCC_CD,2026-06-05
7375263973752639,PGD 8631 chưa tồn tại hoặc là PGD chỉ dùng cho mượn chứng từ,8631,Chứng từ Vận hành hàng ngày,Phiếu thu,Nhận quỹ,,2026-06-05
5109207058673821180,Trùng parent_document_code trong nguồn Oracle,5673,Chứng từ Vận hành hàng ngày,"BB tất toán/thanh lý, Phiếu thu đóng hợp đồng, Biên bản chấm dứt thỏa thuận sử dụng TS và hoàn trả TS",Đóng HĐCC chủ động,DONG_HDCC_CD,2026-06-05
7373801973738019,PGD 5245 chưa tồn tại hoặc là PGD chỉ dùng cho mượn chứng từ,5245,Chứng từ Vận hành hàng ngày,Phiếu thu,Nhận quỹ,,2026-06-05
5094925811673784960,Trùng parent_document_code trong nguồn Oracle,8606,Chứng từ Vận hành hàng ngày,"BB tất toán/thanh lý, Phiếu thu đóng hợp đồng, Biên bản chấm dứt thỏa thuận sử dụng TS và hoàn trả TS",Đóng HĐCC chủ động,DONG_HDCC_CD,2026-06-05
6037288186100173833618,Không map được loại chứng từ: Giấy đề nghị tái tục giấy nhận nợ,3203,Chứng từ Vận hành hàng ngày,Giấy đề nghị tái tục giấy nhận nợ,Đáo hạn,DONG_HD_DH,2026-06-05
6064284731600173837640,PGD 2305 chưa tồn tại hoặc là PGD chỉ dùng cho mượn chứng từ,2305,Chứng từ Ngân hàng hàng ngày,"Mục đích vốn (nếu có phát sinh bản giấy), Xác nhận người thụ hưởng không có TKNH với (HĐ vay 100 triệu), Chứng từ thu nhập + Năng lực tài chính (khi CIMB yêu cầu)",Giải ngân CIMB,GIAI_NGAN_CIMB,2026-06-05
6065207667100173937777,PGD 7767 chưa tồn tại hoặc là PGD chỉ dùng cho mượn chứng từ,7767,Chứng từ Ngân hàng hàng ngày,"Mục đích vốn (nếu có phát sinh bản giấy), Xác nhận người thụ hưởng không có TKNH với (HĐ vay 100 triệu), Chứng từ thu nhập + Năng lực tài chính (khi CIMB yêu cầu)",Giải ngân CIMB,GIAI_NGAN_CIMB,2026-06-06
6059805208773944319,PGD 2308 chưa tồn tại hoặc là PGD chỉ dùng cho mượn chứng từ,2308,Chứng từ Vận hành hàng ngày,Giấy đề nghị,Đóng HĐCC chủ động,DONG_HDCC_CD,2026-06-06
6056976538573927845,PGD 2306 chưa tồn tại hoặc là PGD chỉ dùng cho mượn chứng từ,2306,Chứng từ Vận hành hàng ngày,Giấy đề nghị,Đóng HĐCC chủ động,DONG_HDCC_CD,2026-06-06
5080393665073907190,Không map được loại chứng từ: HĐ ký gửi tài sản,4404,Chứng từ Vận hành hàng ngày,HĐ ký gửi tài sản,Đóng HĐCC chủ động,DONG_HDCC_CD,2026-06-06
6069276344100173940703,PGD 9322 chưa tồn tại hoặc là PGD chỉ dùng cho mượn chứng từ,9322,Chứng từ Ngân hàng hàng ngày,"Mục đích vốn (nếu có phát sinh bản giấy), Xác nhận người thụ hưởng không có TKNH với (HĐ vay 100 triệu), Chứng từ thu nhập + Năng lực tài chính (khi CIMB yêu cầu)",Giải ngân CIMB,GIAI_NGAN_CIMB,2026-06-06
6064740726400173930000,PGD 1283 chưa tồn tại hoặc là PGD chỉ dùng cho mượn chứng từ,1283,Chứng từ Ngân hàng hàng ngày,"Mục đích vốn (nếu có phát sinh bản giấy), Xác nhận người thụ hưởng không có TKNH với (HĐ vay 100 triệu), Chứng từ thu nhập + Năng lực tài chính (khi CIMB yêu cầu)",Giải ngân CIMB,GIAI_NGAN_CIMB,2026-06-06
5080393665073907205,Không map được loại chứng từ: HĐ ký gửi tài sản,4404,Chứng từ Vận hành hàng ngày,HĐ ký gửi tài sản,Đóng HĐCC chủ động,DONG_HDCC_CD,2026-06-06
6059263989973942839,PGD 1286 chưa tồn tại hoặc là PGD chỉ dùng cho mượn chứng từ,1286,Chứng từ Vận hành hàng ngày,"Giấy đề nghị, Phiếu chi giải ngân",Đóng HĐCC chủ động,DONG_HDCC_CD,2026-06-06
6059305700273908873,PGD 9221 chưa tồn tại hoặc là PGD chỉ dùng cho mượn chứng từ,9221,Chứng từ Vận hành hàng ngày,"Giấy đề nghị, Bản cam kết TS riêng, Phiếu chi giải ngân, HĐUQ bản F88 in",Đóng HĐCC chủ động,DONG_HDCC_CD,2026-06-06
6068557293700173932761,PGD 2310 chưa tồn tại hoặc là PGD chỉ dùng cho mượn chứng từ,2310,Chứng từ Ngân hàng hàng ngày,"Mục đích vốn (nếu có phát sinh bản giấy), Xác nhận người thụ hưởng không có TKNH với (HĐ vay 100 triệu), Chứng từ thu nhập + Năng lực tài chính (khi CIMB yêu cầu)",Giải ngân CIMB,GIAI_NGAN_CIMB,2026-06-06
7387579973875799,PGD 8516 chưa tồn tại hoặc là PGD chỉ dùng cho mượn chứng từ,8516,Chứng từ Vận hành hàng ngày,Phiếu chi,Tạm ứng cho nhân viên,,2026-06-06
7388425473884254,PGD 5244 chưa tồn tại hoặc là PGD chỉ dùng cho mượn chứng từ,5244,Chứng từ Vận hành hàng ngày,"Phiếu chi, Biên lai / Phiếu yêu cầu dịch vụ/ Giấy nộp tiền (theo từng đơn vị chuyển tiền)",Chuyển quỹ,,2026-06-06
6057860941873912123,PGD 5243 chưa tồn tại hoặc là PGD chỉ dùng cho mượn chứng từ,5243,Chứng từ Vận hành hàng ngày,"Giấy đề nghị, Phiếu chi giải ngân",Đóng HĐCC chủ động,DONG_HDCC_CD,2026-06-06
6065642833500173950994,PGD 6219 chưa tồn tại hoặc là PGD chỉ dùng cho mượn chứng từ,6219,Chứng từ Ngân hàng hàng ngày,"Mục đích vốn (nếu có phát sinh bản giấy), Xác nhận người thụ hưởng không có TKNH với (HĐ vay 100 triệu), Chứng từ thu nhập + Năng lực tài chính (khi CIMB yêu cầu)",Giải ngân CIMB,GIAI_NGAN_CIMB,2026-06-06
7387392273873922,PGD 5243 chưa tồn tại hoặc là PGD chỉ dùng cho mượn chứng từ,5243,Chứng từ Vận hành hàng ngày,"Phiếu chi, Biên lai / Phiếu yêu cầu dịch vụ/ Giấy nộp tiền (theo từng đơn vị chuyển tiền)",Chuyển quỹ,,2026-06-06
6043834921273935711,PGD 6731 chưa tồn tại hoặc là PGD chỉ dùng cho mượn chứng từ,6731,Chứng từ Vận hành hàng ngày,"Giấy đề nghị, Phiếu chi giải ngân, Ủy quyền epay",Đóng HĐCC chủ động,DONG_HDCC_CD,2026-06-06
5048945132773923547,Trùng parent_document_code trong nguồn Oracle,5620,Chứng từ Vận hành hàng ngày,"BB tất toán/thanh lý, Phiếu thu đóng hợp đồng, Biên bản chấm dứt thỏa thuận sử dụng TS và hoàn trả TS",Đóng HĐCC nợ xấu chủ động,DONG_HDCC_CDNX,2026-06-06
5121260782073945522,Trùng parent_document_code trong nguồn Oracle,7602,Chứng từ Vận hành hàng ngày,"BB tất toán/thanh lý, Phiếu thu đóng hợp đồng, Biên bản chấm dứt thỏa thuận sử dụng TS và hoàn trả TS",Đóng HĐCC nợ xấu chủ động,DONG_HDCC_CDNX,2026-06-06
7387260273872602,PGD 8516 chưa tồn tại hoặc là PGD chỉ dùng cho mượn chứng từ,8516,Chứng từ Vận hành hàng ngày,Phiếu thu,Nhận quỹ,,2026-06-06
6056324384273912253,PGD 8025 chưa tồn tại hoặc là PGD chỉ dùng cho mượn chứng từ,8025,Chứng từ Vận hành hàng ngày,Giấy đề nghị,Đóng HĐCC chủ động,DONG_HDCC_CD,2026-06-06
7387562273875622,PGD 1286 chưa tồn tại hoặc là PGD chỉ dùng cho mượn chứng từ,1286,Chứng từ Vận hành hàng ngày,"Phiếu chi, Biên lai / Phiếu yêu cầu dịch vụ/ Giấy nộp tiền (theo từng đơn vị chuyển tiền)",Chuyển quỹ,,2026-06-06
6062838219400173953280,PGD 2306 chưa tồn tại hoặc là PGD chỉ dùng cho mượn chứng từ,2306,Chứng từ Ngân hàng hàng ngày,"Mục đích vốn (nếu có phát sinh bản giấy), Xác nhận người thụ hưởng không có TKNH với (HĐ vay 100 triệu), Chứng từ thu nhập + Năng lực tài chính (khi CIMB yêu cầu)",Giải ngân CIMB,GIAI_NGAN_CIMB,2026-06-06
6064956370200173952042,PGD 8631 chưa tồn tại hoặc là PGD chỉ dùng cho mượn chứng từ,8631,Chứng từ Ngân hàng hàng ngày,"Mục đích vốn (nếu có phát sinh bản giấy), Xác nhận người thụ hưởng không có TKNH với (HĐ vay 100 triệu), Chứng từ thu nhập + Năng lực tài chính (khi CIMB yêu cầu)",Giải ngân CIMB,GIAI_NGAN_CIMB,2026-06-06
7387835473878354,PGD 8631 chưa tồn tại hoặc là PGD chỉ dùng cho mượn chứng từ,8631,Chứng từ Vận hành hàng ngày,Phiếu thu,Nhận quỹ,,2026-06-06
7388156273881562,PGD 6731 chưa tồn tại hoặc là PGD chỉ dùng cho mượn chứng từ,6731,Chứng từ Vận hành hàng ngày,"Phiếu chi, Biên lai / Phiếu yêu cầu dịch vụ/ Giấy nộp tiền (theo từng đơn vị chuyển tiền)",Chuyển quỹ,,2026-06-06
6055567778000173955383,PGD 1286 chưa tồn tại hoặc là PGD chỉ dùng cho mượn chứng từ,1286,Chứng từ Vận hành hàng ngày,Phiếu thu đóng hợp đồng,Đóng hợp đồng chủ động,DONG_HD_CD,2026-06-06
6061816814900173944807,Không map được loại chứng từ: Mục đích sử dụng vốn cho khoản vay trên 100 triệu (MB yêu cầu),1004,Chứng từ Ngân hàng hàng ngày,Mục đích sử dụng vốn cho khoản vay trên 100 triệu (MB yêu cầu),Giải ngân MB,GIAI_NGAN_MB,2026-06-06
6048726152773934341,PGD 1284 chưa tồn tại hoặc là PGD chỉ dùng cho mượn chứng từ,1284,Chứng từ Vận hành hàng ngày,Giấy đề nghị,Đóng HĐCC chủ động,DONG_HDCC_CD,2026-06-06
4016513691500373944932,Không map được loại chứng từ: Giấy đề nghị tái tục giấy nhận nợ,9201,Chứng từ Vận hành hàng ngày,Giấy đề nghị tái tục giấy nhận nợ,Đáo hạn,DONG_HD_DH,2026-06-06
6063657252900173957563,PGD 5552 chưa tồn tại hoặc là PGD chỉ dùng cho mượn chứng từ,5552,Chứng từ Ngân hàng hàng ngày,"Mục đích vốn (nếu có phát sinh bản giấy), Xác nhận người thụ hưởng không có TKNH với (HĐ vay 100 triệu), Chứng từ thu nhập + Năng lực tài chính (khi CIMB yêu cầu)",Giải ngân CIMB,GIAI_NGAN_CIMB,2026-06-06
6068149254800173936957,PGD 2311 chưa tồn tại hoặc là PGD chỉ dùng cho mượn chứng từ,2311,Chứng từ Ngân hàng hàng ngày,"Mục đích vốn (nếu có phát sinh bản giấy), Xác nhận người thụ hưởng không có TKNH với (HĐ vay 100 triệu), Chứng từ thu nhập + Năng lực tài chính (khi CIMB yêu cầu)",Giải ngân CIMB,GIAI_NGAN_CIMB,2026-06-06
6064599836500173937187,PGD 7767 chưa tồn tại hoặc là PGD chỉ dùng cho mượn chứng từ,7767,Chứng từ Ngân hàng hàng ngày,"Mục đích vốn (nếu có phát sinh bản giấy), Xác nhận người thụ hưởng không có TKNH với (HĐ vay 100 triệu), Chứng từ thu nhập + Năng lực tài chính (khi CIMB yêu cầu)",Giải ngân CIMB,GIAI_NGAN_CIMB,2026-06-06
5069275742600173946037,Không map được loại chứng từ: Giấy đề nghị tái tục giấy nhận nợ,2038,Chứng từ Vận hành hàng ngày,Giấy đề nghị tái tục giấy nhận nợ,Đáo hạn,DONG_HD_DH,2026-06-06
7387217673872176,PGD 1283 chưa tồn tại hoặc là PGD chỉ dùng cho mượn chứng từ,1283,Chứng từ Vận hành hàng ngày,"Phiếu chi, Biên lai / Phiếu yêu cầu dịch vụ/ Giấy nộp tiền (theo từng đơn vị chuyển tiền)",Chuyển quỹ,,2026-06-06
6043834921273935821,PGD 6731 chưa tồn tại hoặc là PGD chỉ dùng cho mượn chứng từ,6731,Chứng từ Vận hành hàng ngày,"BB tất toán/thanh lý, Phiếu thu đóng hợp đồng, Biên bản chấm dứt thỏa thuận sử dụng TS và hoàn trả TS, Giấy đề nghị",Đóng HĐCC chủ động,DONG_HDCC_CD,2026-06-06
6061491063700173937670,PGD 8135 chưa tồn tại hoặc là PGD chỉ dùng cho mượn chứng từ,8135,Chứng từ Ngân hàng hàng ngày,"Mục đích vốn (nếu có phát sinh bản giấy), Xác nhận người thụ hưởng không có TKNH với (HĐ vay 100 triệu), Chứng từ thu nhập + Năng lực tài chính (khi CIMB yêu cầu)",Giải ngân CIMB,GIAI_NGAN_CIMB,2026-06-06
6066419888200173953673,PGD 5132 chưa tồn tại hoặc là PGD chỉ dùng cho mượn chứng từ,5132,Chứng từ Ngân hàng hàng ngày,"Mục đích vốn (nếu có phát sinh bản giấy), Xác nhận người thụ hưởng không có TKNH với (HĐ vay 100 triệu), Chứng từ thu nhập + Năng lực tài chính (khi CIMB yêu cầu)",Giải ngân CIMB,GIAI_NGAN_CIMB,2026-06-06
7388158373881583,PGD 6731 chưa tồn tại hoặc là PGD chỉ dùng cho mượn chứng từ,6731,Chứng từ Vận hành hàng ngày,"Phiếu chi, Biên lai / Phiếu yêu cầu dịch vụ/ Giấy nộp tiền (theo từng đơn vị chuyển tiền)",Chuyển quỹ,,2026-06-06
6036161907173935304,Trùng parent_document_code trong nguồn Oracle,5663,Chứng từ Vận hành hàng ngày,"Giấy đề nghị, Bản cam kết TS riêng, Phiếu chi giải ngân, HĐUQ bản F88 in",Đóng HĐCC chủ động,DONG_HDCC_CD,2026-06-06
6065845291500173943029,PGD 8244 chưa tồn tại hoặc là PGD chỉ dùng cho mượn chứng từ,8244,Chứng từ Ngân hàng hàng ngày,"Mục đích vốn (nếu có phát sinh bản giấy), Xác nhận người thụ hưởng không có TKNH với (HĐ vay 100 triệu), Chứng từ thu nhập + Năng lực tài chính (khi CIMB yêu cầu)",Giải ngân CIMB,GIAI_NGAN_CIMB,2026-06-06
4012980268900473944661,Không map được loại chứng từ: Giấy đề nghị tái tục giấy nhận nợ,5405,Chứng từ Vận hành hàng ngày,Giấy đề nghị tái tục giấy nhận nợ,Đáo hạn,DONG_HD_DH,2026-06-06
6042242221873920075,PGD 9322 chưa tồn tại hoặc là PGD chỉ dùng cho mượn chứng từ,9322,Chứng từ Vận hành hàng ngày,Giấy đề nghị,Đóng HĐCC chủ động,DONG_HDCC_CD,2026-06-06
5114045385273946338,Không map được loại chứng từ: HĐ ký gửi tài sản,4008,Chứng từ Vận hành hàng ngày,HĐ ký gửi tài sản,Đóng HĐCC chủ động,DONG_HDCC_CD,2026-06-06
4065745991100473953366,Không map được loại chứng từ: Giấy đề nghị tái tục giấy nhận nợ,8205,Chứng từ Vận hành hàng ngày,Giấy đề nghị tái tục giấy nhận nợ,Đáo hạn,DONG_HD_DH,2026-06-06
4030087889600873934243,Không map được loại chứng từ: Giấy đề nghị tái tục giấy nhận nợ,9102,Chứng từ Vận hành hàng ngày,Giấy đề nghị tái tục giấy nhận nợ,Đáo hạn,DONG_HD_DH,2026-06-06
7386751373867513,PGD 5737 chưa tồn tại hoặc là PGD chỉ dùng cho mượn chứng từ,5737,Chứng từ Vận hành hàng ngày,Phiếu chi,Rút tiền dư từ CIF,RUT_TIEN_DU_KH,2026-06-06
4048874034473940032,Trùng parent_document_code trong nguồn Oracle,6727,Chứng từ Vận hành hàng ngày,"Biên bản bàn giao TS cầm cố, Thỏa thuận sử dụng TS, Biên bản bàn giao TS cho mượn, HDCC, Giấy đề nghị, Bản cam kết TS riêng, Phiếu chi giải ngân, HĐUQ bản F88 in, Giấy nhận nợ",Đóng HĐCC nợ xấu chủ động,DONG_HDCC_CDNX,2026-06-06
6058331949373940349,PGD 5132 chưa tồn tại hoặc là PGD chỉ dùng cho mượn chứng từ,5132,Chứng từ Vận hành hàng ngày,"Giấy đề nghị, Phiếu chi giải ngân, Ủy quyền epay",Đóng HĐCC chủ động,DONG_HDCC_CD,2026-06-06
5065717254073929934,Trùng parent_document_code trong nguồn Oracle,8134,Chứng từ Vận hành hàng ngày,"BB tất toán/thanh lý, Phiếu thu đóng hợp đồng, Biên bản chấm dứt thỏa thuận sử dụng TS và hoàn trả TS",Đóng HĐCC chủ động,DONG_HDCC_CD,2026-06-06
5114045385273946330,Không map được loại chứng từ: HĐ ký gửi tài sản,4008,Chứng từ Vận hành hàng ngày,HĐ ký gửi tài sản,Đóng HĐCC chủ động,DONG_HDCC_CD,2026-06-06
7386730473867304,PGD 5243 chưa tồn tại hoặc là PGD chỉ dùng cho mượn chứng từ,5243,Chứng từ Vận hành hàng ngày,Phiếu chi,Rút tiền dư từ CIF,RUT_TIEN_DU_KH,2026-06-06
6061772802600173946144,PGD 2303 chưa tồn tại hoặc là PGD chỉ dùng cho mượn chứng từ,2303,Chứng từ Ngân hàng hàng ngày,"Mục đích vốn (nếu có phát sinh bản giấy), Xác nhận người thụ hưởng không có TKNH với (HĐ vay 100 triệu), Chứng từ thu nhập + Năng lực tài chính (khi CIMB yêu cầu)",Giải ngân CIMB,GIAI_NGAN_CIMB,2026-06-06
7388301973883019,PGD 5132 chưa tồn tại hoặc là PGD chỉ dùng cho mượn chứng từ,5132,Chứng từ Vận hành hàng ngày,"Phiếu chi, Biên lai / Phiếu yêu cầu dịch vụ/ Giấy nộp tiền (theo từng đơn vị chuyển tiền)",Chuyển quỹ,,2026-06-06
6059805208773944253,PGD 2308 chưa tồn tại hoặc là PGD chỉ dùng cho mượn chứng từ,2308,Chứng từ Vận hành hàng ngày,"Giấy đề nghị, Phiếu chi giải ngân, Ủy quyền epay",Đóng HĐCC chủ động,DONG_HDCC_CD,2026-06-06
6048726152773934331,PGD 1284 chưa tồn tại hoặc là PGD chỉ dùng cho mượn chứng từ,1284,Chứng từ Vận hành hàng ngày,"Giấy đề nghị, Phiếu chi giải ngân, Ủy quyền epay",Đóng HĐCC chủ động,DONG_HDCC_CD,2026-06-06
7387844973878449,PGD 8631 chưa tồn tại hoặc là PGD chỉ dùng cho mượn chứng từ,8631,Chứng từ Vận hành hàng ngày,"Phiếu chi, Biên lai / Phiếu yêu cầu dịch vụ/ Giấy nộp tiền (theo từng đơn vị chuyển tiền)",Chuyển quỹ,,2026-06-06
6064846582400173956079,Không map được loại chứng từ: Mục đích sử dụng vốn cho khoản vay trên 100 triệu (MB yêu cầu),5304,Chứng từ Ngân hàng hàng ngày,Mục đích sử dụng vốn cho khoản vay trên 100 triệu (MB yêu cầu),Giải ngân MB,GIAI_NGAN_MB,2026-06-06
7387374573873745,PGD 5243 chưa tồn tại hoặc là PGD chỉ dùng cho mượn chứng từ,5243,Chứng từ Vận hành hàng ngày,Phiếu thu,Nhận quỹ,,2026-06-06
7387612673876126,PGD 6731 chưa tồn tại hoặc là PGD chỉ dùng cho mượn chứng từ,6731,Chứng từ Vận hành hàng ngày,"Phiếu chi, Biên lai / Phiếu yêu cầu dịch vụ/ Giấy nộp tiền (theo từng đơn vị chuyển tiền)",Chuyển quỹ,,2026-06-06
6055567778073945415,PGD 1286 chưa tồn tại hoặc là PGD chỉ dùng cho mượn chứng từ,1286,Chứng từ Vận hành hàng ngày,"Giấy đề nghị, Phiếu chi giải ngân",Đóng HĐCC chủ động,DONG_HDCC_CD,2026-06-06
6051563304073939649,PGD 1288 chưa tồn tại hoặc là PGD chỉ dùng cho mượn chứng từ,1288,Chứng từ Vận hành hàng ngày,"Giấy đề nghị, Phiếu chi giải ngân",Đóng HĐCC chủ động,DONG_HDCC_CD,2026-06-06
6058331949373940360,PGD 5132 chưa tồn tại hoặc là PGD chỉ dùng cho mượn chứng từ,5132,Chứng từ Vận hành hàng ngày,Giấy đề nghị,Đóng HĐCC chủ động,DONG_HDCC_CD,2026-06-06
6068717085000173955534,PGD 8631 chưa tồn tại hoặc là PGD chỉ dùng cho mượn chứng từ,8631,Chứng từ Ngân hàng hàng ngày,"Mục đích vốn (nếu có phát sinh bản giấy), Xác nhận người thụ hưởng không có TKNH với (HĐ vay 100 triệu), Chứng từ thu nhập + Năng lực tài chính (khi CIMB yêu cầu)",Giải ngân CIMB,GIAI_NGAN_CIMB,2026-06-06
6043834921200173948006,PGD 6731 chưa tồn tại hoặc là PGD chỉ dùng cho mượn chứng từ,6731,Chứng từ Vận hành hàng ngày,Phiếu thu đóng hợp đồng,Đóng hợp đồng chủ động,DONG_HD_CD,2026-06-06
6064159671800173938030,PGD 5245 chưa tồn tại hoặc là PGD chỉ dùng cho mượn chứng từ,5245,Chứng từ Ngân hàng hàng ngày,"Mục đích vốn (nếu có phát sinh bản giấy), Xác nhận người thụ hưởng không có TKNH với (HĐ vay 100 triệu), Chứng từ thu nhập + Năng lực tài chính (khi CIMB yêu cầu)",Giải ngân CIMB,GIAI_NGAN_CIMB,2026-06-06
6063907978000173939078,PGD 2308 chưa tồn tại hoặc là PGD chỉ dùng cho mượn chứng từ,2308,Chứng từ Ngân hàng hàng ngày,"Mục đích vốn (nếu có phát sinh bản giấy), Xác nhận người thụ hưởng không có TKNH với (HĐ vay 100 triệu), Chứng từ thu nhập + Năng lực tài chính (khi CIMB yêu cầu)",Giải ngân CIMB,GIAI_NGAN_CIMB,2026-06-06
6061844243400173939699,PGD 7767 chưa tồn tại hoặc là PGD chỉ dùng cho mượn chứng từ,7767,Chứng từ Ngân hàng hàng ngày,"Mục đích vốn (nếu có phát sinh bản giấy), Xác nhận người thụ hưởng không có TKNH với (HĐ vay 100 triệu), Chứng từ thu nhập + Năng lực tài chính (khi CIMB yêu cầu)",Giải ngân CIMB,GIAI_NGAN_CIMB,2026-06-06
6042242221873920061,PGD 9322 chưa tồn tại hoặc là PGD chỉ dùng cho mượn chứng từ,9322,Chứng từ Vận hành hàng ngày,"Giấy đề nghị, Phiếu chi giải ngân, Ủy quyền epay",Đóng HĐCC chủ động,DONG_HDCC_CD,2026-06-06
6035203912100173941246,Không map được loại chứng từ: Giấy đề nghị tái tục giấy nhận nợ,7910,Chứng từ Vận hành hàng ngày,Giấy đề nghị tái tục giấy nhận nợ,Đáo hạn,DONG_HD_DH,2026-06-06
6056976538573927779,PGD 2306 chưa tồn tại hoặc là PGD chỉ dùng cho mượn chứng từ,2306,Chứng từ Vận hành hàng ngày,"Giấy đề nghị, Phiếu chi giải ngân, Ủy quyền epay",Đóng HĐCC chủ động,DONG_HDCC_CD,2026-06-06
7387396873873968,PGD 8631 chưa tồn tại hoặc là PGD chỉ dùng cho mượn chứng từ,8631,Chứng từ Vận hành hàng ngày,Phiếu thu,Nhận quỹ,,2026-06-06
6059263989900173952370,PGD 1286 chưa tồn tại hoặc là PGD chỉ dùng cho mượn chứng từ,1286,Chứng từ Vận hành hàng ngày,"Phiếu yêu cầu miễn giảm (nếu có), Phiếu yêu cầu miễn giảm (nếu có)",Miễn giảm đóng HĐ,MIEN_GIAM_DONG_HD,2026-06-06
7387466673874666,PGD 2308 chưa tồn tại hoặc là PGD chỉ dùng cho mượn chứng từ,2308,Chứng từ Vận hành hàng ngày,"Phiếu chi, Biên lai / Phiếu yêu cầu dịch vụ/ Giấy nộp tiền (theo từng đơn vị chuyển tiền)",Chuyển quỹ,,2026-06-06
6065641113500173955170,PGD 4114 chưa tồn tại hoặc là PGD chỉ dùng cho mượn chứng từ,4114,Chứng từ Ngân hàng hàng ngày,"Mục đích vốn (nếu có phát sinh bản giấy), Xác nhận người thụ hưởng không có TKNH với (HĐ vay 100 triệu), Chứng từ thu nhập + Năng lực tài chính (khi CIMB yêu cầu)",Giải ngân CIMB,GIAI_NGAN_CIMB,2026-06-06
6056324384273912142,PGD 8025 chưa tồn tại hoặc là PGD chỉ dùng cho mượn chứng từ,8025,Chứng từ Vận hành hàng ngày,"Giấy đề nghị, Phiếu chi giải ngân, Ủy quyền epay",Đóng HĐCC chủ động,DONG_HDCC_CD,2026-06-06
6069987729300173933460,PGD 7437 chưa tồn tại hoặc là PGD chỉ dùng cho mượn chứng từ,7437,Chứng từ Ngân hàng hàng ngày,"Mục đích vốn (nếu có phát sinh bản giấy), Xác nhận người thụ hưởng không có TKNH với (HĐ vay 100 triệu), Chứng từ thu nhập + Năng lực tài chính (khi CIMB yêu cầu)",Giải ngân CIMB,GIAI_NGAN_CIMB,2026-06-06
7388007873880078,PGD 8135 chưa tồn tại hoặc là PGD chỉ dùng cho mượn chứng từ,8135,Chứng từ Vận hành hàng ngày,"Phiếu chi, Biên lai / Phiếu yêu cầu dịch vụ/ Giấy nộp tiền (theo từng đơn vị chuyển tiền)",Chuyển quỹ,,2026-06-06
6061007513600173938407,PGD 8631 chưa tồn tại hoặc là PGD chỉ dùng cho mượn chứng từ,8631,Chứng từ Ngân hàng hàng ngày,"Mục đích vốn (nếu có phát sinh bản giấy), Xác nhận người thụ hưởng không có TKNH với (HĐ vay 100 triệu), Chứng từ thu nhập + Năng lực tài chính (khi CIMB yêu cầu)",Giải ngân CIMB,GIAI_NGAN_CIMB,2026-06-06
7388310773883107,PGD 4826 chưa tồn tại hoặc là PGD chỉ dùng cho mượn chứng từ,4826,Chứng từ Vận hành hàng ngày,"Phiếu chi, Biên lai / Phiếu yêu cầu dịch vụ/ Giấy nộp tiền (theo từng đơn vị chuyển tiền)",Chuyển quỹ,,2026-06-06
7387568773875687,PGD 9322 chưa tồn tại hoặc là PGD chỉ dùng cho mượn chứng từ,9322,Chứng từ Vận hành hàng ngày,"Phiếu chi, Biên lai / Phiếu yêu cầu dịch vụ/ Giấy nộp tiền (theo từng đơn vị chuyển tiền)",Chuyển quỹ,,2026-06-06
6063284197500173939117,PGD 9221 chưa tồn tại hoặc là PGD chỉ dùng cho mượn chứng từ,9221,Chứng từ Ngân hàng hàng ngày,"Mục đích vốn (nếu có phát sinh bản giấy), Xác nhận người thụ hưởng không có TKNH với (HĐ vay 100 triệu), Chứng từ thu nhập + Năng lực tài chính (khi CIMB yêu cầu)",Giải ngân CIMB,GIAI_NGAN_CIMB,2026-06-06
6047586462573907201,PGD 5132 chưa tồn tại hoặc là PGD chỉ dùng cho mượn chứng từ,5132,Chứng từ Vận hành hàng ngày,"Giấy đề nghị, Phiếu chi giải ngân, Ủy quyền epay",Đóng HĐCC chủ động,DONG_HDCC_CD,2026-06-06
6047586462573907210,PGD 5132 chưa tồn tại hoặc là PGD chỉ dùng cho mượn chứng từ,5132,Chứng từ Vận hành hàng ngày,Giấy đề nghị,Đóng HĐCC chủ động,DONG_HDCC_CD,2026-06-06
6069031235900173946049,PGD 5552 chưa tồn tại hoặc là PGD chỉ dùng cho mượn chứng từ,5552,Chứng từ Ngân hàng hàng ngày,"Mục đích vốn (nếu có phát sinh bản giấy), Xác nhận người thụ hưởng không có TKNH với (HĐ vay 100 triệu), Chứng từ thu nhập + Năng lực tài chính (khi CIMB yêu cầu)",Giải ngân CIMB,GIAI_NGAN_CIMB,2026-06-06
7388432273884322,PGD 5132 chưa tồn tại hoặc là PGD chỉ dùng cho mượn chứng từ,5132,Chứng từ Vận hành hàng ngày,"Phiếu chi, Biên lai / Phiếu yêu cầu dịch vụ/ Giấy nộp tiền (theo từng đơn vị chuyển tiền)",Chuyển quỹ,,2026-06-06
7387875573878755,PGD 7827 chưa tồn tại hoặc là PGD chỉ dùng cho mượn chứng từ,7827,Chứng từ Vận hành hàng ngày,"Phiếu chi, Hóa đơn (nếu có)",Điện,,2026-06-06
6066330321600173940158,PGD 2304 chưa tồn tại hoặc là PGD chỉ dùng cho mượn chứng từ,2304,Chứng từ Ngân hàng hàng ngày,"Mục đích vốn (nếu có phát sinh bản giấy), Xác nhận người thụ hưởng không có TKNH với (HĐ vay 100 triệu), Chứng từ thu nhập + Năng lực tài chính (khi CIMB yêu cầu)",Giải ngân CIMB,GIAI_NGAN_CIMB,2026-06-06
6061682792200173948493,PGD 7436 chưa tồn tại hoặc là PGD chỉ dùng cho mượn chứng từ,7436,Chứng từ Ngân hàng hàng ngày,"Mục đích vốn (nếu có phát sinh bản giấy), Xác nhận người thụ hưởng không có TKNH với (HĐ vay 100 triệu), Chứng từ thu nhập + Năng lực tài chính (khi CIMB yêu cầu)",Giải ngân CIMB,GIAI_NGAN_CIMB,2026-06-06
7387788273877882,PGD 8631 chưa tồn tại hoặc là PGD chỉ dùng cho mượn chứng từ,8631,Chứng từ Vận hành hàng ngày,"Phiếu chi, Biên lai / Phiếu yêu cầu dịch vụ/ Giấy nộp tiền (theo từng đơn vị chuyển tiền)",Chuyển quỹ,,2026-06-06
4050843528173908392,Trùng parent_document_code trong nguồn Oracle,1266,Chứng từ Vận hành hàng ngày,"BB tất toán/thanh lý, Phiếu thu đóng hợp đồng, Biên bản chấm dứt thỏa thuận sử dụng TS và hoàn trả TS",Đóng HĐCC chủ động,DONG_HDCC_CD,2026-06-06
7387981673879816,PGD 1283 chưa tồn tại hoặc là PGD chỉ dùng cho mượn chứng từ,1283,Chứng từ Vận hành hàng ngày,"Phiếu chi, Biên lai / Phiếu yêu cầu dịch vụ/ Giấy nộp tiền (theo từng đơn vị chuyển tiền)",Chuyển quỹ,,2026-06-06
6062154090800173934567,PGD 4826 chưa tồn tại hoặc là PGD chỉ dùng cho mượn chứng từ,4826,Chứng từ Ngân hàng hàng ngày,"Mục đích vốn (nếu có phát sinh bản giấy), Xác nhận người thụ hưởng không có TKNH với (HĐ vay 100 triệu), Chứng từ thu nhập + Năng lực tài chính (khi CIMB yêu cầu)",Giải ngân CIMB,GIAI_NGAN_CIMB,2026-06-06
7387847473878474,PGD 5552 chưa tồn tại hoặc là PGD chỉ dùng cho mượn chứng từ,5552,Chứng từ Vận hành hàng ngày,"Phiếu chi, Biên lai / Phiếu yêu cầu dịch vụ/ Giấy nộp tiền (theo từng đơn vị chuyển tiền)",Chuyển quỹ,,2026-06-06
7388255273882552,PGD 8631 chưa tồn tại hoặc là PGD chỉ dùng cho mượn chứng từ,8631,Chứng từ Vận hành hàng ngày,Phiếu thu,Nhận quỹ,,2026-06-06
7388285073882850,PGD 1284 chưa tồn tại hoặc là PGD chỉ dùng cho mượn chứng từ,1284,Chứng từ Vận hành hàng ngày,"Phiếu chi, Biên lai / Phiếu yêu cầu dịch vụ/ Giấy nộp tiền (theo từng đơn vị chuyển tiền)",Chuyển quỹ,,2026-06-06
6040599366174025620,PGD 6219 chưa tồn tại hoặc là PGD chỉ dùng cho mượn chứng từ,6219,Chứng từ Vận hành hàng ngày,Giấy đề nghị,Đóng HĐCC chủ động,DONG_HDCC_CD,2026-06-07
6010682881300174044684,PGD 2303 chưa tồn tại hoặc là PGD chỉ dùng cho mượn chứng từ,2303,Chứng từ Vận hành hàng ngày,Phiếu thu đóng hợp đồng,Đóng hợp đồng chủ động,DONG_HD_CD,2026-06-07
5083541583800274066095,Không map được loại chứng từ: Giấy đề nghị tái tục giấy nhận nợ,8627,Chứng từ Vận hành hàng ngày,Giấy đề nghị tái tục giấy nhận nợ,Đáo hạn,DONG_HD_DH,2026-06-07
7398757573987575,PGD 5245 chưa tồn tại hoặc là PGD chỉ dùng cho mượn chứng từ,5245,Chứng từ Vận hành hàng ngày,"Phiếu chi, Biên lai / Phiếu yêu cầu dịch vụ/ Giấy nộp tiền (theo từng đơn vị chuyển tiền)",Chuyển quỹ,,2026-06-07
6069428364474019961,PGD 1284 chưa tồn tại hoặc là PGD chỉ dùng cho mượn chứng từ,1284,Chứng từ Vận hành hàng ngày,"Giấy đề nghị, Phiếu chi giải ngân",Đóng HĐCC chủ động,DONG_HDCC_CD,2026-06-07
6026231683274036543,PGD 8631 chưa tồn tại hoặc là PGD chỉ dùng cho mượn chứng từ,8631,Chứng từ Vận hành hàng ngày,"BB tất toán/thanh lý, Phiếu thu đóng hợp đồng, Biên bản chấm dứt thỏa thuận sử dụng TS và hoàn trả TS, Giấy đề nghị",Đóng HĐCC chủ động,DONG_HDCC_CD,2026-06-07
6064225675600174047735,PGD 1284 chưa tồn tại hoặc là PGD chỉ dùng cho mượn chứng từ,1284,Chứng từ Ngân hàng hàng ngày,"Mục đích vốn (nếu có phát sinh bản giấy), Xác nhận người thụ hưởng không có TKNH với (HĐ vay 100 triệu), Chứng từ thu nhập + Năng lực tài chính (khi CIMB yêu cầu)",Giải ngân CIMB,GIAI_NGAN_CIMB,2026-06-07
5103355129974032909,Không map được loại chứng từ: HĐ ký gửi tài sản,6501,Chứng từ Vận hành hàng ngày,HĐ ký gửi tài sản,Đóng HĐCC chủ động,DONG_HDCC_CD,2026-06-07
6052157528074045826,PGD 4114 chưa tồn tại hoặc là PGD chỉ dùng cho mượn chứng từ,4114,Chứng từ Vận hành hàng ngày,Giấy đề nghị,Đóng HĐCC chủ động,DONG_HDCC_CD,2026-06-07
6064487149200174048641,PGD 2307 chưa tồn tại hoặc là PGD chỉ dùng cho mượn chứng từ,2307,Chứng từ Ngân hàng hàng ngày,"Mục đích vốn (nếu có phát sinh bản giấy), Xác nhận người thụ hưởng không có TKNH với (HĐ vay 100 triệu), Chứng từ thu nhập + Năng lực tài chính (khi CIMB yêu cầu)",Giải ngân CIMB,GIAI_NGAN_CIMB,2026-06-07
6062461267900174061205,PGD 5244 chưa tồn tại hoặc là PGD chỉ dùng cho mượn chứng từ,5244,Chứng từ Ngân hàng hàng ngày,"Mục đích vốn (nếu có phát sinh bản giấy), Xác nhận người thụ hưởng không có TKNH với (HĐ vay 100 triệu), Chứng từ thu nhập + Năng lực tài chính (khi CIMB yêu cầu)",Giải ngân CIMB,GIAI_NGAN_CIMB,2026-06-07
6026231683200174057918,PGD 8631 chưa tồn tại hoặc là PGD chỉ dùng cho mượn chứng từ,8631,Chứng từ Vận hành hàng ngày,Phiếu thu đóng hợp đồng,Đóng hợp đồng chủ động,DONG_HD_CD,2026-06-07
7398297673982976,PGD 8631 chưa tồn tại hoặc là PGD chỉ dùng cho mượn chứng từ,8631,Chứng từ Vận hành hàng ngày,"Phiếu chi, Biên lai / Phiếu yêu cầu dịch vụ/ Giấy nộp tiền (theo từng đơn vị chuyển tiền)",Chuyển quỹ,,2026-06-07
6044100796700274070973,PGD 2302 chưa tồn tại hoặc là PGD chỉ dùng cho mượn chứng từ,2302,Chứng từ Ngân hàng hàng ngày,"Mục đích vốn (nếu có phát sinh bản giấy), Xác nhận người thụ hưởng không có TKNH với (HĐ vay 100 triệu), Chứng từ thu nhập + Năng lực tài chính (khi CIMB yêu cầu)",Giải ngân CIMB,GIAI_NGAN_CIMB,2026-06-07
7398003273980032,PGD 2303 chưa tồn tại hoặc là PGD chỉ dùng cho mượn chứng từ,2303,Chứng từ Vận hành hàng ngày,"Phiếu chi, Hóa đơn (nếu có)",Điện,,2026-06-07
6061005997300174066530,PGD 7767 chưa tồn tại hoặc là PGD chỉ dùng cho mượn chứng từ,7767,Chứng từ Ngân hàng hàng ngày,"Mục đích vốn (nếu có phát sinh bản giấy), Xác nhận người thụ hưởng không có TKNH với (HĐ vay 100 triệu), Chứng từ thu nhập + Năng lực tài chính (khi CIMB yêu cầu)",Giải ngân CIMB,GIAI_NGAN_CIMB,2026-06-07
2036578295774035249,PGD 1070 chưa tồn tại hoặc là PGD chỉ dùng cho mượn chứng từ,1070,Chứng từ Vận hành hàng ngày,"Giấy đề nghị, Phiếu chi giải ngân",Đóng HĐCC nợ xấu chủ động,DONG_HDCC_CDNX,2026-06-07
7398211473982114,PGD 8631 chưa tồn tại hoặc là PGD chỉ dùng cho mượn chứng từ,8631,Chứng từ Vận hành hàng ngày,Phiếu thu,Nhận quỹ,,2026-06-07
6065722492800174067380,PGD 5552 chưa tồn tại hoặc là PGD chỉ dùng cho mượn chứng từ,5552,Chứng từ Ngân hàng hàng ngày,"Mục đích vốn (nếu có phát sinh bản giấy), Xác nhận người thụ hưởng không có TKNH với (HĐ vay 100 triệu), Chứng từ thu nhập + Năng lực tài chính (khi CIMB yêu cầu)",Giải ngân CIMB,GIAI_NGAN_CIMB,2026-06-07
6058320512700274069851,PGD 1283 chưa tồn tại hoặc là PGD chỉ dùng cho mượn chứng từ,1283,Chứng từ Ngân hàng hàng ngày,"Mục đích vốn (nếu có phát sinh bản giấy), Xác nhận người thụ hưởng không có TKNH với (HĐ vay 100 triệu), Chứng từ thu nhập + Năng lực tài chính (khi CIMB yêu cầu)",Giải ngân CIMB,GIAI_NGAN_CIMB,2026-06-07
6062074058800174071000,PGD 9221 chưa tồn tại hoặc là PGD chỉ dùng cho mượn chứng từ,9221,Chứng từ Ngân hàng hàng ngày,"Mục đích vốn (nếu có phát sinh bản giấy), Xác nhận người thụ hưởng không có TKNH với (HĐ vay 100 triệu), Chứng từ thu nhập + Năng lực tài chính (khi CIMB yêu cầu)",Giải ngân CIMB,GIAI_NGAN_CIMB,2026-06-07
7399079273990792,PGD 5132 chưa tồn tại hoặc là PGD chỉ dùng cho mượn chứng từ,5132,Chứng từ Vận hành hàng ngày,"Phiếu chi, Biên lai / Phiếu yêu cầu dịch vụ/ Giấy nộp tiền (theo từng đơn vị chuyển tiền)",Chuyển quỹ,,2026-06-07
7398933073989330,PGD 7827 chưa tồn tại hoặc là PGD chỉ dùng cho mượn chứng từ,7827,Chứng từ Vận hành hàng ngày,"Phiếu chi, Biên lai / Phiếu yêu cầu dịch vụ/ Giấy nộp tiền (theo từng đơn vị chuyển tiền)",Chuyển quỹ,,2026-06-07
7398933573989335,PGD 4114 chưa tồn tại hoặc là PGD chỉ dùng cho mượn chứng từ,4114,Chứng từ Vận hành hàng ngày,"Phiếu chi, Biên lai / Phiếu yêu cầu dịch vụ/ Giấy nộp tiền (theo từng đơn vị chuyển tiền)",Chuyển quỹ,,2026-06-07
7398114773981147,PGD 9322 chưa tồn tại hoặc là PGD chỉ dùng cho mượn chứng từ,9322,Chứng từ Vận hành hàng ngày,"Phiếu chi, Biên lai / Phiếu yêu cầu dịch vụ/ Giấy nộp tiền (theo từng đơn vị chuyển tiền)",Chuyển quỹ,,2026-06-07
6047317355774043702,PGD 7436 chưa tồn tại hoặc là PGD chỉ dùng cho mượn chứng từ,7436,Chứng từ Vận hành hàng ngày,Giấy đề nghị,Đóng HĐCC chủ động,DONG_HDCC_CD,2026-06-07
6068246044600174066192,PGD 6731 chưa tồn tại hoặc là PGD chỉ dùng cho mượn chứng từ,6731,Chứng từ Ngân hàng hàng ngày,"Mục đích vốn (nếu có phát sinh bản giấy), Xác nhận người thụ hưởng không có TKNH với (HĐ vay 100 triệu), Chứng từ thu nhập + Năng lực tài chính (khi CIMB yêu cầu)",Giải ngân CIMB,GIAI_NGAN_CIMB,2026-06-07
6068631850300174053624,PGD 5244 chưa tồn tại hoặc là PGD chỉ dùng cho mượn chứng từ,5244,Chứng từ Ngân hàng hàng ngày,"Mục đích vốn (nếu có phát sinh bản giấy), Xác nhận người thụ hưởng không có TKNH với (HĐ vay 100 triệu), Chứng từ thu nhập + Năng lực tài chính (khi CIMB yêu cầu)",Giải ngân CIMB,GIAI_NGAN_CIMB,2026-06-07
7398005173980051,PGD 2306 chưa tồn tại hoặc là PGD chỉ dùng cho mượn chứng từ,2306,Chứng từ Vận hành hàng ngày,Phiếu thu,Nhận quỹ,,2026-06-07
5101290529974028886,Không map được loại chứng từ: HĐ ký gửi tài sản,6707,Chứng từ Vận hành hàng ngày,HĐ ký gửi tài sản,Đóng HĐCC chủ động,DONG_HDCC_CD,2026-06-07
6054050573974030714,PGD 1285 chưa tồn tại hoặc là PGD chỉ dùng cho mượn chứng từ,1285,Chứng từ Vận hành hàng ngày,"Giấy đề nghị, Phiếu chi giải ngân",Đóng HĐCC chủ động,DONG_HDCC_CD,2026-06-07
7398635273986352,PGD 1286 chưa tồn tại hoặc là PGD chỉ dùng cho mượn chứng từ,1286,Chứng từ Vận hành hàng ngày,"Phiếu chi, Biên lai / Phiếu yêu cầu dịch vụ/ Giấy nộp tiền (theo từng đơn vị chuyển tiền)",Chuyển quỹ,,2026-06-07
4065505545335774045177,Không map được loại chứng từ: Giấy đề nghị tái tục giấy nhận nợ,8514,Chứng từ Vận hành hàng ngày,Giấy đề nghị tái tục giấy nhận nợ,Đáo hạn,DONG_HD_DH,2026-06-07
6069627119200174062570,PGD 2303 chưa tồn tại hoặc là PGD chỉ dùng cho mượn chứng từ,2303,Chứng từ Ngân hàng hàng ngày,"Mục đích vốn (nếu có phát sinh bản giấy), Xác nhận người thụ hưởng không có TKNH với (HĐ vay 100 triệu), Chứng từ thu nhập + Năng lực tài chính (khi CIMB yêu cầu)",Giải ngân CIMB,GIAI_NGAN_CIMB,2026-06-07
2056854566274020245,Trùng parent_document_code trong nguồn Oracle,1069,Chứng từ Vận hành hàng ngày,"HDCC, Giấy đề nghị, Phiếu chi giải ngân",Đóng HĐCC nợ xấu chủ động,DONG_HDCC_CDNX,2026-06-07
6067847137800174045747,PGD 8631 chưa tồn tại hoặc là PGD chỉ dùng cho mượn chứng từ,8631,Chứng từ Ngân hàng hàng ngày,"Mục đích vốn (nếu có phát sinh bản giấy), Xác nhận người thụ hưởng không có TKNH với (HĐ vay 100 triệu), Chứng từ thu nhập + Năng lực tài chính (khi CIMB yêu cầu)",Giải ngân CIMB,GIAI_NGAN_CIMB,2026-06-07
6065059491900174049340,Không map được loại chứng từ: Giấy đề nghị tái tục giấy nhận nợ,1081,Chứng từ Vận hành hàng ngày,Giấy đề nghị tái tục giấy nhận nợ,Đáo hạn,DONG_HD_DH,2026-06-07
6052157528074045813,PGD 4114 chưa tồn tại hoặc là PGD chỉ dùng cho mượn chứng từ,4114,Chứng từ Vận hành hàng ngày,"Giấy đề nghị, Phiếu chi giải ngân, Ủy quyền epay",Đóng HĐCC chủ động,DONG_HDCC_CD,2026-06-07
7398429373984293,PGD 1288 chưa tồn tại hoặc là PGD chỉ dùng cho mượn chứng từ,1288,Chứng từ Vận hành hàng ngày,"Phiếu chi, Biên lai / Phiếu yêu cầu dịch vụ/ Giấy nộp tiền (theo từng đơn vị chuyển tiền)",Chuyển quỹ,,2026-06-07
6065575018700174071023,PGD 2304 chưa tồn tại hoặc là PGD chỉ dùng cho mượn chứng từ,2304,Chứng từ Ngân hàng hàng ngày,"Mục đích vốn (nếu có phát sinh bản giấy), Xác nhận người thụ hưởng không có TKNH với (HĐ vay 100 triệu), Chứng từ thu nhập + Năng lực tài chính (khi CIMB yêu cầu)",Giải ngân CIMB,GIAI_NGAN_CIMB,2026-06-07
1122215302274024832,Trùng parent_document_code trong nguồn Oracle,8515,Chứng từ Vận hành hàng ngày,"HDCC, Giấy đề nghị, Phiếu chi giải ngân",Đóng HĐCC nợ xấu chủ động,DONG_HDCC_CDNX,2026-06-07
6063481406400174041523,PGD 5244 chưa tồn tại hoặc là PGD chỉ dùng cho mượn chứng từ,5244,Chứng từ Ngân hàng hàng ngày,"Mục đích vốn (nếu có phát sinh bản giấy), Xác nhận người thụ hưởng không có TKNH với (HĐ vay 100 triệu), Chứng từ thu nhập + Năng lực tài chính (khi CIMB yêu cầu)",Giải ngân CIMB,GIAI_NGAN_CIMB,2026-06-07
7397972373979723,PGD 5132 chưa tồn tại hoặc là PGD chỉ dùng cho mượn chứng từ,5132,Chứng từ Vận hành hàng ngày,"Phiếu chi, Biên lai / Phiếu yêu cầu dịch vụ/ Giấy nộp tiền (theo từng đơn vị chuyển tiền)",Chuyển quỹ,,2026-06-07
6062394744300174048543,PGD 8245 chưa tồn tại hoặc là PGD chỉ dùng cho mượn chứng từ,8245,Chứng từ Ngân hàng hàng ngày,"Mục đích vốn (nếu có phát sinh bản giấy), Xác nhận người thụ hưởng không có TKNH với (HĐ vay 100 triệu), Chứng từ thu nhập + Năng lực tài chính (khi CIMB yêu cầu)",Giải ngân CIMB,GIAI_NGAN_CIMB,2026-06-07
7398366973983669,PGD 6219 chưa tồn tại hoặc là PGD chỉ dùng cho mượn chứng từ,6219,Chứng từ Vận hành hàng ngày,"Phiếu chi, Biên lai / Phiếu yêu cầu dịch vụ/ Giấy nộp tiền (theo từng đơn vị chuyển tiền)",Chuyển quỹ,,2026-06-07
6040599366100174049454,PGD 6219 chưa tồn tại hoặc là PGD chỉ dùng cho mượn chứng từ,6219,Chứng từ Vận hành hàng ngày,"Phiếu yêu cầu miễn giảm (nếu có), Phiếu yêu cầu miễn giảm (nếu có)",Miễn giảm đóng HĐ,MIEN_GIAM_DONG_HD,2026-06-07
7398969573989695,PGD 8516 chưa tồn tại hoặc là PGD chỉ dùng cho mượn chứng từ,8516,Chứng từ Vận hành hàng ngày,"Phiếu chi, Biên lai / Phiếu yêu cầu dịch vụ/ Giấy nộp tiền (theo từng đơn vị chuyển tiền)",Chuyển quỹ,,2026-06-07
7398438273984382,PGD 2305 chưa tồn tại hoặc là PGD chỉ dùng cho mượn chứng từ,2305,Chứng từ Vận hành hàng ngày,"Phiếu chi, Biên lai / Phiếu yêu cầu dịch vụ/ Giấy nộp tiền (theo từng đơn vị chuyển tiền)",Chuyển quỹ,,2026-06-07
6047317355774043637,PGD 7436 chưa tồn tại hoặc là PGD chỉ dùng cho mượn chứng từ,7436,Chứng từ Vận hành hàng ngày,"Giấy đề nghị, Phiếu chi giải ngân, Ủy quyền epay",Đóng HĐCC chủ động,DONG_HDCC_CD,2026-06-07
7398620073986200,PGD 2307 chưa tồn tại hoặc là PGD chỉ dùng cho mượn chứng từ,2307,Chứng từ Vận hành hàng ngày,"Phiếu chi, Biên lai / Phiếu yêu cầu dịch vụ/ Giấy nộp tiền (theo từng đơn vị chuyển tiền)",Chuyển quỹ,,2026-06-07
6062683174900174045184,PGD 2306 chưa tồn tại hoặc là PGD chỉ dùng cho mượn chứng từ,2306,Chứng từ Ngân hàng hàng ngày,"Mục đích vốn (nếu có phát sinh bản giấy), Xác nhận người thụ hưởng không có TKNH với (HĐ vay 100 triệu), Chứng từ thu nhập + Năng lực tài chính (khi CIMB yêu cầu)",Giải ngân CIMB,GIAI_NGAN_CIMB,2026-06-07
6069462970500174045731,Không map được loại chứng từ: Mục đích sử dụng vốn cho khoản vay trên 100 triệu (MB yêu cầu),5550,Chứng từ Ngân hàng hàng ngày,Mục đích sử dụng vốn cho khoản vay trên 100 triệu (MB yêu cầu),Giải ngân MB,GIAI_NGAN_MB,2026-06-07
6054050573900174052715,PGD 1285 chưa tồn tại hoặc là PGD chỉ dùng cho mượn chứng từ,1285,Chứng từ Vận hành hàng ngày,Phiếu thu đóng hợp đồng,Đóng hợp đồng chủ động,DONG_HD_CD,2026-06-07
6026231683274036435,PGD 8631 chưa tồn tại hoặc là PGD chỉ dùng cho mượn chứng từ,8631,Chứng từ Vận hành hàng ngày,"Giấy đề nghị, Phiếu chi giải ngân, Ủy quyền epay",Đóng HĐCC chủ động,DONG_HDCC_CD,2026-06-07
6062907880100174069568,PGD 4114 chưa tồn tại hoặc là PGD chỉ dùng cho mượn chứng từ,4114,Chứng từ Ngân hàng hàng ngày,"Mục đích vốn (nếu có phát sinh bản giấy), Xác nhận người thụ hưởng không có TKNH với (HĐ vay 100 triệu), Chứng từ thu nhập + Năng lực tài chính (khi CIMB yêu cầu)",Giải ngân CIMB,GIAI_NGAN_CIMB,2026-06-07
5074116197200274041443,Không map được loại chứng từ: Giấy đề nghị tái tục giấy nhận nợ,6101,Chứng từ Vận hành hàng ngày,Giấy đề nghị tái tục giấy nhận nợ,Đáo hạn,DONG_HD_DH,2026-06-07
6066721936700174051534,PGD 2307 chưa tồn tại hoặc là PGD chỉ dùng cho mượn chứng từ,2307,Chứng từ Ngân hàng hàng ngày,"Mục đích vốn (nếu có phát sinh bản giấy), Xác nhận người thụ hưởng không có TKNH với (HĐ vay 100 triệu), Chứng từ thu nhập + Năng lực tài chính (khi CIMB yêu cầu)",Giải ngân CIMB,GIAI_NGAN_CIMB,2026-06-07
6068364076200174049123,PGD 8244 chưa tồn tại hoặc là PGD chỉ dùng cho mượn chứng từ,8244,Chứng từ Ngân hàng hàng ngày,"Mục đích vốn (nếu có phát sinh bản giấy), Xác nhận người thụ hưởng không có TKNH với (HĐ vay 100 triệu), Chứng từ thu nhập + Năng lực tài chính (khi CIMB yêu cầu)",Giải ngân CIMB,GIAI_NGAN_CIMB,2026-06-07
7398674173986741,PGD 2302 chưa tồn tại hoặc là PGD chỉ dùng cho mượn chứng từ,2302,Chứng từ Vận hành hàng ngày,"Phiếu chi, Biên lai / Phiếu yêu cầu dịch vụ/ Giấy nộp tiền (theo từng đơn vị chuyển tiền)",Chuyển quỹ,,2026-06-07
6069400380000174053492,PGD 2302 chưa tồn tại hoặc là PGD chỉ dùng cho mượn chứng từ,2302,Chứng từ Ngân hàng hàng ngày,"Mục đích vốn (nếu có phát sinh bản giấy), Xác nhận người thụ hưởng không có TKNH với (HĐ vay 100 triệu), Chứng từ thu nhập + Năng lực tài chính (khi CIMB yêu cầu)",Giải ngân CIMB,GIAI_NGAN_CIMB,2026-06-07
6063322355200174048239,PGD 8135 chưa tồn tại hoặc là PGD chỉ dùng cho mượn chứng từ,8135,Chứng từ Ngân hàng hàng ngày,"Mục đích vốn (nếu có phát sinh bản giấy), Xác nhận người thụ hưởng không có TKNH với (HĐ vay 100 triệu), Chứng từ thu nhập + Năng lực tài chính (khi CIMB yêu cầu)",Giải ngân CIMB,GIAI_NGAN_CIMB,2026-06-07
6066846799200174051982,PGD 6219 chưa tồn tại hoặc là PGD chỉ dùng cho mượn chứng từ,6219,Chứng từ Ngân hàng hàng ngày,"Mục đích vốn (nếu có phát sinh bản giấy), Xác nhận người thụ hưởng không có TKNH với (HĐ vay 100 triệu), Chứng từ thu nhập + Năng lực tài chính (khi CIMB yêu cầu)",Giải ngân CIMB,GIAI_NGAN_CIMB,2026-06-07
6064688755100174057486,PGD 2312 chưa tồn tại hoặc là PGD chỉ dùng cho mượn chứng từ,2312,Chứng từ Ngân hàng hàng ngày,"Mục đích vốn (nếu có phát sinh bản giấy), Xác nhận người thụ hưởng không có TKNH với (HĐ vay 100 triệu), Chứng từ thu nhập + Năng lực tài chính (khi CIMB yêu cầu)",Giải ngân CIMB,GIAI_NGAN_CIMB,2026-06-07
6066864965400174056329,PGD 8516 chưa tồn tại hoặc là PGD chỉ dùng cho mượn chứng từ,8516,Chứng từ Ngân hàng hàng ngày,"Mục đích vốn (nếu có phát sinh bản giấy), Xác nhận người thụ hưởng không có TKNH với (HĐ vay 100 triệu), Chứng từ thu nhập + Năng lực tài chính (khi CIMB yêu cầu)",Giải ngân CIMB,GIAI_NGAN_CIMB,2026-06-07
7397820173978201,PGD 1284 chưa tồn tại hoặc là PGD chỉ dùng cho mượn chứng từ,1284,Chứng từ Vận hành hàng ngày,"Phiếu chi, Biên lai / Phiếu yêu cầu dịch vụ/ Giấy nộp tiền (theo từng đơn vị chuyển tiền)",Chuyển quỹ,,2026-06-07
6064985451100174057369,PGD 8025 chưa tồn tại hoặc là PGD chỉ dùng cho mượn chứng từ,8025,Chứng từ Ngân hàng hàng ngày,"Mục đích vốn (nếu có phát sinh bản giấy), Xác nhận người thụ hưởng không có TKNH với (HĐ vay 100 triệu), Chứng từ thu nhập + Năng lực tài chính (khi CIMB yêu cầu)",Giải ngân CIMB,GIAI_NGAN_CIMB,2026-06-07
7399122973991229,PGD 2308 chưa tồn tại hoặc là PGD chỉ dùng cho mượn chứng từ,2308,Chứng từ Vận hành hàng ngày,"Phiếu chi, Biên lai / Phiếu yêu cầu dịch vụ/ Giấy nộp tiền (theo từng đơn vị chuyển tiền)",Chuyển quỹ,,2026-06-07
6063947473100174052579,PGD 8136 chưa tồn tại hoặc là PGD chỉ dùng cho mượn chứng từ,8136,Chứng từ Ngân hàng hàng ngày,"Mục đích vốn (nếu có phát sinh bản giấy), Xác nhận người thụ hưởng không có TKNH với (HĐ vay 100 triệu), Chứng từ thu nhập + Năng lực tài chính (khi CIMB yêu cầu)",Giải ngân CIMB,GIAI_NGAN_CIMB,2026-06-07
7398927073989270,PGD 5244 chưa tồn tại hoặc là PGD chỉ dùng cho mượn chứng từ,5244,Chứng từ Vận hành hàng ngày,"Phiếu chi, Biên lai / Phiếu yêu cầu dịch vụ/ Giấy nộp tiền (theo từng đơn vị chuyển tiền)",Chuyển quỹ,,2026-06-07
7397965973979659,PGD 2305 chưa tồn tại hoặc là PGD chỉ dùng cho mượn chứng từ,2305,Chứng từ Vận hành hàng ngày,Phiếu thu,Nhận quỹ,,2026-06-07
3127012280100774068093,Không map được loại chứng từ: Giấy đề nghị tái tục giấy nhận nợ,8204,Chứng từ Vận hành hàng ngày,Giấy đề nghị tái tục giấy nhận nợ,Đáo hạn,DONG_HD_DH,2026-06-07
7398137273981372,PGD 1284 chưa tồn tại hoặc là PGD chỉ dùng cho mượn chứng từ,1284,Chứng từ Vận hành hàng ngày,"Phiếu chi, Biên lai / Phiếu yêu cầu dịch vụ/ Giấy nộp tiền (theo từng đơn vị chuyển tiền)",Chuyển quỹ,,2026-06-07
6065889929600174052612,PGD 2312 chưa tồn tại hoặc là PGD chỉ dùng cho mượn chứng từ,2312,Chứng từ Ngân hàng hàng ngày,"Mục đích vốn (nếu có phát sinh bản giấy), Xác nhận người thụ hưởng không có TKNH với (HĐ vay 100 triệu), Chứng từ thu nhập + Năng lực tài chính (khi CIMB yêu cầu)",Giải ngân CIMB,GIAI_NGAN_CIMB,2026-06-07
6064816544400174064953,PGD 4114 chưa tồn tại hoặc là PGD chỉ dùng cho mượn chứng từ,4114,Chứng từ Ngân hàng hàng ngày,"Mục đích vốn (nếu có phát sinh bản giấy), Xác nhận người thụ hưởng không có TKNH với (HĐ vay 100 triệu), Chứng từ thu nhập + Năng lực tài chính (khi CIMB yêu cầu)",Giải ngân CIMB,GIAI_NGAN_CIMB,2026-06-07
6040140573674032123,Trùng parent_document_code trong nguồn Oracle,5101,Chứng từ Vận hành hàng ngày,"Giấy đề nghị, Phiếu chi giải ngân",Đóng HĐCC chủ động,DONG_HDCC_CD,2026-06-07
6010682881374017783,PGD 2303 chưa tồn tại hoặc là PGD chỉ dùng cho mượn chứng từ,2303,Chứng từ Vận hành hàng ngày,"Giấy đề nghị, Phiếu chi giải ngân, Ủy quyền epay",Đóng HĐCC chủ động,DONG_HDCC_CD,2026-06-07
6010682881374017894,PGD 2303 chưa tồn tại hoặc là PGD chỉ dùng cho mượn chứng từ,2303,Chứng từ Vận hành hàng ngày,"BB tất toán/thanh lý, Phiếu thu đóng hợp đồng, Biên bản chấm dứt thỏa thuận sử dụng TS và hoàn trả TS, Giấy đề nghị",Đóng HĐCC chủ động,DONG_HDCC_CD,2026-06-07
6038824459274043335,PGD 7767 chưa tồn tại hoặc là PGD chỉ dùng cho mượn chứng từ,7767,Chứng từ Vận hành hàng ngày,"BB tất toán/thanh lý, Phiếu thu đóng hợp đồng, Biên bản chấm dứt thỏa thuận sử dụng TS và hoàn trả TS, Giấy đề nghị",Đóng HĐCC chủ động,DONG_HDCC_CD,2026-06-07
6052157528000174067643,PGD 4114 chưa tồn tại hoặc là PGD chỉ dùng cho mượn chứng từ,4114,Chứng từ Vận hành hàng ngày,"Phiếu yêu cầu miễn giảm (nếu có), Phiếu yêu cầu miễn giảm (nếu có)",Miễn giảm đóng HĐ,MIEN_GIAM_DONG_HD,2026-06-07
5101290529974028877,Không map được loại chứng từ: HĐ ký gửi tài sản,6707,Chứng từ Vận hành hàng ngày,HĐ ký gửi tài sản,Đóng HĐCC chủ động,DONG_HDCC_CD,2026-06-07
6063692841200174045091,PGD 7968 chưa tồn tại hoặc là PGD chỉ dùng cho mượn chứng từ,7968,Chứng từ Ngân hàng hàng ngày,"Mục đích vốn (nếu có phát sinh bản giấy), Xác nhận người thụ hưởng không có TKNH với (HĐ vay 100 triệu), Chứng từ thu nhập + Năng lực tài chính (khi CIMB yêu cầu)",Giải ngân CIMB,GIAI_NGAN_CIMB,2026-06-07
7398271973982719,PGD 6731 chưa tồn tại hoặc là PGD chỉ dùng cho mượn chứng từ,6731,Chứng từ Vận hành hàng ngày,Phiếu thu,Nhận quỹ,,2026-06-07
6022503336274045496,Trùng parent_document_code trong nguồn Oracle,5729,Chứng từ Vận hành hàng ngày,"BB tất toán/thanh lý, Phiếu thu đóng hợp đồng, Biên bản chấm dứt thỏa thuận sử dụng TS và hoàn trả TS",Đóng HĐCC chủ động,DONG_HDCC_CD,2026-06-07
6069309072400174052174,PGD 6219 chưa tồn tại hoặc là PGD chỉ dùng cho mượn chứng từ,6219,Chứng từ Ngân hàng hàng ngày,"Mục đích vốn (nếu có phát sinh bản giấy), Xác nhận người thụ hưởng không có TKNH với (HĐ vay 100 triệu), Chứng từ thu nhập + Năng lực tài chính (khi CIMB yêu cầu)",Giải ngân CIMB,GIAI_NGAN_CIMB,2026-06-07
6063721371000174063456,Không map được loại chứng từ: Mục đích sử dụng vốn cho khoản vay trên 100 triệu (MB yêu cầu),4308,Chứng từ Ngân hàng hàng ngày,Mục đích sử dụng vốn cho khoản vay trên 100 triệu (MB yêu cầu),Giải ngân MB,GIAI_NGAN_MB,2026-06-07
6060591929000174059514,PGD 4827 chưa tồn tại hoặc là PGD chỉ dùng cho mượn chứng từ,4827,Chứng từ Ngân hàng hàng ngày,"Mục đích vốn (nếu có phát sinh bản giấy), Xác nhận người thụ hưởng không có TKNH với (HĐ vay 100 triệu), Chứng từ thu nhập + Năng lực tài chính (khi CIMB yêu cầu)",Giải ngân CIMB,GIAI_NGAN_CIMB,2026-06-07
3102587961874012373,Trùng parent_document_code trong nguồn Oracle,5620,Chứng từ Vận hành hàng ngày,"BB tất toán/thanh lý, Phiếu thu đóng hợp đồng, Biên bản chấm dứt thỏa thuận sử dụng TS và hoàn trả TS",Đóng HĐCC nợ xấu chủ động,DONG_HDCC_CDNX,2026-06-07
4120850230800674055665,Không map được loại chứng từ: Giấy đề nghị tái tục giấy nhận nợ,7201,Chứng từ Vận hành hàng ngày,Giấy đề nghị tái tục giấy nhận nợ,Đáo hạn,DONG_HD_DH,2026-06-07
6064121664400174059907,PGD 8631 chưa tồn tại hoặc là PGD chỉ dùng cho mượn chứng từ,8631,Chứng từ Ngân hàng hàng ngày,"Mục đích vốn (nếu có phát sinh bản giấy), Xác nhận người thụ hưởng không có TKNH với (HĐ vay 100 triệu), Chứng từ thu nhập + Năng lực tài chính (khi CIMB yêu cầu)",Giải ngân CIMB,GIAI_NGAN_CIMB,2026-06-07
7398053273980532,PGD 1286 chưa tồn tại hoặc là PGD chỉ dùng cho mượn chứng từ,1286,Chứng từ Vận hành hàng ngày,"Phiếu chi, Hóa đơn (nếu có)",Điện,,2026-06-07
6027341410674020094,Trùng parent_document_code trong nguồn Oracle,4413,Chứng từ Vận hành hàng ngày,"BB tất toán/thanh lý, Phiếu thu đóng hợp đồng, Biên bản chấm dứt thỏa thuận sử dụng TS và hoàn trả TS",Đóng HĐCC chủ động,DONG_HDCC_CD,2026-06-07
6069428364400174045750,PGD 1284 chưa tồn tại hoặc là PGD chỉ dùng cho mượn chứng từ,1284,Chứng từ Vận hành hàng ngày,"Phiếu yêu cầu miễn giảm (nếu có), Phiếu yêu cầu miễn giảm (nếu có)",Miễn giảm đóng HĐ,MIEN_GIAM_DONG_HD,2026-06-07
7397992373979923,PGD 8025 chưa tồn tại hoặc là PGD chỉ dùng cho mượn chứng từ,8025,Chứng từ Vận hành hàng ngày,"Phiếu chi, Hóa đơn (nếu có)",Điện,,2026-06-07
5103355129974032898,Không map được loại chứng từ: HĐ ký gửi tài sản,6501,Chứng từ Vận hành hàng ngày,HĐ ký gửi tài sản,Đóng HĐCC chủ động,DONG_HDCC_CD,2026-06-07
6010682881300174044682,PGD 2303 chưa tồn tại hoặc là PGD chỉ dùng cho mượn chứng từ,2303,Chứng từ Vận hành hàng ngày,"Phiếu yêu cầu miễn giảm (nếu có), Phiếu yêu cầu miễn giảm (nếu có)",Miễn giảm đóng HĐ,MIEN_GIAM_DONG_HD,2026-06-07
7398425973984259,PGD 1288 chưa tồn tại hoặc là PGD chỉ dùng cho mượn chứng từ,1288,Chứng từ Vận hành hàng ngày,Phiếu thu,Nhận quỹ,,2026-06-07
7398442573984425,PGD 1288 chưa tồn tại hoặc là PGD chỉ dùng cho mượn chứng từ,1288,Chứng từ Vận hành hàng ngày,"Phiếu chi, Biên lai / Phiếu yêu cầu dịch vụ/ Giấy nộp tiền (theo từng đơn vị chuyển tiền)",Chuyển quỹ,,2026-06-07
5093790661874039803,Trùng parent_document_code trong nguồn Oracle,5728,Chứng từ Vận hành hàng ngày,"BB tất toán/thanh lý, Phiếu thu đóng hợp đồng, Biên bản chấm dứt thỏa thuận sử dụng TS và hoàn trả TS",Đóng HĐCC nợ xấu chủ động,DONG_HDCC_CDNX,2026-06-07
7398354273983542,PGD 6731 chưa tồn tại hoặc là PGD chỉ dùng cho mượn chứng từ,6731,Chứng từ Vận hành hàng ngày,"Phiếu chi, Biên lai / Phiếu yêu cầu dịch vụ/ Giấy nộp tiền (theo từng đơn vị chuyển tiền)",Chuyển quỹ,,2026-06-07
6038824459200174064983,PGD 7767 chưa tồn tại hoặc là PGD chỉ dùng cho mượn chứng từ,7767,Chứng từ Vận hành hàng ngày,Phiếu thu đóng hợp đồng,Đóng hợp đồng chủ động,DONG_HD_CD,2026-06-07
6038824459274043329,PGD 7767 chưa tồn tại hoặc là PGD chỉ dùng cho mượn chứng từ,7767,Chứng từ Vận hành hàng ngày,"Giấy đề nghị, Phiếu chi giải ngân, Ủy quyền epay",Đóng HĐCC chủ động,DONG_HDCC_CD,2026-06-07
7398539373985393,PGD 2308 chưa tồn tại hoặc là PGD chỉ dùng cho mượn chứng từ,2308,Chứng từ Vận hành hàng ngày,"Phiếu chi, Biên lai / Phiếu yêu cầu dịch vụ/ Giấy nộp tiền (theo từng đơn vị chuyển tiền)",Chuyển quỹ,,2026-06-07
7398696573986965,PGD 1285 chưa tồn tại hoặc là PGD chỉ dùng cho mượn chứng từ,1285,Chứng từ Vận hành hàng ngày,"Phiếu chi, Biên lai / Phiếu yêu cầu dịch vụ/ Giấy nộp tiền (theo từng đơn vị chuyển tiền)",Chuyển quỹ,,2026-06-07
6069428364400174045752,PGD 1284 chưa tồn tại hoặc là PGD chỉ dùng cho mượn chứng từ,1284,Chứng từ Vận hành hàng ngày,Phiếu thu đóng hợp đồng,Đóng hợp đồng chủ động,DONG_HD_CD,2026-06-07
6067951069200174058606,PGD 2306 chưa tồn tại hoặc là PGD chỉ dùng cho mượn chứng từ,2306,Chứng từ Ngân hàng hàng ngày,"Mục đích vốn (nếu có phát sinh bản giấy), Xác nhận người thụ hưởng không có TKNH với (HĐ vay 100 triệu), Chứng từ thu nhập + Năng lực tài chính (khi CIMB yêu cầu)",Giải ngân CIMB,GIAI_NGAN_CIMB,2026-06-07
6040599366174025605,PGD 6219 chưa tồn tại hoặc là PGD chỉ dùng cho mượn chứng từ,6219,Chứng từ Vận hành hàng ngày,"Giấy đề nghị, Phiếu chi giải ngân, Ủy quyền epay",Đóng HĐCC chủ động,DONG_HDCC_CD,2026-06-07
6069491026200174070786,PGD 6731 chưa tồn tại hoặc là PGD chỉ dùng cho mượn chứng từ,6731,Chứng từ Ngân hàng hàng ngày,"Mục đích vốn (nếu có phát sinh bản giấy), Xác nhận người thụ hưởng không có TKNH với (HĐ vay 100 triệu), Chứng từ thu nhập + Năng lực tài chính (khi CIMB yêu cầu)",Giải ngân CIMB,GIAI_NGAN_CIMB,2026-06-07
6067080351474009630,Trùng parent_document_code trong nguồn Oracle,5820,Chứng từ Vận hành hàng ngày,"Giấy đề nghị, Phiếu chi giải ngân",Đóng HĐCC chủ động,DONG_HDCC_CD,2026-06-07
7397981773979817,PGD 5244 chưa tồn tại hoặc là PGD chỉ dùng cho mượn chứng từ,5244,Chứng từ Vận hành hàng ngày,"Phiếu chi, Biên lai / Phiếu yêu cầu dịch vụ/ Giấy nộp tiền (theo từng đơn vị chuyển tiền)",Chuyển quỹ,,2026-06-07
7398096973980969,PGD 7767 chưa tồn tại hoặc là PGD chỉ dùng cho mượn chứng từ,7767,Chứng từ Vận hành hàng ngày,"Phiếu chi, Hóa đơn (nếu có)",Điện,,2026-06-07
6059793483374048337,Trùng parent_document_code trong nguồn Oracle,1043,Chứng từ Vận hành hàng ngày,"BB tất toán/thanh lý, Phiếu thu đóng hợp đồng, Biên bản chấm dứt thỏa thuận sử dụng TS và hoàn trả TS",Đóng HĐCC chủ động,DONG_HDCC_CD,2026-06-07
7408702874087028,PGD 2308 chưa tồn tại hoặc là PGD chỉ dùng cho mượn chứng từ,2308,Chứng từ Vận hành hàng ngày,"Phiếu chi, Biên lai / Phiếu yêu cầu dịch vụ/ Giấy nộp tiền (theo từng đơn vị chuyển tiền)",Chuyển quỹ,,2026-06-08
7409393474093934,PGD 5244 chưa tồn tại hoặc là PGD chỉ dùng cho mượn chứng từ,5244,Chứng từ Vận hành hàng ngày,"Phiếu chi, Biên lai / Phiếu yêu cầu dịch vụ/ Giấy nộp tiền (theo từng đơn vị chuyển tiền)",Chuyển quỹ,,2026-06-08
5055272785974126144,Trùng parent_document_code trong nguồn Oracle,4507,Chứng từ Vận hành hàng ngày,"BB tất toán/thanh lý, Phiếu thu đóng hợp đồng, Biên bản chấm dứt thỏa thuận sử dụng TS và hoàn trả TS",Đóng HĐCC nợ xấu chủ động,DONG_HDCC_CDNX,2026-06-08
6023368391874132544,PGD 7827 chưa tồn tại hoặc là PGD chỉ dùng cho mượn chứng từ,7827,Chứng từ Vận hành hàng ngày,Giấy đề nghị,Đóng HĐCC chủ động,DONG_HDCC_CD,2026-06-08
6063279503174141392,Không map được loại chứng từ: HĐ ký gửi tài sản,8629,Chứng từ Vận hành hàng ngày,HĐ ký gửi tài sản,Đóng HĐCC chủ động,DONG_HDCC_CD,2026-06-08
6057845813374117697,PGD 2308 chưa tồn tại hoặc là PGD chỉ dùng cho mượn chứng từ,2308,Chứng từ Vận hành hàng ngày,Giấy đề nghị,Đóng HĐCC chủ động,DONG_HDCC_CD,2026-06-08
7408949374089493,PGD 5737 chưa tồn tại hoặc là PGD chỉ dùng cho mượn chứng từ,5737,Chứng từ Vận hành hàng ngày,"Phiếu chi, Hóa đơn (nếu có)",Điện,,2026-06-08
4066037558874165853,Trùng parent_document_code trong nguồn Oracle,8202,Chứng từ Vận hành hàng ngày,"Giấy đề nghị, Phiếu chi giải ngân",Đóng HĐCC nợ xấu chủ động,DONG_HDCC_CDNX,2026-06-08
6063647307000174166206,PGD 4826 chưa tồn tại hoặc là PGD chỉ dùng cho mượn chứng từ,4826,Chứng từ Ngân hàng hàng ngày,Mục đích sử dụng vốn cho khoản vay trên 100 triệu (MB yêu cầu),Giải ngân MB,GIAI_NGAN_MB,2026-06-08
7408926374089263,PGD 9322 chưa tồn tại hoặc là PGD chỉ dùng cho mượn chứng từ,9322,Chứng từ Vận hành hàng ngày,"Phiếu chi, Biên lai / Phiếu yêu cầu dịch vụ/ Giấy nộp tiền (theo từng đơn vị chuyển tiền)",Chuyển quỹ,,2026-06-08
5090269486774116149,Không map được loại chứng từ: HĐ ký gửi tài sản,8625,Chứng từ Vận hành hàng ngày,HĐ ký gửi tài sản,Đóng HĐCC chủ động,DONG_HDCC_CD,2026-06-08
5098592955074125101,Trùng parent_document_code trong nguồn Oracle,5711,Chứng từ Vận hành hàng ngày,"BB tất toán/thanh lý, Phiếu thu đóng hợp đồng, Biên bản chấm dứt thỏa thuận sử dụng TS và hoàn trả TS",Đóng HĐCC nợ xấu chủ động,DONG_HDCC_CDNX,2026-06-08
6066308463200174167099,PGD 6219 chưa tồn tại hoặc là PGD chỉ dùng cho mượn chứng từ,6219,Chứng từ Ngân hàng hàng ngày,"Mục đích vốn (nếu có phát sinh bản giấy), Xác nhận người thụ hưởng không có TKNH với (HĐ vay 100 triệu), Chứng từ thu nhập + Năng lực tài chính (khi CIMB yêu cầu)",Giải ngân CIMB,GIAI_NGAN_CIMB,2026-06-08
6068103937300174155840,PGD 1283 chưa tồn tại hoặc là PGD chỉ dùng cho mượn chứng từ,1283,Chứng từ Ngân hàng hàng ngày,"Mục đích vốn (nếu có phát sinh bản giấy), Xác nhận người thụ hưởng không có TKNH với (HĐ vay 100 triệu), Chứng từ thu nhập + Năng lực tài chính (khi CIMB yêu cầu)",Giải ngân CIMB,GIAI_NGAN_CIMB,2026-06-08
7409051474090514,PGD 9221 chưa tồn tại hoặc là PGD chỉ dùng cho mượn chứng từ,9221,Chứng từ Vận hành hàng ngày,"Phiếu chi, Hóa đơn (nếu có)",Điện,,2026-06-08
6063710656800174171855,PGD 1287 chưa tồn tại hoặc là PGD chỉ dùng cho mượn chứng từ,1287,Chứng từ Ngân hàng hàng ngày,"Mục đích vốn (nếu có phát sinh bản giấy), Xác nhận người thụ hưởng không có TKNH với (HĐ vay 100 triệu), Chứng từ thu nhập + Năng lực tài chính (khi CIMB yêu cầu)",Giải ngân CIMB,GIAI_NGAN_CIMB,2026-06-08
6063044051800174156299,PGD 8631 chưa tồn tại hoặc là PGD chỉ dùng cho mượn chứng từ,8631,Chứng từ Ngân hàng hàng ngày,"Mục đích vốn (nếu có phát sinh bản giấy), Xác nhận người thụ hưởng không có TKNH với (HĐ vay 100 triệu), Chứng từ thu nhập + Năng lực tài chính (khi CIMB yêu cầu)",Giải ngân CIMB,GIAI_NGAN_CIMB,2026-06-08
6061883172100174156361,PGD 5435 chưa tồn tại hoặc là PGD chỉ dùng cho mượn chứng từ,5435,Chứng từ Ngân hàng hàng ngày,"Mục đích vốn (nếu có phát sinh bản giấy), Xác nhận người thụ hưởng không có TKNH với (HĐ vay 100 triệu), Chứng từ thu nhập + Năng lực tài chính (khi CIMB yêu cầu)",Giải ngân CIMB,GIAI_NGAN_CIMB,2026-06-08
6036093080200174171860,Không map được loại chứng từ: Giấy đề nghị tái tục giấy nhận nợ,1081,Chứng từ Vận hành hàng ngày,Giấy đề nghị tái tục giấy nhận nợ,Đáo hạn,DONG_HD_DH,2026-06-08
7409726174097261,PGD 7968 chưa tồn tại hoặc là PGD chỉ dùng cho mượn chứng từ,7968,Chứng từ Vận hành hàng ngày,"Phiếu chi, Biên lai / Phiếu yêu cầu dịch vụ/ Giấy nộp tiền (theo từng đơn vị chuyển tiền)",Chuyển quỹ,,2026-06-08
6064743725400174148431,PGD 4114 chưa tồn tại hoặc là PGD chỉ dùng cho mượn chứng từ,4114,Chứng từ Ngân hàng hàng ngày,"Mục đích vốn (nếu có phát sinh bản giấy), Xác nhận người thụ hưởng không có TKNH với (HĐ vay 100 triệu), Chứng từ thu nhập + Năng lực tài chính (khi CIMB yêu cầu)",Giải ngân CIMB,GIAI_NGAN_CIMB,2026-06-08
7408690074086900,PGD 9322 chưa tồn tại hoặc là PGD chỉ dùng cho mượn chứng từ,9322,Chứng từ Vận hành hàng ngày,"Phiếu chi, Hóa đơn (nếu có)",Điện,,2026-06-08
6062912396700174157037,PGD 1288 chưa tồn tại hoặc là PGD chỉ dùng cho mượn chứng từ,1288,Chứng từ Ngân hàng hàng ngày,"Mục đích vốn (nếu có phát sinh bản giấy), Xác nhận người thụ hưởng không có TKNH với (HĐ vay 100 triệu), Chứng từ thu nhập + Năng lực tài chính (khi CIMB yêu cầu)",Giải ngân CIMB,GIAI_NGAN_CIMB,2026-06-08
6069285443300174175536,PGD 5132 chưa tồn tại hoặc là PGD chỉ dùng cho mượn chứng từ,5132,Chứng từ Ngân hàng hàng ngày,"Mục đích vốn (nếu có phát sinh bản giấy), Xác nhận người thụ hưởng không có TKNH với (HĐ vay 100 triệu), Chứng từ thu nhập + Năng lực tài chính (khi CIMB yêu cầu)",Giải ngân CIMB,GIAI_NGAN_CIMB,2026-06-08
6060579299400174175245,PGD 7968 chưa tồn tại hoặc là PGD chỉ dùng cho mượn chứng từ,7968,Chứng từ Ngân hàng hàng ngày,"Mục đích vốn (nếu có phát sinh bản giấy), Xác nhận người thụ hưởng không có TKNH với (HĐ vay 100 triệu), Chứng từ thu nhập + Năng lực tài chính (khi CIMB yêu cầu)",Giải ngân CIMB,GIAI_NGAN_CIMB,2026-06-08
5124805085874127370,PGD 1278 chưa tồn tại hoặc là PGD chỉ dùng cho mượn chứng từ,1278,Chứng từ Vận hành hàng ngày,"Giấy đề nghị, Bản cam kết TS riêng, Phiếu chi giải ngân, HĐUQ bản F88 in",Đóng HĐCC chủ động,DONG_HDCC_CD,2026-06-08
7408953674089536,PGD 9322 chưa tồn tại hoặc là PGD chỉ dùng cho mượn chứng từ,9322,Chứng từ Vận hành hàng ngày,"Phiếu chi, Biên lai / Phiếu yêu cầu dịch vụ/ Giấy nộp tiền (theo từng đơn vị chuyển tiền)",Chuyển quỹ,,2026-06-08
6041928799374146808,Không map được loại chứng từ: HĐ ký gửi tài sản,2033,Chứng từ Vận hành hàng ngày,HĐ ký gửi tài sản,Đóng HĐCC chủ động,DONG_HDCC_CD,2026-06-08
6060926817900174176214,PGD 2303 chưa tồn tại hoặc là PGD chỉ dùng cho mượn chứng từ,2303,Chứng từ Ngân hàng hàng ngày,"Mục đích vốn (nếu có phát sinh bản giấy), Xác nhận người thụ hưởng không có TKNH với (HĐ vay 100 triệu), Chứng từ thu nhập + Năng lực tài chính (khi CIMB yêu cầu)",Giải ngân CIMB,GIAI_NGAN_CIMB,2026-06-08
7409028874090288,PGD 2305 chưa tồn tại hoặc là PGD chỉ dùng cho mượn chứng từ,2305,Chứng từ Vận hành hàng ngày,"Phiếu chi, Biên lai / Phiếu yêu cầu dịch vụ/ Giấy nộp tiền (theo từng đơn vị chuyển tiền)",Chuyển quỹ,,2026-06-08
6063279503174141411,Không map được loại chứng từ: HĐ ký gửi tài sản,8629,Chứng từ Vận hành hàng ngày,HĐ ký gửi tài sản,Đóng HĐCC chủ động,DONG_HDCC_CD,2026-06-08
6066405837200174167727,PGD 8516 chưa tồn tại hoặc là PGD chỉ dùng cho mượn chứng từ,8516,Chứng từ Ngân hàng hàng ngày,"Mục đích vốn (nếu có phát sinh bản giấy), Xác nhận người thụ hưởng không có TKNH với (HĐ vay 100 triệu), Chứng từ thu nhập + Năng lực tài chính (khi CIMB yêu cầu)",Giải ngân CIMB,GIAI_NGAN_CIMB,2026-06-08
7408821574088215,PGD 8135 chưa tồn tại hoặc là PGD chỉ dùng cho mượn chứng từ,8135,Chứng từ Vận hành hàng ngày,Phiếu thu,Nhận quỹ,,2026-06-08
6041928799374146864,Không map được loại chứng từ: HĐ ký gửi tài sản,2033,Chứng từ Vận hành hàng ngày,HĐ ký gửi tài sản,Đóng HĐCC chủ động,DONG_HDCC_CD,2026-06-08
6068924186200174174313,PGD 2309 chưa tồn tại hoặc là PGD chỉ dùng cho mượn chứng từ,2309,Chứng từ Ngân hàng hàng ngày,"Mục đích vốn (nếu có phát sinh bản giấy), Xác nhận người thụ hưởng không có TKNH với (HĐ vay 100 triệu), Chứng từ thu nhập + Năng lực tài chính (khi CIMB yêu cầu)",Giải ngân CIMB,GIAI_NGAN_CIMB,2026-06-08
6067629537900174170524,PGD 6219 chưa tồn tại hoặc là PGD chỉ dùng cho mượn chứng từ,6219,Chứng từ Ngân hàng hàng ngày,"Mục đích vốn (nếu có phát sinh bản giấy), Xác nhận người thụ hưởng không có TKNH với (HĐ vay 100 triệu), Chứng từ thu nhập + Năng lực tài chính (khi CIMB yêu cầu)",Giải ngân CIMB,GIAI_NGAN_CIMB,2026-06-08
5077664510374128583,Trùng parent_document_code trong nguồn Oracle,9203,Chứng từ Vận hành hàng ngày,"BB tất toán/thanh lý, Phiếu thu đóng hợp đồng, Biên bản chấm dứt thỏa thuận sử dụng TS và hoàn trả TS",Đóng HĐCC nợ xấu chủ động,DONG_HDCC_CDNX,2026-06-08
5076046444474131055,Trùng parent_document_code trong nguồn Oracle,8625,Chứng từ Vận hành hàng ngày,"BB tất toán/thanh lý, Phiếu thu đóng hợp đồng, Biên bản chấm dứt thỏa thuận sử dụng TS và hoàn trả TS",Đóng HĐCC nợ xấu chủ động,DONG_HDCC_CDNX,2026-06-08
6057358584674146631,PGD 1278 chưa tồn tại hoặc là PGD chỉ dùng cho mượn chứng từ,1278,Chứng từ Vận hành hàng ngày,"Giấy đề nghị, Phiếu chi giải ngân",Đóng HĐCC chủ động,DONG_HDCC_CD,2026-06-08
7409245274092452,PGD 5245 chưa tồn tại hoặc là PGD chỉ dùng cho mượn chứng từ,5245,Chứng từ Vận hành hàng ngày,"Phiếu chi, Biên lai / Phiếu yêu cầu dịch vụ/ Giấy nộp tiền (theo từng đơn vị chuyển tiền)",Chuyển quỹ,,2026-06-08
6057845813374117690,PGD 2308 chưa tồn tại hoặc là PGD chỉ dùng cho mượn chứng từ,2308,Chứng từ Vận hành hàng ngày,"Giấy đề nghị, Phiếu chi giải ngân, Ủy quyền epay",Đóng HĐCC chủ động,DONG_HDCC_CD,2026-06-08
7408863674088636,PGD 8135 chưa tồn tại hoặc là PGD chỉ dùng cho mượn chứng từ,8135,Chứng từ Vận hành hàng ngày,Phiếu thu,Nhận quỹ,,2026-06-08
4103900054374137255,Không map được loại chứng từ: HĐ ký gửi tài sản,6003,Chứng từ Vận hành hàng ngày,HĐ ký gửi tài sản,Đóng HĐCC nợ xấu chủ động,DONG_HDCC_CDNX,2026-06-08
5090269486774118995,Không map được loại chứng từ: HĐ ký gửi tài sản,8625,Chứng từ Vận hành hàng ngày,HĐ ký gửi tài sản,Đóng HĐCC chủ động,DONG_HDCC_CD,2026-06-08
6042438763674122904,Không map được loại chứng từ: HĐ ký gửi tài sản,1022,Chứng từ Vận hành hàng ngày,HĐ ký gửi tài sản,Đóng HĐCC chủ động,DONG_HDCC_CD,2026-06-08
7408792574087925,PGD 8516 chưa tồn tại hoặc là PGD chỉ dùng cho mượn chứng từ,8516,Chứng từ Vận hành hàng ngày,"Phiếu chi, Biên lai / Phiếu yêu cầu dịch vụ/ Giấy nộp tiền (theo từng đơn vị chuyển tiền)",Chuyển quỹ,,2026-06-08
6065934972300174152432,PGD 2306 chưa tồn tại hoặc là PGD chỉ dùng cho mượn chứng từ,2306,Chứng từ Ngân hàng hàng ngày,"Mục đích vốn (nếu có phát sinh bản giấy), Xác nhận người thụ hưởng không có TKNH với (HĐ vay 100 triệu), Chứng từ thu nhập + Năng lực tài chính (khi CIMB yêu cầu)",Giải ngân CIMB,GIAI_NGAN_CIMB,2026-06-08
7409538774095387,PGD 8244 chưa tồn tại hoặc là PGD chỉ dùng cho mượn chứng từ,8244,Chứng từ Vận hành hàng ngày,"Phiếu chi, Biên lai / Phiếu yêu cầu dịch vụ/ Giấy nộp tiền (theo từng đơn vị chuyển tiền)",Chuyển quỹ,,2026-06-08
6064805733500174161263,PGD 7767 chưa tồn tại hoặc là PGD chỉ dùng cho mượn chứng từ,7767,Chứng từ Ngân hàng hàng ngày,"Mục đích vốn (nếu có phát sinh bản giấy), Xác nhận người thụ hưởng không có TKNH với (HĐ vay 100 triệu), Chứng từ thu nhập + Năng lực tài chính (khi CIMB yêu cầu)",Giải ngân CIMB,GIAI_NGAN_CIMB,2026-06-08
7409276274092762,PGD 4826 chưa tồn tại hoặc là PGD chỉ dùng cho mượn chứng từ,4826,Chứng từ Vận hành hàng ngày,"Phiếu chi, Hóa đơn (nếu có)",Điện,,2026-06-08
5070206589300174147711,Không map được loại chứng từ: Giấy đề nghị tái tục giấy nhận nợ,7754,Chứng từ Vận hành hàng ngày,Giấy đề nghị tái tục giấy nhận nợ,Đáo hạn,DONG_HD_DH,2026-06-08
6017925139874161354,Không map được loại chứng từ: HĐ ký gửi tài sản,5502,Chứng từ Vận hành hàng ngày,HĐ ký gửi tài sản,Đóng HĐCC nợ xấu chủ động,DONG_HDCC_CDNX,2026-06-08
7408761674087616,PGD 8631 chưa tồn tại hoặc là PGD chỉ dùng cho mượn chứng từ,8631,Chứng từ Vận hành hàng ngày,"Phiếu chi, Biên lai / Phiếu yêu cầu dịch vụ/ Giấy nộp tiền (theo từng đơn vị chuyển tiền)",Chuyển quỹ,,2026-06-08
6064709035800174158796,PGD 8025 chưa tồn tại hoặc là PGD chỉ dùng cho mượn chứng từ,8025,Chứng từ Ngân hàng hàng ngày,"Mục đích vốn (nếu có phát sinh bản giấy), Xác nhận người thụ hưởng không có TKNH với (HĐ vay 100 triệu), Chứng từ thu nhập + Năng lực tài chính (khi CIMB yêu cầu)",Giải ngân CIMB,GIAI_NGAN_CIMB,2026-06-08
5108839027874125712,Trùng parent_document_code trong nguồn Oracle,5736,Chứng từ Vận hành hàng ngày,"BB tất toán/thanh lý, Phiếu thu đóng hợp đồng, Biên bản chấm dứt thỏa thuận sử dụng TS và hoàn trả TS",Đóng HĐCC nợ xấu chủ động,DONG_HDCC_CDNX,2026-06-08
6065216167600174165665,PGD 5244 chưa tồn tại hoặc là PGD chỉ dùng cho mượn chứng từ,5244,Chứng từ Ngân hàng hàng ngày,"Mục đích vốn (nếu có phát sinh bản giấy), Xác nhận người thụ hưởng không có TKNH với (HĐ vay 100 triệu), Chứng từ thu nhập + Năng lực tài chính (khi CIMB yêu cầu)",Giải ngân CIMB,GIAI_NGAN_CIMB,2026-06-08
7408453374084533,PGD 8631 chưa tồn tại hoặc là PGD chỉ dùng cho mượn chứng từ,8631,Chứng từ Vận hành hàng ngày,"Phiếu chi, Biên lai / Phiếu yêu cầu dịch vụ/ Giấy nộp tiền (theo từng đơn vị chuyển tiền)",Chuyển quỹ,,2026-06-08
4113473939274115191,Trùng parent_document_code trong nguồn Oracle,8303,Chứng từ Vận hành hàng ngày,"BB tất toán/thanh lý, Phiếu thu đóng hợp đồng, Biên bản chấm dứt thỏa thuận sử dụng TS và hoàn trả TS",Đóng HĐCC chủ động,DONG_HDCC_CD,2026-06-08
7409438974094389,PGD 1288 chưa tồn tại hoặc là PGD chỉ dùng cho mượn chứng từ,1288,Chứng từ Vận hành hàng ngày,"Phiếu chi, Biên lai / Phiếu yêu cầu dịch vụ/ Giấy nộp tiền (theo từng đơn vị chuyển tiền)",Chuyển quỹ,,2026-06-08
7408867574088675,PGD 2303 chưa tồn tại hoặc là PGD chỉ dùng cho mượn chứng từ,2303,Chứng từ Vận hành hàng ngày,"Phiếu chi, Biên lai / Phiếu yêu cầu dịch vụ/ Giấy nộp tiền (theo từng đơn vị chuyển tiền)",Chuyển quỹ,,2026-06-08
6061642062100174168526,Không map được loại chứng từ: Mục đích sử dụng vốn cho khoản vay trên 100 triệu (MB yêu cầu),1267,Chứng từ Ngân hàng hàng ngày,Mục đích sử dụng vốn cho khoản vay trên 100 triệu (MB yêu cầu),Giải ngân MB,GIAI_NGAN_MB,2026-06-08
6068346909800174160405,PGD 9322 chưa tồn tại hoặc là PGD chỉ dùng cho mượn chứng từ,9322,Chứng từ Ngân hàng hàng ngày,"Mục đích vốn (nếu có phát sinh bản giấy), Xác nhận người thụ hưởng không có TKNH với (HĐ vay 100 triệu), Chứng từ thu nhập + Năng lực tài chính (khi CIMB yêu cầu)",Giải ngân CIMB,GIAI_NGAN_CIMB,2026-06-08
4128396238274149807,Trùng parent_document_code trong nguồn Oracle,7106,Chứng từ Vận hành hàng ngày,"BB tất toán/thanh lý, Phiếu thu đóng hợp đồng, Biên bản chấm dứt thỏa thuận sử dụng TS và hoàn trả TS",Đóng HĐCC chủ động,DONG_HDCC_CD,2026-06-08
7409639674096396,PGD 8631 chưa tồn tại hoặc là PGD chỉ dùng cho mượn chứng từ,8631,Chứng từ Vận hành hàng ngày,"Phiếu chi, Biên lai / Phiếu yêu cầu dịch vụ/ Giấy nộp tiền (theo từng đơn vị chuyển tiền)",Chuyển quỹ,,2026-06-08
7409448374094483,PGD 5132 chưa tồn tại hoặc là PGD chỉ dùng cho mượn chứng từ,5132,Chứng từ Vận hành hàng ngày,"Phiếu chi, Hóa đơn (nếu có)",Điện,,2026-06-08
6042778100674136883,PGD 9322 chưa tồn tại hoặc là PGD chỉ dùng cho mượn chứng từ,9322,Chứng từ Vận hành hàng ngày,"Giấy đề nghị, Phiếu chi giải ngân, Ủy quyền epay",Đóng HĐCC chủ động,DONG_HDCC_CD,2026-06-08
5069137227274162325,Trùng parent_document_code trong nguồn Oracle,8625,Chứng từ Vận hành hàng ngày,"BB tất toán/thanh lý, Phiếu thu đóng hợp đồng, Biên bản chấm dứt thỏa thuận sử dụng TS và hoàn trả TS",Đóng HĐCC chủ động,DONG_HDCC_CD,2026-06-08
6042438763674122920,Không map được loại chứng từ: HĐ ký gửi tài sản,1022,Chứng từ Vận hành hàng ngày,HĐ ký gửi tài sản,Đóng HĐCC chủ động,DONG_HDCC_CD,2026-06-08
5091214060674131084,Không map được loại chứng từ: HĐ ký gửi tài sản,2272,Chứng từ Vận hành hàng ngày,HĐ ký gửi tài sản,Đóng HĐCC chủ động,DONG_HDCC_CD,2026-06-08
4104176954874136271,Trùng parent_document_code trong nguồn Oracle,2275,Chứng từ Vận hành hàng ngày,"Giấy đề nghị, Phiếu chi giải ngân, Ủy quyền epay",Đóng HĐCC nợ xấu chủ động,DONG_HDCC_CDNX,2026-06-08
6064829118800174155317,PGD 2303 chưa tồn tại hoặc là PGD chỉ dùng cho mượn chứng từ,2303,Chứng từ Ngân hàng hàng ngày,"Mục đích vốn (nếu có phát sinh bản giấy), Xác nhận người thụ hưởng không có TKNH với (HĐ vay 100 triệu), Chứng từ thu nhập + Năng lực tài chính (khi CIMB yêu cầu)",Giải ngân CIMB,GIAI_NGAN_CIMB,2026-06-08
7408317874083178,PGD 6219 chưa tồn tại hoặc là PGD chỉ dùng cho mượn chứng từ,6219,Chứng từ Vận hành hàng ngày,"Phiếu chi, Biên lai / Phiếu yêu cầu dịch vụ/ Giấy nộp tiền (theo từng đơn vị chuyển tiền)",Chuyển quỹ,,2026-06-08
5091214060674131076,Không map được loại chứng từ: HĐ ký gửi tài sản,2272,Chứng từ Vận hành hàng ngày,HĐ ký gửi tài sản,Đóng HĐCC chủ động,DONG_HDCC_CD,2026-06-08
5085907702574116456,Trùng parent_document_code trong nguồn Oracle,4301,Chứng từ Vận hành hàng ngày,"BB tất toán/thanh lý, Phiếu thu đóng hợp đồng, Biên bản chấm dứt thỏa thuận sử dụng TS và hoàn trả TS",Đóng HĐCC chủ động,DONG_HDCC_CD,2026-06-08
5022096661974164780,Trùng parent_document_code trong nguồn Oracle,1237,Chứng từ Vận hành hàng ngày,"Giấy đề nghị, Phiếu chi giải ngân, Ủy quyền epay",Đóng HĐCC nợ xấu chủ động,DONG_HDCC_CDNX,2026-06-08
6069176489800174166920,PGD 8135 chưa tồn tại hoặc là PGD chỉ dùng cho mượn chứng từ,8135,Chứng từ Ngân hàng hàng ngày,"Mục đích vốn (nếu có phát sinh bản giấy), Xác nhận người thụ hưởng không có TKNH với (HĐ vay 100 triệu), Chứng từ thu nhập + Năng lực tài chính (khi CIMB yêu cầu)",Giải ngân CIMB,GIAI_NGAN_CIMB,2026-06-08
4115378794756974165146,Không map được loại chứng từ: Giấy đề nghị tái tục giấy nhận nợ,5814,Chứng từ Vận hành hàng ngày,Giấy đề nghị tái tục giấy nhận nợ,Đáo hạn,DONG_HD_DH,2026-06-08
6041503378500174168142,PGD 1278 chưa tồn tại hoặc là PGD chỉ dùng cho mượn chứng từ,1278,Chứng từ Vận hành hàng ngày,"Phiếu yêu cầu miễn giảm (nếu có), Phiếu yêu cầu miễn giảm (nếu có)",Miễn giảm,MIEN_GIAM,2026-06-08
6065889766100174173830,PGD 2304 chưa tồn tại hoặc là PGD chỉ dùng cho mượn chứng từ,2304,Chứng từ Ngân hàng hàng ngày,"Mục đích vốn (nếu có phát sinh bản giấy), Xác nhận người thụ hưởng không có TKNH với (HĐ vay 100 triệu), Chứng từ thu nhập + Năng lực tài chính (khi CIMB yêu cầu)",Giải ngân CIMB,GIAI_NGAN_CIMB,2026-06-08
5025597906074157265,Trùng parent_document_code trong nguồn Oracle,7205,Chứng từ Vận hành hàng ngày,"BB tất toán/thanh lý, Phiếu thu đóng hợp đồng, Biên bản chấm dứt thỏa thuận sử dụng TS và hoàn trả TS",Đóng HĐCC nợ xấu chủ động,DONG_HDCC_CDNX,2026-06-08
5121829115874150956,Trùng parent_document_code trong nguồn Oracle,1049,Chứng từ Vận hành hàng ngày,"Giấy đề nghị, Bản cam kết TS riêng, Phiếu chi giải ngân, HĐUQ bản F88 in",Đóng HĐCC chủ động,DONG_HDCC_CD,2026-06-08
6065045696100174169716,PGD 1288 chưa tồn tại hoặc là PGD chỉ dùng cho mượn chứng từ,1288,Chứng từ Ngân hàng hàng ngày,"Mục đích vốn (nếu có phát sinh bản giấy), Xác nhận người thụ hưởng không có TKNH với (HĐ vay 100 triệu), Chứng từ thu nhập + Năng lực tài chính (khi CIMB yêu cầu)",Giải ngân CIMB,GIAI_NGAN_CIMB,2026-06-08
5089623585774134952,Trùng parent_document_code trong nguồn Oracle,7904,Chứng từ Vận hành hàng ngày,"Giấy đề nghị, Phiếu chi giải ngân",Đóng HĐCC nợ xấu chủ động,DONG_HDCC_CDNX,2026-06-08
6036492004674146144,Không map được loại chứng từ: HĐ ký gửi tài sản,1029,Chứng từ Vận hành hàng ngày,HĐ ký gửi tài sản,Đóng HĐCC chủ động,DONG_HDCC_CD,2026-06-08
6069420460800174152442,PGD 2305 chưa tồn tại hoặc là PGD chỉ dùng cho mượn chứng từ,2305,Chứng từ Ngân hàng hàng ngày,"Mục đích vốn (nếu có phát sinh bản giấy), Xác nhận người thụ hưởng không có TKNH với (HĐ vay 100 triệu), Chứng từ thu nhập + Năng lực tài chính (khi CIMB yêu cầu)",Giải ngân CIMB,GIAI_NGAN_CIMB,2026-06-08
6060826102100174159195,PGD 8135 chưa tồn tại hoặc là PGD chỉ dùng cho mượn chứng từ,8135,Chứng từ Ngân hàng hàng ngày,"Mục đích vốn (nếu có phát sinh bản giấy), Xác nhận người thụ hưởng không có TKNH với (HĐ vay 100 triệu), Chứng từ thu nhập + Năng lực tài chính (khi CIMB yêu cầu)",Giải ngân CIMB,GIAI_NGAN_CIMB,2026-06-08
6042778100674136892,PGD 9322 chưa tồn tại hoặc là PGD chỉ dùng cho mượn chứng từ,9322,Chứng từ Vận hành hàng ngày,Giấy đề nghị,Đóng HĐCC chủ động,DONG_HDCC_CD,2026-06-08
5038662513974137246,Trùng parent_document_code trong nguồn Oracle,1202,Chứng từ Vận hành hàng ngày,"BB tất toán/thanh lý, Phiếu thu đóng hợp đồng, Biên bản chấm dứt thỏa thuận sử dụng TS và hoàn trả TS",Đóng HĐCC nợ xấu chủ động,DONG_HDCC_CDNX,2026-06-08
6036492004674146152,Không map được loại chứng từ: HĐ ký gửi tài sản,1029,Chứng từ Vận hành hàng ngày,HĐ ký gửi tài sản,Đóng HĐCC chủ động,DONG_HDCC_CD,2026-06-08
5101085544974128752,Trùng parent_document_code trong nguồn Oracle,8119,Chứng từ Vận hành hàng ngày,"Giấy đề nghị, Phiếu chi giải ngân, Ủy quyền epay",Đóng HĐCC nợ xấu chủ động,DONG_HDCC_CDNX,2026-06-08
7409287974092879,PGD 8244 chưa tồn tại hoặc là PGD chỉ dùng cho mượn chứng từ,8244,Chứng từ Vận hành hàng ngày,"Phiếu chi, Biên lai / Phiếu yêu cầu dịch vụ/ Giấy nộp tiền (theo từng đơn vị chuyển tiền)",Chuyển quỹ,,2026-06-08
6023368391874132280,PGD 7827 chưa tồn tại hoặc là PGD chỉ dùng cho mượn chứng từ,7827,Chứng từ Vận hành hàng ngày,"Giấy đề nghị, Phiếu chi giải ngân, Ủy quyền epay",Đóng HĐCC chủ động,DONG_HDCC_CD,2026-06-08
5123992122800174163050,PGD 8244 chưa tồn tại hoặc là PGD chỉ dùng cho mượn chứng từ,8244,Chứng từ Vận hành hàng ngày,Phiếu thu đóng hợp đồng,Đóng hợp đồng chủ động,DONG_HD_CD,2026-06-08
6066214581600174152355,PGD 2303 chưa tồn tại hoặc là PGD chỉ dùng cho mượn chứng từ,2303,Chứng từ Ngân hàng hàng ngày,"Mục đích vốn (nếu có phát sinh bản giấy), Xác nhận người thụ hưởng không có TKNH với (HĐ vay 100 triệu), Chứng từ thu nhập + Năng lực tài chính (khi CIMB yêu cầu)",Giải ngân CIMB,GIAI_NGAN_CIMB,2026-06-08
6060871289200174158813,PGD 8135 chưa tồn tại hoặc là PGD chỉ dùng cho mượn chứng từ,8135,Chứng từ Ngân hàng hàng ngày,"Mục đích vốn (nếu có phát sinh bản giấy), Xác nhận người thụ hưởng không có TKNH với (HĐ vay 100 triệu), Chứng từ thu nhập + Năng lực tài chính (khi CIMB yêu cầu)",Giải ngân CIMB,GIAI_NGAN_CIMB,2026-06-08
6055767286174140959,Trùng parent_document_code trong nguồn Oracle,4301,Chứng từ Vận hành hàng ngày,"BB tất toán/thanh lý, Phiếu thu đóng hợp đồng, Biên bản chấm dứt thỏa thuận sử dụng TS và hoàn trả TS",Đóng HĐCC chủ động,DONG_HDCC_CD,2026-06-08
6067976847900174149947,PGD 7968 chưa tồn tại hoặc là PGD chỉ dùng cho mượn chứng từ,7968,Chứng từ Ngân hàng hàng ngày,"Mục đích vốn (nếu có phát sinh bản giấy), Xác nhận người thụ hưởng không có TKNH với (HĐ vay 100 triệu), Chứng từ thu nhập + Năng lực tài chính (khi CIMB yêu cầu)",Giải ngân CIMB,GIAI_NGAN_CIMB,2026-06-08
6011316838374282368,PGD 1283 chưa tồn tại hoặc là PGD chỉ dùng cho mượn chứng từ,1283,Chứng từ Vận hành hàng ngày,"Giấy đề nghị, Phiếu chi giải ngân",Đóng HĐCC chủ động,DONG_HDCC_CD,2026-06-09
6060762792600174258048,PGD 8135 chưa tồn tại hoặc là PGD chỉ dùng cho mượn chứng từ,8135,Chứng từ Ngân hàng hàng ngày,"Mục đích vốn (nếu có phát sinh bản giấy), Xác nhận người thụ hưởng không có TKNH với (HĐ vay 100 triệu), Chứng từ thu nhập + Năng lực tài chính (khi CIMB yêu cầu)",Giải ngân CIMB,GIAI_NGAN_CIMB,2026-06-09
6061720603900174254762,PGD 5435 chưa tồn tại hoặc là PGD chỉ dùng cho mượn chứng từ,5435,Chứng từ Ngân hàng hàng ngày,"Mục đích vốn (nếu có phát sinh bản giấy), Xác nhận người thụ hưởng không có TKNH với (HĐ vay 100 triệu), Chứng từ thu nhập + Năng lực tài chính (khi CIMB yêu cầu)",Giải ngân CIMB,GIAI_NGAN_CIMB,2026-06-09
7420139974201399,PGD 2308 chưa tồn tại hoặc là PGD chỉ dùng cho mượn chứng từ,2308,Chứng từ Vận hành hàng ngày,"Phiếu chi, Biên lai / Phiếu yêu cầu dịch vụ/ Giấy nộp tiền (theo từng đơn vị chuyển tiền)",Chuyển quỹ,,2026-06-09
7420911774209117,PGD 6731 chưa tồn tại hoặc là PGD chỉ dùng cho mượn chứng từ,6731,Chứng từ Vận hành hàng ngày,"Phiếu chi, Hóa đơn (nếu có)",Điện,,2026-06-09
6021626176874240831,PGD 8631 chưa tồn tại hoặc là PGD chỉ dùng cho mượn chứng từ,8631,Chứng từ Vận hành hàng ngày,"Giấy đề nghị, Phiếu chi giải ngân, Ủy quyền epay",Đóng HĐCC chủ động,DONG_HDCC_CD,2026-06-09
6015974058074273656,PGD 6219 chưa tồn tại hoặc là PGD chỉ dùng cho mượn chứng từ,6219,Chứng từ Vận hành hàng ngày,"BB tất toán/thanh lý, Phiếu thu đóng hợp đồng, Biên bản chấm dứt thỏa thuận sử dụng TS và hoàn trả TS, Giấy đề nghị",Đóng HĐCC chủ động,DONG_HDCC_CD,2026-06-09
6068337861500174257732,PGD 2308 chưa tồn tại hoặc là PGD chỉ dùng cho mượn chứng từ,2308,Chứng từ Ngân hàng hàng ngày,"Mục đích vốn (nếu có phát sinh bản giấy), Xác nhận người thụ hưởng không có TKNH với (HĐ vay 100 triệu), Chứng từ thu nhập + Năng lực tài chính (khi CIMB yêu cầu)",Giải ngân CIMB,GIAI_NGAN_CIMB,2026-06-09
6066589529100174276518,PGD 8136 chưa tồn tại hoặc là PGD chỉ dùng cho mượn chứng từ,8136,Chứng từ Ngân hàng hàng ngày,"Mục đích vốn (nếu có phát sinh bản giấy), Xác nhận người thụ hưởng không có TKNH với (HĐ vay 100 triệu), Chứng từ thu nhập + Năng lực tài chính (khi CIMB yêu cầu)",Giải ngân CIMB,GIAI_NGAN_CIMB,2026-06-09
6065271834600174256319,Không map được loại chứng từ: Mục đích sử dụng vốn cho khoản vay trên 100 triệu (MB yêu cầu),7003,Chứng từ Ngân hàng hàng ngày,Mục đích sử dụng vốn cho khoản vay trên 100 triệu (MB yêu cầu),Giải ngân MB,GIAI_NGAN_MB,2026-06-09
6065889929674249089,PGD 2312 chưa tồn tại hoặc là PGD chỉ dùng cho mượn chứng từ,2312,Chứng từ Vận hành hàng ngày,Giấy đề nghị,Đóng HĐCC chủ động,DONG_HDCC_CD,2026-06-09
6067744474800174250762,PGD 8244 chưa tồn tại hoặc là PGD chỉ dùng cho mượn chứng từ,8244,Chứng từ Ngân hàng hàng ngày,"Mục đích vốn (nếu có phát sinh bản giấy), Xác nhận người thụ hưởng không có TKNH với (HĐ vay 100 triệu), Chứng từ thu nhập + Năng lực tài chính (khi CIMB yêu cầu)",Giải ngân CIMB,GIAI_NGAN_CIMB,2026-06-09
6043442970974273237,PGD 2304 chưa tồn tại hoặc là PGD chỉ dùng cho mượn chứng từ,2304,Chứng từ Vận hành hàng ngày,"Giấy đề nghị, Phiếu chi giải ngân, Ủy quyền epay",Đóng HĐCC chủ động,DONG_HDCC_CD,2026-06-09
6067712370374243303,Không map được loại chứng từ: HĐ ký gửi tài sản,5101,Chứng từ Vận hành hàng ngày,HĐ ký gửi tài sản,Đóng HĐCC chủ động,DONG_HDCC_CD,2026-06-09
6043442970974273316,PGD 2304 chưa tồn tại hoặc là PGD chỉ dùng cho mượn chứng từ,2304,Chứng từ Vận hành hàng ngày,Giấy đề nghị,Đóng HĐCC chủ động,DONG_HDCC_CD,2026-06-09
7421251674212516,PGD 8136 chưa tồn tại hoặc là PGD chỉ dùng cho mượn chứng từ,8136,Chứng từ Vận hành hàng ngày,Phiếu thu,Nhận quỹ,,2026-06-09
6052786320574286730,PGD 8245 chưa tồn tại hoặc là PGD chỉ dùng cho mượn chứng từ,8245,Chứng từ Vận hành hàng ngày,"Giấy đề nghị, Phiếu chi giải ngân, Ủy quyền epay",Đóng HĐCC chủ động,DONG_HDCC_CD,2026-06-09
7421342374213423,PGD 8136 chưa tồn tại hoặc là PGD chỉ dùng cho mượn chứng từ,8136,Chứng từ Vận hành hàng ngày,"Phiếu chi, Hóa đơn (nếu có)",Điện,,2026-06-09
6061511538600174260670,PGD 5737 chưa tồn tại hoặc là PGD chỉ dùng cho mượn chứng từ,5737,Chứng từ Ngân hàng hàng ngày,"Mục đích vốn (nếu có phát sinh bản giấy), Xác nhận người thụ hưởng không có TKNH với (HĐ vay 100 triệu), Chứng từ thu nhập + Năng lực tài chính (khi CIMB yêu cầu)",Giải ngân CIMB,GIAI_NGAN_CIMB,2026-06-09
6063407099700174279679,PGD 2307 chưa tồn tại hoặc là PGD chỉ dùng cho mượn chứng từ,2307,Chứng từ Ngân hàng hàng ngày,"Mục đích vốn (nếu có phát sinh bản giấy), Xác nhận người thụ hưởng không có TKNH với (HĐ vay 100 triệu), Chứng từ thu nhập + Năng lực tài chính (khi CIMB yêu cầu)",Giải ngân CIMB,GIAI_NGAN_CIMB,2026-06-09
6015974058000174268241,PGD 6219 chưa tồn tại hoặc là PGD chỉ dùng cho mượn chứng từ,6219,Chứng từ Vận hành hàng ngày,Phiếu thu đóng hợp đồng,Đóng hợp đồng chủ động,DONG_HD_CD,2026-06-09
5095397125274285181,Không map được loại chứng từ: HĐ ký gửi tài sản,6215,Chứng từ Vận hành hàng ngày,HĐ ký gửi tài sản,Đóng HĐCC chủ động,DONG_HDCC_CD,2026-06-09
6067712370374243246,Không map được loại chứng từ: HĐ ký gửi tài sản,5101,Chứng từ Vận hành hàng ngày,HĐ ký gửi tài sản,Đóng HĐCC chủ động,DONG_HDCC_CD,2026-06-09
5127288611874245939,Trùng parent_document_code trong nguồn Oracle,5504,Chứng từ Vận hành hàng ngày,"Giấy đề nghị, Phiếu chi giải ngân",Đóng HĐCC chủ động,DONG_HDCC_CD,2026-06-09
7420628474206284,PGD 9221 chưa tồn tại hoặc là PGD chỉ dùng cho mượn chứng từ,9221,Chứng từ Vận hành hàng ngày,"Phiếu chi, Biên lai / Phiếu yêu cầu dịch vụ/ Giấy nộp tiền (theo từng đơn vị chuyển tiền)",Chuyển quỹ,,2026-06-09
6021626176874240831,Trùng parent_document_code trong nguồn Oracle,8603,Chứng từ Vận hành hàng ngày,"BB tất toán/thanh lý, Phiếu thu đóng hợp đồng, Biên bản chấm dứt thỏa thuận sử dụng TS và hoàn trả TS",Đóng HĐCC chủ động,DONG_HDCC_CD,2026-06-09
6062402407900174265968,PGD 5243 chưa tồn tại hoặc là PGD chỉ dùng cho mượn chứng từ,5243,Chứng từ Ngân hàng hàng ngày,"Mục đích vốn (nếu có phát sinh bản giấy), Xác nhận người thụ hưởng không có TKNH với (HĐ vay 100 triệu), Chứng từ thu nhập + Năng lực tài chính (khi CIMB yêu cầu)",Giải ngân CIMB,GIAI_NGAN_CIMB,2026-06-09
6052786320574286750,PGD 8245 chưa tồn tại hoặc là PGD chỉ dùng cho mượn chứng từ,8245,Chứng từ Vận hành hàng ngày,Giấy đề nghị,Đóng HĐCC chủ động,DONG_HDCC_CD,2026-06-09
7420920974209209,PGD 1285 chưa tồn tại hoặc là PGD chỉ dùng cho mượn chứng từ,1285,Chứng từ Vận hành hàng ngày,"Phiếu chi, Biên lai / Phiếu yêu cầu dịch vụ/ Giấy nộp tiền (theo từng đơn vị chuyển tiền)",Chuyển quỹ,,2026-06-09
5024832928674270852,Trùng parent_document_code trong nguồn Oracle,2042,Chứng từ Vận hành hàng ngày,"Giấy đề nghị, Phiếu chi giải ngân, Ủy quyền epay",Đóng HĐCC nợ xấu chủ động,DONG_HDCC_CDNX,2026-06-09
5047262957674253044,Trùng parent_document_code trong nguồn Oracle,5730,Chứng từ Vận hành hàng ngày,"BB tất toán/thanh lý, Phiếu thu đóng hợp đồng, Biên bản chấm dứt thỏa thuận sử dụng TS và hoàn trả TS",Đóng HĐCC chủ động,DONG_HDCC_CD,2026-06-09
7420250974202509,PGD 1285 chưa tồn tại hoặc là PGD chỉ dùng cho mượn chứng từ,1285,Chứng từ Vận hành hàng ngày,"Phiếu chi, Hóa đơn (nếu có)",Điện,,2026-06-09
6061678148800174263472,PGD 9322 chưa tồn tại hoặc là PGD chỉ dùng cho mượn chứng từ,9322,Chứng từ Ngân hàng hàng ngày,"Mục đích vốn (nếu có phát sinh bản giấy), Xác nhận người thụ hưởng không có TKNH với (HĐ vay 100 triệu), Chứng từ thu nhập + Năng lực tài chính (khi CIMB yêu cầu)",Giải ngân CIMB,GIAI_NGAN_CIMB,2026-06-09
6064372515000174250055,PGD 8245 chưa tồn tại hoặc là PGD chỉ dùng cho mượn chứng từ,8245,Chứng từ Ngân hàng hàng ngày,"Mục đích vốn (nếu có phát sinh bản giấy), Xác nhận người thụ hưởng không có TKNH với (HĐ vay 100 triệu), Chứng từ thu nhập + Năng lực tài chính (khi CIMB yêu cầu)",Giải ngân CIMB,GIAI_NGAN_CIMB,2026-06-09
4034611381700574256530,Không map được loại chứng từ: Giấy đề nghị tái tục giấy nhận nợ,9201,Chứng từ Vận hành hàng ngày,Giấy đề nghị tái tục giấy nhận nợ,Đáo hạn,DONG_HD_DH,2026-06-09
5103925836474255702,Trùng parent_document_code trong nguồn Oracle,5412,Chứng từ Vận hành hàng ngày,"BB tất toán/thanh lý, Phiếu thu đóng hợp đồng, Biên bản chấm dứt thỏa thuận sử dụng TS và hoàn trả TS",Đóng HĐCC nợ xấu chủ động,DONG_HDCC_CDNX,2026-06-09
7421075874210758,PGD 2310 chưa tồn tại hoặc là PGD chỉ dùng cho mượn chứng từ,2310,Chứng từ Vận hành hàng ngày,"Phiếu chi, Biên lai / Phiếu yêu cầu dịch vụ/ Giấy nộp tiền (theo từng đơn vị chuyển tiền)",Chuyển quỹ,,2026-06-09
2098757216574244898,PGD 1070 chưa tồn tại hoặc là PGD chỉ dùng cho mượn chứng từ,1070,Chứng từ Vận hành hàng ngày,"Giấy đề nghị, Phiếu chi giải ngân",Đóng HĐCC nợ xấu chủ động,DONG_HDCC_CDNX,2026-06-09
5059751540274281983,Trùng parent_document_code trong nguồn Oracle,8710,Chứng từ Vận hành hàng ngày,"Giấy đề nghị, Phiếu chi giải ngân",Đóng HĐCC nợ xấu chủ động,DONG_HDCC_CDNX,2026-06-09
5111878508674278800,Trùng parent_document_code trong nguồn Oracle,1046,Chứng từ Vận hành hàng ngày,"Giấy đề nghị, Phiếu chi giải ngân",Đóng HĐCC nợ xấu chủ động,DONG_HDCC_CDNX,2026-06-09
7420834274208342,PGD 9221 chưa tồn tại hoặc là PGD chỉ dùng cho mượn chứng từ,9221,Chứng từ Vận hành hàng ngày,"Phiếu chi, Biên lai / Phiếu yêu cầu dịch vụ/ Giấy nộp tiền (theo từng đơn vị chuyển tiền)",Chuyển quỹ,,2026-06-09
7420869574208695,PGD 6219 chưa tồn tại hoặc là PGD chỉ dùng cho mượn chứng từ,6219,Chứng từ Vận hành hàng ngày,"Phiếu chi, Biên lai / Phiếu yêu cầu dịch vụ/ Giấy nộp tiền (theo từng đơn vị chuyển tiền)",Chuyển quỹ,,2026-06-09
6064979080574284311,PGD 1278 chưa tồn tại hoặc là PGD chỉ dùng cho mượn chứng từ,1278,Chứng từ Vận hành hàng ngày,"Giấy đề nghị, Phiếu chi giải ngân",Đóng HĐCC chủ động,DONG_HDCC_CD,2026-06-09
6068381580000174269763,PGD 6219 chưa tồn tại hoặc là PGD chỉ dùng cho mượn chứng từ,6219,Chứng từ Ngân hàng hàng ngày,"Mục đích vốn (nếu có phát sinh bản giấy), Xác nhận người thụ hưởng không có TKNH với (HĐ vay 100 triệu), Chứng từ thu nhập + Năng lực tài chính (khi CIMB yêu cầu)",Giải ngân CIMB,GIAI_NGAN_CIMB,2026-06-09
4053675082874286853,Trùng parent_document_code trong nguồn Oracle,8712,Chứng từ Vận hành hàng ngày,"BB tất toán/thanh lý, Phiếu thu đóng hợp đồng, Biên bản chấm dứt thỏa thuận sử dụng TS và hoàn trả TS",Đóng HĐCC nợ xấu chủ động,DONG_HDCC_CDNX,2026-06-09
6043775879800274279853,PGD 2305 chưa tồn tại hoặc là PGD chỉ dùng cho mượn chứng từ,2305,Chứng từ Ngân hàng hàng ngày,"Mục đích vốn (nếu có phát sinh bản giấy), Xác nhận người thụ hưởng không có TKNH với (HĐ vay 100 triệu), Chứng từ thu nhập + Năng lực tài chính (khi CIMB yêu cầu)",Giải ngân CIMB,GIAI_NGAN_CIMB,2026-06-09
6021626176874240873,PGD 8631 chưa tồn tại hoặc là PGD chỉ dùng cho mượn chứng từ,8631,Chứng từ Vận hành hàng ngày,"BB tất toán/thanh lý, Phiếu thu đóng hợp đồng, Biên bản chấm dứt thỏa thuận sử dụng TS và hoàn trả TS, Giấy đề nghị",Đóng HĐCC chủ động,DONG_HDCC_CD,2026-06-09
6065313052100174272873,PGD 1288 chưa tồn tại hoặc là PGD chỉ dùng cho mượn chứng từ,1288,Chứng từ Ngân hàng hàng ngày,"Mục đích vốn (nếu có phát sinh bản giấy), Xác nhận người thụ hưởng không có TKNH với (HĐ vay 100 triệu), Chứng từ thu nhập + Năng lực tài chính (khi CIMB yêu cầu)",Giải ngân CIMB,GIAI_NGAN_CIMB,2026-06-09
6067375743400174270076,PGD 1285 chưa tồn tại hoặc là PGD chỉ dùng cho mượn chứng từ,1285,Chứng từ Ngân hàng hàng ngày,"Mục đích vốn (nếu có phát sinh bản giấy), Xác nhận người thụ hưởng không có TKNH với (HĐ vay 100 triệu), Chứng từ thu nhập + Năng lực tài chính (khi CIMB yêu cầu)",Giải ngân CIMB,GIAI_NGAN_CIMB,2026-06-09
6060474414600174268794,PGD 1278 chưa tồn tại hoặc là PGD chỉ dùng cho mượn chứng từ,1278,Chứng từ Ngân hàng hàng ngày,"Mục đích vốn (nếu có phát sinh bản giấy), Xác nhận người thụ hưởng không có TKNH với (HĐ vay 100 triệu), Chứng từ thu nhập + Năng lực tài chính (khi CIMB yêu cầu)",Giải ngân CIMB,GIAI_NGAN_CIMB,2026-06-09
6052863242674240003,PGD 8244 chưa tồn tại hoặc là PGD chỉ dùng cho mượn chứng từ,8244,Chứng từ Vận hành hàng ngày,Giấy đề nghị,Đóng HĐCC chủ động,DONG_HDCC_CD,2026-06-09
6066401630800174264217,PGD 9221 chưa tồn tại hoặc là PGD chỉ dùng cho mượn chứng từ,9221,Chứng từ Ngân hàng hàng ngày,"Mục đích vốn (nếu có phát sinh bản giấy), Xác nhận người thụ hưởng không có TKNH với (HĐ vay 100 triệu), Chứng từ thu nhập + Năng lực tài chính (khi CIMB yêu cầu)",Giải ngân CIMB,GIAI_NGAN_CIMB,2026-06-09
6015974058074273581,PGD 6219 chưa tồn tại hoặc là PGD chỉ dùng cho mượn chứng từ,6219,Chứng từ Vận hành hàng ngày,"Giấy đề nghị, Phiếu chi giải ngân, Ủy quyền epay",Đóng HĐCC chủ động,DONG_HDCC_CD,2026-06-09
6066923823100174253360,PGD 2303 chưa tồn tại hoặc là PGD chỉ dùng cho mượn chứng từ,2303,Chứng từ Ngân hàng hàng ngày,"Mục đích vốn (nếu có phát sinh bản giấy), Xác nhận người thụ hưởng không có TKNH với (HĐ vay 100 triệu), Chứng từ thu nhập + Năng lực tài chính (khi CIMB yêu cầu)",Giải ngân CIMB,GIAI_NGAN_CIMB,2026-06-09
6068244550874276450,Không map được loại chứng từ: HĐ ký gửi tài sản,5702,Chứng từ Vận hành hàng ngày,HĐ ký gửi tài sản,Đóng HĐCC chủ động,DONG_HDCC_CD,2026-06-09
6062512260200174253338,PGD 2306 chưa tồn tại hoặc là PGD chỉ dùng cho mượn chứng từ,2306,Chứng từ Ngân hàng hàng ngày,"Mục đích vốn (nếu có phát sinh bản giấy), Xác nhận người thụ hưởng không có TKNH với (HĐ vay 100 triệu), Chứng từ thu nhập + Năng lực tài chính (khi CIMB yêu cầu)",Giải ngân CIMB,GIAI_NGAN_CIMB,2026-06-09
5118409772274268814,Trùng parent_document_code trong nguồn Oracle,4304,Chứng từ Vận hành hàng ngày,"Giấy đề nghị, Bản cam kết TS riêng, Phiếu chi giải ngân, HĐUQ bản F88 in",Đóng HĐCC chủ động,DONG_HDCC_CD,2026-06-09
6069609189474263734,PGD 9221 chưa tồn tại hoặc là PGD chỉ dùng cho mượn chứng từ,9221,Chứng từ Vận hành hàng ngày,"Giấy đề nghị, Phiếu chi giải ngân",Đóng HĐCC chủ động,DONG_HDCC_CD,2026-06-09
6052863242674239994,PGD 8244 chưa tồn tại hoặc là PGD chỉ dùng cho mượn chứng từ,8244,Chứng từ Vận hành hàng ngày,"Giấy đề nghị, Phiếu chi giải ngân, Ủy quyền epay",Đóng HĐCC chủ động,DONG_HDCC_CD,2026-06-09
4122759631574249455,Trùng parent_document_code trong nguồn Oracle,8628,Chứng từ Vận hành hàng ngày,"BB tất toán/thanh lý, Phiếu thu đóng hợp đồng, Biên bản chấm dứt thỏa thuận sử dụng TS và hoàn trả TS",Đóng HĐCC nợ xấu chủ động,DONG_HDCC_CDNX,2026-06-09
6068244550874277100,Không map được loại chứng từ: HĐ ký gửi tài sản,5702,Chứng từ Vận hành hàng ngày,HĐ ký gửi tài sản,Đóng HĐCC chủ động,DONG_HDCC_CD,2026-06-09
6060709865800174277965,PGD 8135 chưa tồn tại hoặc là PGD chỉ dùng cho mượn chứng từ,8135,Chứng từ Ngân hàng hàng ngày,"Mục đích vốn (nếu có phát sinh bản giấy), Xác nhận người thụ hưởng không có TKNH với (HĐ vay 100 triệu), Chứng từ thu nhập + Năng lực tài chính (khi CIMB yêu cầu)",Giải ngân CIMB,GIAI_NGAN_CIMB,2026-06-09
7420576274205762,PGD 8244 chưa tồn tại hoặc là PGD chỉ dùng cho mượn chứng từ,8244,Chứng từ Vận hành hàng ngày,"Phiếu chi, Biên lai / Phiếu yêu cầu dịch vụ/ Giấy nộp tiền (theo từng đơn vị chuyển tiền)",Chuyển quỹ,,2026-06-09
6065889929674248980,PGD 2312 chưa tồn tại hoặc là PGD chỉ dùng cho mượn chứng từ,2312,Chứng từ Vận hành hàng ngày,"Giấy đề nghị, Phiếu chi giải ngân, Ủy quyền epay",Đóng HĐCC chủ động,DONG_HDCC_CD,2026-06-09
6055950706474465298,PGD 5132 chưa tồn tại hoặc là PGD chỉ dùng cho mượn chứng từ,5132,Chứng từ Vận hành hàng ngày,Giấy đề nghị,Đóng HĐCC chủ động,DONG_HDCC_CD,2026-06-10
6060064878600174451001,PGD 7968 chưa tồn tại hoặc là PGD chỉ dùng cho mượn chứng từ,7968,Chứng từ Ngân hàng hàng ngày,"Mục đích vốn (nếu có phát sinh bản giấy), Xác nhận người thụ hưởng không có TKNH với (HĐ vay 100 triệu), Chứng từ thu nhập + Năng lực tài chính (khi CIMB yêu cầu)",Giải ngân CIMB,GIAI_NGAN_CIMB,2026-06-10
6050106377600174434063,PGD 2303 chưa tồn tại hoặc là PGD chỉ dùng cho mượn chứng từ,2303,Chứng từ Vận hành hàng ngày,Phiếu thu đóng hợp đồng,Đóng hợp đồng chủ động,DONG_HD_CD,2026-06-10
7432846874328468,PGD 1278 chưa tồn tại hoặc là PGD chỉ dùng cho mượn chứng từ,1278,Chứng từ Vận hành hàng ngày,"Phiếu chi, Biên lai / Phiếu yêu cầu dịch vụ/ Giấy nộp tiền (theo từng đơn vị chuyển tiền)",Chuyển quỹ,,2026-06-10
6061355140200174434074,PGD 7827 chưa tồn tại hoặc là PGD chỉ dùng cho mượn chứng từ,7827,Chứng từ Ngân hàng hàng ngày,"Mục đích vốn (nếu có phát sinh bản giấy), Xác nhận người thụ hưởng không có TKNH với (HĐ vay 100 triệu), Chứng từ thu nhập + Năng lực tài chính (khi CIMB yêu cầu)",Giải ngân CIMB,GIAI_NGAN_CIMB,2026-06-10
7432270774322707,PGD 2304 chưa tồn tại hoặc là PGD chỉ dùng cho mượn chứng từ,2304,Chứng từ Vận hành hàng ngày,"Phiếu chi, Biên lai / Phiếu yêu cầu dịch vụ/ Giấy nộp tiền (theo từng đơn vị chuyển tiền)",Chuyển quỹ,,2026-06-10
6058860932674468271,PGD 5132 chưa tồn tại hoặc là PGD chỉ dùng cho mượn chứng từ,5132,Chứng từ Vận hành hàng ngày,"Giấy đề nghị, Phiếu chi giải ngân, Ủy quyền epay",Đóng HĐCC chủ động,DONG_HDCC_CD,2026-06-10
7432787674327876,PGD 1283 chưa tồn tại hoặc là PGD chỉ dùng cho mượn chứng từ,1283,Chứng từ Vận hành hàng ngày,"Phiếu chi, Hóa đơn (nếu có)",Điện,,2026-06-10
6050106377674436635,PGD 2303 chưa tồn tại hoặc là PGD chỉ dùng cho mượn chứng từ,2303,Chứng từ Vận hành hàng ngày,"Giấy đề nghị, Phiếu chi giải ngân, Ủy quyền epay",Đóng HĐCC chủ động,DONG_HDCC_CD,2026-06-10
6067775612500174438220,PGD 5244 chưa tồn tại hoặc là PGD chỉ dùng cho mượn chứng từ,5244,Chứng từ Ngân hàng hàng ngày,"Mục đích vốn (nếu có phát sinh bản giấy), Xác nhận người thụ hưởng không có TKNH với (HĐ vay 100 triệu), Chứng từ thu nhập + Năng lực tài chính (khi CIMB yêu cầu)",Giải ngân CIMB,GIAI_NGAN_CIMB,2026-06-10
6043534289174441791,PGD 2306 chưa tồn tại hoặc là PGD chỉ dùng cho mượn chứng từ,2306,Chứng từ Vận hành hàng ngày,"Giấy đề nghị, Phiếu chi giải ngân, Ủy quyền epay",Đóng HĐCC chủ động,DONG_HDCC_CD,2026-06-10
7431665874316658,PGD 5243 chưa tồn tại hoặc là PGD chỉ dùng cho mượn chứng từ,5243,Chứng từ Vận hành hàng ngày,"Phiếu chi, Hóa đơn (nếu có)",Điện,,2026-06-10
6069329251600174424419,PGD 5552 chưa tồn tại hoặc là PGD chỉ dùng cho mượn chứng từ,5552,Chứng từ Ngân hàng hàng ngày,"Mục đích vốn (nếu có phát sinh bản giấy), Xác nhận người thụ hưởng không có TKNH với (HĐ vay 100 triệu), Chứng từ thu nhập + Năng lực tài chính (khi CIMB yêu cầu)",Giải ngân CIMB,GIAI_NGAN_CIMB,2026-06-10
6065356650000174458585,PGD 7968 chưa tồn tại hoặc là PGD chỉ dùng cho mượn chứng từ,7968,Chứng từ Ngân hàng hàng ngày,"Mục đích vốn (nếu có phát sinh bản giấy), Xác nhận người thụ hưởng không có TKNH với (HĐ vay 100 triệu), Chứng từ thu nhập + Năng lực tài chính (khi CIMB yêu cầu)",Giải ngân CIMB,GIAI_NGAN_CIMB,2026-06-10
7431496174314961,PGD 5737 chưa tồn tại hoặc là PGD chỉ dùng cho mượn chứng từ,5737,Chứng từ Vận hành hàng ngày,"Phiếu chi, Biên lai / Phiếu yêu cầu dịch vụ/ Giấy nộp tiền (theo từng đơn vị chuyển tiền)",Chuyển quỹ,,2026-06-10
6047961339674429126,PGD 1283 chưa tồn tại hoặc là PGD chỉ dùng cho mượn chứng từ,1283,Chứng từ Vận hành hàng ngày,Giấy đề nghị,Đóng HĐCC chủ động,DONG_HDCC_CD,2026-06-10
6060611177700174429670,PGD 2311 chưa tồn tại hoặc là PGD chỉ dùng cho mượn chứng từ,2311,Chứng từ Ngân hàng hàng ngày,"Mục đích vốn (nếu có phát sinh bản giấy), Xác nhận người thụ hưởng không có TKNH với (HĐ vay 100 triệu), Chứng từ thu nhập + Năng lực tài chính (khi CIMB yêu cầu)",Giải ngân CIMB,GIAI_NGAN_CIMB,2026-06-10
5095548429774481921,Không map được loại chứng từ: HĐ ký gửi tài sản,8001,Chứng từ Vận hành hàng ngày,HĐ ký gửi tài sản,Đóng HĐCC chủ động,DONG_HDCC_CD,2026-06-10
6067496410300174438613,Không map được loại chứng từ: Mục đích sử dụng vốn cho khoản vay trên 100 triệu (MB yêu cầu),4905,Chứng từ Ngân hàng hàng ngày,Mục đích sử dụng vốn cho khoản vay trên 100 triệu (MB yêu cầu),Giải ngân MB,GIAI_NGAN_MB,2026-06-10
6061459522100174422634,PGD 7827 chưa tồn tại hoặc là PGD chỉ dùng cho mượn chứng từ,7827,Chứng từ Ngân hàng hàng ngày,"Mục đích vốn (nếu có phát sinh bản giấy), Xác nhận người thụ hưởng không có TKNH với (HĐ vay 100 triệu), Chứng từ thu nhập + Năng lực tài chính (khi CIMB yêu cầu)",Giải ngân CIMB,GIAI_NGAN_CIMB,2026-06-10
6057158346574460987,Không map được loại chứng từ: HĐ ký gửi tài sản,1037,Chứng từ Vận hành hàng ngày,HĐ ký gửi tài sản,Đóng HĐCC chủ động,DONG_HDCC_CD,2026-06-10
7431832274318322,PGD 5132 chưa tồn tại hoặc là PGD chỉ dùng cho mượn chứng từ,5132,Chứng từ Vận hành hàng ngày,"Phiếu chi, Biên lai / Phiếu yêu cầu dịch vụ/ Giấy nộp tiền (theo từng đơn vị chuyển tiền)",Chuyển quỹ,,2026-06-10
6063573660774398752,Không map được loại chứng từ: HĐ ký gửi tài sản,6706,Chứng từ Vận hành hàng ngày,HĐ ký gửi tài sản,Đóng HĐCC chủ động,DONG_HDCC_CD,2026-06-10
6064012024000174445749,PGD 8025 chưa tồn tại hoặc là PGD chỉ dùng cho mượn chứng từ,8025,Chứng từ Ngân hàng hàng ngày,"Mục đích vốn (nếu có phát sinh bản giấy), Xác nhận người thụ hưởng không có TKNH với (HĐ vay 100 triệu), Chứng từ thu nhập + Năng lực tài chính (khi CIMB yêu cầu)",Giải ngân CIMB,GIAI_NGAN_CIMB,2026-06-10
6062498763500174458498,PGD 2310 chưa tồn tại hoặc là PGD chỉ dùng cho mượn chứng từ,2310,Chứng từ Ngân hàng hàng ngày,"Mục đích vốn (nếu có phát sinh bản giấy), Xác nhận người thụ hưởng không có TKNH với (HĐ vay 100 triệu), Chứng từ thu nhập + Năng lực tài chính (khi CIMB yêu cầu)",Giải ngân CIMB,GIAI_NGAN_CIMB,2026-06-10
6067064378800174426037,PGD 2304 chưa tồn tại hoặc là PGD chỉ dùng cho mượn chứng từ,2304,Chứng từ Ngân hàng hàng ngày,"Mục đích vốn (nếu có phát sinh bản giấy), Xác nhận người thụ hưởng không có TKNH với (HĐ vay 100 triệu), Chứng từ thu nhập + Năng lực tài chính (khi CIMB yêu cầu)",Giải ngân CIMB,GIAI_NGAN_CIMB,2026-06-10
6067141019500174442694,Không map được loại chứng từ: Mục đích sử dụng vốn cho khoản vay trên 100 triệu (MB yêu cầu),1207,Chứng từ Ngân hàng hàng ngày,Mục đích sử dụng vốn cho khoản vay trên 100 triệu (MB yêu cầu),Giải ngân MB,GIAI_NGAN_MB,2026-06-10
7432189874321898,PGD 2308 chưa tồn tại hoặc là PGD chỉ dùng cho mượn chứng từ,2308,Chứng từ Vận hành hàng ngày,"Phiếu chi, Biên lai / Phiếu yêu cầu dịch vụ/ Giấy nộp tiền (theo từng đơn vị chuyển tiền)",Chuyển quỹ,,2026-06-10
7432869374328693,PGD 1284 chưa tồn tại hoặc là PGD chỉ dùng cho mượn chứng từ,1284,Chứng từ Vận hành hàng ngày,"Phiếu chi, Hóa đơn (nếu có)",Điện,,2026-06-10
6064912186100174422390,PGD 8516 chưa tồn tại hoặc là PGD chỉ dùng cho mượn chứng từ,8516,Chứng từ Ngân hàng hàng ngày,"Mục đích vốn (nếu có phát sinh bản giấy), Xác nhận người thụ hưởng không có TKNH với (HĐ vay 100 triệu), Chứng từ thu nhập + Năng lực tài chính (khi CIMB yêu cầu)",Giải ngân CIMB,GIAI_NGAN_CIMB,2026-06-10
7432395674323956,PGD 6219 chưa tồn tại hoặc là PGD chỉ dùng cho mượn chứng từ,6219,Chứng từ Vận hành hàng ngày,"Phiếu chi, Biên lai / Phiếu yêu cầu dịch vụ/ Giấy nộp tiền (theo từng đơn vị chuyển tiền)",Chuyển quỹ,,2026-06-10
6043461670000274406112,PGD 5552 chưa tồn tại hoặc là PGD chỉ dùng cho mượn chứng từ,5552,Chứng từ Ngân hàng hàng ngày,"Mục đích vốn (nếu có phát sinh bản giấy), Xác nhận người thụ hưởng không có TKNH với (HĐ vay 100 triệu), Chứng từ thu nhập + Năng lực tài chính (khi CIMB yêu cầu)",Giải ngân CIMB,GIAI_NGAN_CIMB,2026-06-10
6069337908000174428154,PGD 2307 chưa tồn tại hoặc là PGD chỉ dùng cho mượn chứng từ,2307,Chứng từ Ngân hàng hàng ngày,"Mục đích vốn (nếu có phát sinh bản giấy), Xác nhận người thụ hưởng không có TKNH với (HĐ vay 100 triệu), Chứng từ thu nhập + Năng lực tài chính (khi CIMB yêu cầu)",Giải ngân CIMB,GIAI_NGAN_CIMB,2026-06-10
5120849198874448583,PGD 1278 chưa tồn tại hoặc là PGD chỉ dùng cho mượn chứng từ,1278,Chứng từ Vận hành hàng ngày,"Giấy đề nghị, Bản cam kết TS riêng, Phiếu chi giải ngân, HĐUQ bản F88 in",Đóng HĐCC chủ động,DONG_HDCC_CD,2026-06-10
7432243874322438,PGD 7437 chưa tồn tại hoặc là PGD chỉ dùng cho mượn chứng từ,7437,Chứng từ Vận hành hàng ngày,"Phiếu chi, Hóa đơn (nếu có)",Điện,,2026-06-10
6060054858700174424910,PGD 8244 chưa tồn tại hoặc là PGD chỉ dùng cho mượn chứng từ,8244,Chứng từ Ngân hàng hàng ngày,"Mục đích vốn (nếu có phát sinh bản giấy), Xác nhận người thụ hưởng không có TKNH với (HĐ vay 100 triệu), Chứng từ thu nhập + Năng lực tài chính (khi CIMB yêu cầu)",Giải ngân CIMB,GIAI_NGAN_CIMB,2026-06-10
6062414696774441513,Trùng parent_document_code trong nguồn Oracle,5102,Chứng từ Vận hành hàng ngày,"Giấy đề nghị, Phiếu chi giải ngân",Đóng HĐCC chủ động,DONG_HDCC_CD,2026-06-10
6049213512074462861,Trùng parent_document_code trong nguồn Oracle,4805,Chứng từ Vận hành hàng ngày,"BB tất toán/thanh lý, Phiếu thu đóng hợp đồng, Biên bản chấm dứt thỏa thuận sử dụng TS và hoàn trả TS",Đóng HĐCC chủ động,DONG_HDCC_CD,2026-06-10
7432360274323602,PGD 8245 chưa tồn tại hoặc là PGD chỉ dùng cho mượn chứng từ,8245,Chứng từ Vận hành hàng ngày,"Phiếu chi, Biên lai / Phiếu yêu cầu dịch vụ/ Giấy nộp tiền (theo từng đơn vị chuyển tiền)",Chuyển quỹ,,2026-06-10
6068271331874414713,PGD 5738 chưa tồn tại hoặc là PGD chỉ dùng cho mượn chứng từ,5738,Chứng từ Vận hành hàng ngày,"Giấy đề nghị, Phiếu chi giải ngân",Đóng HĐCC chủ động,DONG_HDCC_CD,2026-06-10
6031508094074429366,PGD 1278 chưa tồn tại hoặc là PGD chỉ dùng cho mượn chứng từ,1278,Chứng từ Vận hành hàng ngày,"Giấy đề nghị, Bản cam kết TS riêng, Phiếu chi giải ngân, Ủy quyền epay, HĐUQ bản F88 in",Đóng HĐCC chủ động,DONG_HDCC_CD,2026-06-10
6069336438700174446184,PGD 8135 chưa tồn tại hoặc là PGD chỉ dùng cho mượn chứng từ,8135,Chứng từ Ngân hàng hàng ngày,"Mục đích vốn (nếu có phát sinh bản giấy), Xác nhận người thụ hưởng không có TKNH với (HĐ vay 100 triệu), Chứng từ thu nhập + Năng lực tài chính (khi CIMB yêu cầu)",Giải ngân CIMB,GIAI_NGAN_CIMB,2026-06-10
7432296874322968,PGD 7968 chưa tồn tại hoặc là PGD chỉ dùng cho mượn chứng từ,7968,Chứng từ Vận hành hàng ngày,"Phiếu chi, Hóa đơn (nếu có)",Điện,,2026-06-10
6058860932674468300,PGD 5132 chưa tồn tại hoặc là PGD chỉ dùng cho mượn chứng từ,5132,Chứng từ Vận hành hàng ngày,Giấy đề nghị,Đóng HĐCC chủ động,DONG_HDCC_CD,2026-06-10
7432781774327817,PGD 5245 chưa tồn tại hoặc là PGD chỉ dùng cho mượn chứng từ,5245,Chứng từ Vận hành hàng ngày,"Phiếu chi, Biên lai / Phiếu yêu cầu dịch vụ/ Giấy nộp tiền (theo từng đơn vị chuyển tiền)",Chuyển quỹ,,2026-06-10
7431625474316254,PGD 5552 chưa tồn tại hoặc là PGD chỉ dùng cho mượn chứng từ,5552,Chứng từ Vận hành hàng ngày,"Phiếu chi, Biên lai / Phiếu yêu cầu dịch vụ/ Giấy nộp tiền (theo từng đơn vị chuyển tiền)",Chuyển quỹ,,2026-06-10
4050079406374447748,Trùng parent_document_code trong nguồn Oracle,1044,Chứng từ Vận hành hàng ngày,"Giấy đề nghị, Phiếu chi giải ngân",Đóng HĐCC nợ xấu chủ động,DONG_HDCC_CDNX,2026-06-10
5092774379274449955,Không map được loại chứng từ: HĐ ký gửi tài sản,7601,Chứng từ Vận hành hàng ngày,HĐ ký gửi tài sản,Đóng HĐCC chủ động,DONG_HDCC_CD,2026-06-10
5092774379274449980,Không map được loại chứng từ: HĐ ký gửi tài sản,7601,Chứng từ Vận hành hàng ngày,HĐ ký gửi tài sản,Đóng HĐCC chủ động,DONG_HDCC_CD,2026-06-10
7432662274326622,PGD 2308 chưa tồn tại hoặc là PGD chỉ dùng cho mượn chứng từ,2308,Chứng từ Vận hành hàng ngày,"Phiếu chi, Biên lai / Phiếu yêu cầu dịch vụ/ Giấy nộp tiền (theo từng đơn vị chuyển tiền)",Chuyển quỹ,,2026-06-10
7432672574326725,PGD 2311 chưa tồn tại hoặc là PGD chỉ dùng cho mượn chứng từ,2311,Chứng từ Vận hành hàng ngày,Phiếu thu,Nhận quỹ,,2026-06-10
5098282347174482681,Trùng parent_document_code trong nguồn Oracle,4206,Chứng từ Vận hành hàng ngày,"BB tất toán/thanh lý, Phiếu thu đóng hợp đồng, Biên bản chấm dứt thỏa thuận sử dụng TS và hoàn trả TS",Đóng HĐCC nợ xấu chủ động,DONG_HDCC_CDNX,2026-06-10
6036856726574465478,PGD 5132 chưa tồn tại hoặc là PGD chỉ dùng cho mượn chứng từ,5132,Chứng từ Vận hành hàng ngày,"BB tất toán/thanh lý, Phiếu thu đóng hợp đồng, Biên bản chấm dứt thỏa thuận sử dụng TS và hoàn trả TS, Giấy đề nghị",Đóng HĐCC chủ động,DONG_HDCC_CD,2026-06-10
6048520440574389270,Không map được loại chứng từ: HĐ ký gửi tài sản,9102,Chứng từ Vận hành hàng ngày,HĐ ký gửi tài sản,Đóng HĐCC chủ động,DONG_HDCC_CD,2026-06-10
7431832474318324,PGD 8244 chưa tồn tại hoặc là PGD chỉ dùng cho mượn chứng từ,8244,Chứng từ Vận hành hàng ngày,Phiếu thu,Nhận quỹ,,2026-06-10
7431992474319924,PGD 5244 chưa tồn tại hoặc là PGD chỉ dùng cho mượn chứng từ,5244,Chứng từ Vận hành hàng ngày,"Phiếu chi, Biên lai / Phiếu yêu cầu dịch vụ/ Giấy nộp tiền (theo từng đơn vị chuyển tiền)",Chuyển quỹ,,2026-06-10
6036856726574465311,PGD 5132 chưa tồn tại hoặc là PGD chỉ dùng cho mượn chứng từ,5132,Chứng từ Vận hành hàng ngày,"Giấy đề nghị, Phiếu chi giải ngân, Ủy quyền epay",Đóng HĐCC chủ động,DONG_HDCC_CD,2026-06-10
7431641074316410,PGD 8025 chưa tồn tại hoặc là PGD chỉ dùng cho mượn chứng từ,8025,Chứng từ Vận hành hàng ngày,"Phiếu chi, Biên lai / Phiếu yêu cầu dịch vụ/ Giấy nộp tiền (theo từng đơn vị chuyển tiền)",Chuyển quỹ,,2026-06-10
6060607452600174450257,PGD 2311 chưa tồn tại hoặc là PGD chỉ dùng cho mượn chứng từ,2311,Chứng từ Ngân hàng hàng ngày,"Mục đích vốn (nếu có phát sinh bản giấy), Xác nhận người thụ hưởng không có TKNH với (HĐ vay 100 triệu), Chứng từ thu nhập + Năng lực tài chính (khi CIMB yêu cầu)",Giải ngân CIMB,GIAI_NGAN_CIMB,2026-06-10
6063799034400174444109,Không map được loại chứng từ: Mục đích sử dụng vốn cho khoản vay trên 100 triệu (MB yêu cầu),4808,Chứng từ Ngân hàng hàng ngày,Mục đích sử dụng vốn cho khoản vay trên 100 triệu (MB yêu cầu),Giải ngân MB,GIAI_NGAN_MB,2026-06-10
5051007253074475627,Trùng parent_document_code trong nguồn Oracle,8317,Chứng từ Vận hành hàng ngày,"Giấy đề nghị, Phiếu chi giải ngân",Đóng HĐCC nợ xấu chủ động,DONG_HDCC_CDNX,2026-06-10
6063986859200174456672,PGD 7767 chưa tồn tại hoặc là PGD chỉ dùng cho mượn chứng từ,7767,Chứng từ Ngân hàng hàng ngày,"Mục đích vốn (nếu có phát sinh bản giấy), Xác nhận người thụ hưởng không có TKNH với (HĐ vay 100 triệu), Chứng từ thu nhập + Năng lực tài chính (khi CIMB yêu cầu)",Giải ngân CIMB,GIAI_NGAN_CIMB,2026-06-10
6068612435100174451464,PGD 2310 chưa tồn tại hoặc là PGD chỉ dùng cho mượn chứng từ,2310,Chứng từ Ngân hàng hàng ngày,"Mục đích vốn (nếu có phát sinh bản giấy), Xác nhận người thụ hưởng không có TKNH với (HĐ vay 100 triệu), Chứng từ thu nhập + Năng lực tài chính (khi CIMB yêu cầu)",Giải ngân CIMB,GIAI_NGAN_CIMB,2026-06-10
6048520440574389337,Không map được loại chứng từ: HĐ ký gửi tài sản,9102,Chứng từ Vận hành hàng ngày,HĐ ký gửi tài sản,Đóng HĐCC chủ động,DONG_HDCC_CD,2026-06-10
6057158346574461173,Không map được loại chứng từ: HĐ ký gửi tài sản,1037,Chứng từ Vận hành hàng ngày,HĐ ký gửi tài sản,Đóng HĐCC chủ động,DONG_HDCC_CD,2026-06-10
6035757627774440820,Trùng parent_document_code trong nguồn Oracle,5601,Chứng từ Vận hành hàng ngày,"Giấy đề nghị, Phiếu chi giải ngân",Đóng HĐCC chủ động,DONG_HDCC_CD,2026-06-10
6042585991200474421864,PGD 2309 chưa tồn tại hoặc là PGD chỉ dùng cho mượn chứng từ,2309,Chứng từ Ngân hàng hàng ngày,"Mục đích vốn (nếu có phát sinh bản giấy), Xác nhận người thụ hưởng không có TKNH với (HĐ vay 100 triệu), Chứng từ thu nhập + Năng lực tài chính (khi CIMB yêu cầu)",Giải ngân CIMB,GIAI_NGAN_CIMB,2026-06-10
2114351240674441272,Trùng parent_document_code trong nguồn Oracle,3901,Chứng từ Vận hành hàng ngày,"BB tất toán/thanh lý, Phiếu thu đóng hợp đồng",Đóng HĐCC nợ xấu chủ động,DONG_HDCC_CDNX,2026-06-10
7432429274324292,PGD 7767 chưa tồn tại hoặc là PGD chỉ dùng cho mượn chứng từ,7767,Chứng từ Vận hành hàng ngày,"Phiếu chi, Biên lai / Phiếu yêu cầu dịch vụ/ Giấy nộp tiền (theo từng đơn vị chuyển tiền)",Chuyển quỹ,,2026-06-10
6063573660774398725,Không map được loại chứng từ: HĐ ký gửi tài sản,6706,Chứng từ Vận hành hàng ngày,HĐ ký gửi tài sản,Đóng HĐCC chủ động,DONG_HDCC_CD,2026-06-10
6047961339674428061,PGD 1283 chưa tồn tại hoặc là PGD chỉ dùng cho mượn chứng từ,1283,Chứng từ Vận hành hàng ngày,"Giấy đề nghị, Phiếu chi giải ngân, Ủy quyền epay",Đóng HĐCC chủ động,DONG_HDCC_CD,2026-06-10
6062702244174444869,PGD 5552 chưa tồn tại hoặc là PGD chỉ dùng cho mượn chứng từ,5552,Chứng từ Vận hành hàng ngày,Giấy đề nghị,Đóng HĐCC chủ động,DONG_HDCC_CD,2026-06-10
7432580474325804,PGD 2306 chưa tồn tại hoặc là PGD chỉ dùng cho mượn chứng từ,2306,Chứng từ Vận hành hàng ngày,"Phiếu chi, Biên lai / Phiếu yêu cầu dịch vụ/ Giấy nộp tiền (theo từng đơn vị chuyển tiền)",Chuyển quỹ,,2026-06-10
6062702244174444828,PGD 5552 chưa tồn tại hoặc là PGD chỉ dùng cho mượn chứng từ,5552,Chứng từ Vận hành hàng ngày,"Giấy đề nghị, Phiếu chi giải ngân, Ủy quyền epay",Đóng HĐCC chủ động,DONG_HDCC_CD,2026-06-10
5084822565474465978,Trùng parent_document_code trong nguồn Oracle,1076,Chứng từ Vận hành hàng ngày,"Giấy đề nghị, Phiếu chi giải ngân",Đóng HĐCC nợ xấu chủ động,DONG_HDCC_CDNX,2026-06-10
6039886507274446065,Trùng parent_document_code trong nguồn Oracle,8134,Chứng từ Vận hành hàng ngày,"Giấy đề nghị, Phiếu chi giải ngân",Đóng HĐCC chủ động,DONG_HDCC_CD,2026-06-10
5100541293574458913,Không map được loại chứng từ: HĐ ký gửi tài sản,7755,Chứng từ Vận hành hàng ngày,HĐ ký gửi tài sản,Đóng HĐCC chủ động,DONG_HDCC_CD,2026-06-10
6060918950500174414255,PGD 5132 chưa tồn tại hoặc là PGD chỉ dùng cho mượn chứng từ,5132,Chứng từ Ngân hàng hàng ngày,"Mục đích vốn (nếu có phát sinh bản giấy), Xác nhận người thụ hưởng không có TKNH với (HĐ vay 100 triệu), Chứng từ thu nhập + Năng lực tài chính (khi CIMB yêu cầu)",Giải ngân CIMB,GIAI_NGAN_CIMB,2026-06-10
6055950706474465265,PGD 5132 chưa tồn tại hoặc là PGD chỉ dùng cho mượn chứng từ,5132,Chứng từ Vận hành hàng ngày,"Giấy đề nghị, Phiếu chi giải ngân, Ủy quyền epay",Đóng HĐCC chủ động,DONG_HDCC_CD,2026-06-10
6065531154300174433518,PGD 8516 chưa tồn tại hoặc là PGD chỉ dùng cho mượn chứng từ,8516,Chứng từ Ngân hàng hàng ngày,"Mục đích vốn (nếu có phát sinh bản giấy), Xác nhận người thụ hưởng không có TKNH với (HĐ vay 100 triệu), Chứng từ thu nhập + Năng lực tài chính (khi CIMB yêu cầu)",Giải ngân CIMB,GIAI_NGAN_CIMB,2026-06-10
6010405965074416381,Trùng parent_document_code trong nguồn Oracle,2075,Chứng từ Vận hành hàng ngày,"Giấy đề nghị, Phiếu chi giải ngân",Đóng HĐCC chủ động,DONG_HDCC_CD,2026-06-10
6036856726500174448197,PGD 5132 chưa tồn tại hoặc là PGD chỉ dùng cho mượn chứng từ,5132,Chứng từ Vận hành hàng ngày,Phiếu thu đóng hợp đồng,Đóng hợp đồng chủ động,DONG_HD_CD,2026-06-10
7432811174328111,PGD 5435 chưa tồn tại hoặc là PGD chỉ dùng cho mượn chứng từ,5435,Chứng từ Vận hành hàng ngày,"Phiếu chi, Biên lai / Phiếu yêu cầu dịch vụ/ Giấy nộp tiền (theo từng đơn vị chuyển tiền)",Chuyển quỹ,,2026-06-10
7432304474323044,PGD 2310 chưa tồn tại hoặc là PGD chỉ dùng cho mượn chứng từ,2310,Chứng từ Vận hành hàng ngày,"Phiếu chi, Hóa đơn (nếu có)",Điện,,2026-06-10
6061882672800174417526,PGD 8245 chưa tồn tại hoặc là PGD chỉ dùng cho mượn chứng từ,8245,Chứng từ Ngân hàng hàng ngày,"Mục đích vốn (nếu có phát sinh bản giấy), Xác nhận người thụ hưởng không có TKNH với (HĐ vay 100 triệu), Chứng từ thu nhập + Năng lực tài chính (khi CIMB yêu cầu)",Giải ngân CIMB,GIAI_NGAN_CIMB,2026-06-10
5057562156274449002,Trùng parent_document_code trong nguồn Oracle,4733,Chứng từ Vận hành hàng ngày,"BB tất toán/thanh lý, Phiếu thu đóng hợp đồng, Biên bản chấm dứt thỏa thuận sử dụng TS và hoàn trả TS",Đóng HĐCC nợ xấu chủ động,DONG_HDCC_CDNX,2026-06-10
5055593058574461514,Trùng parent_document_code trong nguồn Oracle,4318,Chứng từ Vận hành hàng ngày,"Giấy đề nghị, Phiếu chi giải ngân, Ủy quyền epay",Đóng HĐCC chủ động,DONG_HDCC_CD,2026-06-10
5110414406974416813,Trùng parent_document_code trong nguồn Oracle,4202,Chứng từ Vận hành hàng ngày,"Giấy đề nghị, Phiếu chi giải ngân",Đóng HĐCC nợ xấu chủ động,DONG_HDCC_CDNX,2026-06-10
5095548429774481990,Không map được loại chứng từ: HĐ ký gửi tài sản,8001,Chứng từ Vận hành hàng ngày,HĐ ký gửi tài sản,Đóng HĐCC chủ động,DONG_HDCC_CD,2026-06-10
6033180087300274413446,PGD 2304 chưa tồn tại hoặc là PGD chỉ dùng cho mượn chứng từ,2304,Chứng từ Ngân hàng hàng ngày,"Mục đích vốn (nếu có phát sinh bản giấy), Xác nhận người thụ hưởng không có TKNH với (HĐ vay 100 triệu), Chứng từ thu nhập + Năng lực tài chính (khi CIMB yêu cầu)",Giải ngân CIMB,GIAI_NGAN_CIMB,2026-06-10
5021889678374476513,Trùng parent_document_code trong nguồn Oracle,2272,Chứng từ Vận hành hàng ngày,"Giấy đề nghị, Phiếu chi giải ngân",Đóng HĐCC chủ động,DONG_HDCC_CD,2026-06-10
6065914954100174455626,PGD 5132 chưa tồn tại hoặc là PGD chỉ dùng cho mượn chứng từ,5132,Chứng từ Ngân hàng hàng ngày,"Mục đích vốn (nếu có phát sinh bản giấy), Xác nhận người thụ hưởng không có TKNH với (HĐ vay 100 triệu), Chứng từ thu nhập + Năng lực tài chính (khi CIMB yêu cầu)",Giải ngân CIMB,GIAI_NGAN_CIMB,2026-06-10
6026737992074393033,Trùng parent_document_code trong nguồn Oracle,4406,Chứng từ Vận hành hàng ngày,"BB tất toán/thanh lý, Phiếu thu đóng hợp đồng, Biên bản chấm dứt thỏa thuận sử dụng TS và hoàn trả TS",Đóng HĐCC chủ động,DONG_HDCC_CD,2026-06-10
6060567891700174441099,PGD 6219 chưa tồn tại hoặc là PGD chỉ dùng cho mượn chứng từ,6219,Chứng từ Ngân hàng hàng ngày,"Mục đích vốn (nếu có phát sinh bản giấy), Xác nhận người thụ hưởng không có TKNH với (HĐ vay 100 triệu), Chứng từ thu nhập + Năng lực tài chính (khi CIMB yêu cầu)",Giải ngân CIMB,GIAI_NGAN_CIMB,2026-06-10
6064508620000174426964,PGD 7968 chưa tồn tại hoặc là PGD chỉ dùng cho mượn chứng từ,7968,Chứng từ Ngân hàng hàng ngày,"Mục đích vốn (nếu có phát sinh bản giấy), Xác nhận người thụ hưởng không có TKNH với (HĐ vay 100 triệu), Chứng từ thu nhập + Năng lực tài chính (khi CIMB yêu cầu)",Giải ngân CIMB,GIAI_NGAN_CIMB,2026-06-10
6031508094074429443,PGD 1278 chưa tồn tại hoặc là PGD chỉ dùng cho mượn chứng từ,1278,Chứng từ Vận hành hàng ngày,"Giấy đề nghị, Bản cam kết TS riêng, Phiếu chi giải ngân, Ủy quyền epay",Đóng HĐCC chủ động,DONG_HDCC_CD,2026-06-10
6065981193100174427060,PGD 2308 chưa tồn tại hoặc là PGD chỉ dùng cho mượn chứng từ,2308,Chứng từ Ngân hàng hàng ngày,"Mục đích vốn (nếu có phát sinh bản giấy), Xác nhận người thụ hưởng không có TKNH với (HĐ vay 100 triệu), Chứng từ thu nhập + Năng lực tài chính (khi CIMB yêu cầu)",Giải ngân CIMB,GIAI_NGAN_CIMB,2026-06-10
5100541293574458936,Không map được loại chứng từ: HĐ ký gửi tài sản,7755,Chứng từ Vận hành hàng ngày,HĐ ký gửi tài sản,Đóng HĐCC chủ động,DONG_HDCC_CD,2026-06-10
6043248064574468168,PGD 1283 chưa tồn tại hoặc là PGD chỉ dùng cho mượn chứng từ,1283,Chứng từ Vận hành hàng ngày,"Giấy đề nghị, Phiếu chi giải ngân, Ủy quyền epay",Đóng HĐCC chủ động,DONG_HDCC_CD,2026-06-10
3119133550274465482,Trùng parent_document_code trong nguồn Oracle,5904,Chứng từ Vận hành hàng ngày,"BB tất toán/thanh lý, Phiếu thu đóng hợp đồng, Biên bản chấm dứt thỏa thuận sử dụng TS và hoàn trả TS",Đóng HĐCC nợ xấu chủ động,DONG_HDCC_CDNX,2026-06-10
7431774574317745,PGD 9322 chưa tồn tại hoặc là PGD chỉ dùng cho mượn chứng từ,9322,Chứng từ Vận hành hàng ngày,"Phiếu chi, Hóa đơn (nếu có), Đề nghị thanh toán",Phí nộp - Rút tiền ngân hàng (tiền mặt),,2026-06-10
7432785374327853,PGD 2311 chưa tồn tại hoặc là PGD chỉ dùng cho mượn chứng từ,2311,Chứng từ Vận hành hàng ngày,"Phiếu chi, Biên lai / Phiếu yêu cầu dịch vụ/ Giấy nộp tiền (theo từng đơn vị chuyển tiền)",Chuyển quỹ,,2026-06-10
6043248064574468197,PGD 1283 chưa tồn tại hoặc là PGD chỉ dùng cho mượn chứng từ,1283,Chứng từ Vận hành hàng ngày,Giấy đề nghị,Đóng HĐCC chủ động,DONG_HDCC_CD,2026-06-10
7432599574325995,PGD 7436 chưa tồn tại hoặc là PGD chỉ dùng cho mượn chứng từ,7436,Chứng từ Vận hành hàng ngày,"Phiếu chi, Biên lai / Phiếu yêu cầu dịch vụ/ Giấy nộp tiền (theo từng đơn vị chuyển tiền)",Chuyển quỹ,,2026-06-10
7433047874330478,PGD 8136 chưa tồn tại hoặc là PGD chỉ dùng cho mượn chứng từ,8136,Chứng từ Vận hành hàng ngày,"Phiếu chi, Biên lai / Phiếu yêu cầu dịch vụ/ Giấy nộp tiền (theo từng đơn vị chuyển tiền)",Chuyển quỹ,,2026-06-10
7430945074309450,PGD 8244 chưa tồn tại hoặc là PGD chỉ dùng cho mượn chứng từ,8244,Chứng từ Vận hành hàng ngày,Phiếu chi,Rút tiền dư từ CIF,RUT_TIEN_DU_KH,2026-06-10
7433140574331405,PGD 5435 chưa tồn tại hoặc là PGD chỉ dùng cho mượn chứng từ,5435,Chứng từ Vận hành hàng ngày,"Phiếu chi, Biên lai / Phiếu yêu cầu dịch vụ/ Giấy nộp tiền (theo từng đơn vị chuyển tiền)",Chuyển quỹ,,2026-06-10
6061713585500174434864,Không map được loại chứng từ: Mục đích sử dụng vốn cho khoản vay trên 100 triệu (MB yêu cầu),6202,Chứng từ Ngân hàng hàng ngày,Mục đích sử dụng vốn cho khoản vay trên 100 triệu (MB yêu cầu),Giải ngân MB,GIAI_NGAN_MB,2026-06-10
6043534289174441914,PGD 2306 chưa tồn tại hoặc là PGD chỉ dùng cho mượn chứng từ,2306,Chứng từ Vận hành hàng ngày,Giấy đề nghị,Đóng HĐCC chủ động,DONG_HDCC_CD,2026-06-10
7432217874322178,PGD 6731 chưa tồn tại hoặc là PGD chỉ dùng cho mượn chứng từ,6731,Chứng từ Vận hành hàng ngày,"Phiếu chi, Biên lai / Phiếu yêu cầu dịch vụ/ Giấy nộp tiền (theo từng đơn vị chuyển tiền)",Chuyển quỹ,,2026-06-10
6050106377674437567,PGD 2303 chưa tồn tại hoặc là PGD chỉ dùng cho mượn chứng từ,2303,Chứng từ Vận hành hàng ngày,"BB tất toán/thanh lý, Phiếu thu đóng hợp đồng, Biên bản chấm dứt thỏa thuận sử dụng TS và hoàn trả TS, Giấy đề nghị",Đóng HĐCC chủ động,DONG_HDCC_CD,2026-06-10
7432783074327830,PGD 5245 chưa tồn tại hoặc là PGD chỉ dùng cho mượn chứng từ,5245,Chứng từ Vận hành hàng ngày,"Phiếu chi, Biên lai / Phiếu yêu cầu dịch vụ/ Giấy nộp tiền (theo từng đơn vị chuyển tiền)",Chuyển quỹ,,2026-06-10
6064031159300174446281,PGD 1278 chưa tồn tại hoặc là PGD chỉ dùng cho mượn chứng từ,1278,Chứng từ Ngân hàng hàng ngày,"Mục đích vốn (nếu có phát sinh bản giấy), Xác nhận người thụ hưởng không có TKNH với (HĐ vay 100 triệu), Chứng từ thu nhập + Năng lực tài chính (khi CIMB yêu cầu)",Giải ngân CIMB bằng TM,GIAI_NGAN_CIMB_TM,2026-06-10
5073783995574404479,Trùng parent_document_code trong nguồn Oracle,5610,Chứng từ Vận hành hàng ngày,"BB tất toán/thanh lý, Phiếu thu đóng hợp đồng, Biên bản chấm dứt thỏa thuận sử dụng TS và hoàn trả TS",Đóng HĐCC nợ xấu chủ động,DONG_HDCC_CDNX,2026-06-10
3123360343874396138,Trùng parent_document_code trong nguồn Oracle,1035,Chứng từ Vận hành hàng ngày,"Giấy đề nghị, Phiếu chi giải ngân",Đóng HĐCC nợ xấu chủ động,DONG_HDCC_CDNX,2026-06-10
6068910815100174453222,PGD 2310 chưa tồn tại hoặc là PGD chỉ dùng cho mượn chứng từ,2310,Chứng từ Ngân hàng hàng ngày,"Mục đích vốn (nếu có phát sinh bản giấy), Xác nhận người thụ hưởng không có TKNH với (HĐ vay 100 triệu), Chứng từ thu nhập + Năng lực tài chính (khi CIMB yêu cầu)",Giải ngân CIMB,GIAI_NGAN_CIMB,2026-06-10
6069823783500174426534,Không map được loại chứng từ: Mục đích sử dụng vốn cho khoản vay trên 100 triệu (MB yêu cầu),2082,Chứng từ Ngân hàng hàng ngày,Mục đích sử dụng vốn cho khoản vay trên 100 triệu (MB yêu cầu),Giải ngân MB,GIAI_NGAN_MB,2026-06-10
5106997031074429353,Trùng parent_document_code trong nguồn Oracle,7403,Chứng từ Vận hành hàng ngày,"Giấy đề nghị, Phiếu chi giải ngân",Đóng HĐCC nợ xấu chủ động,DONG_HDCC_CDNX,2026-06-10
5129944815074479291,Trùng parent_document_code trong nguồn Oracle,4809,Chứng từ Vận hành hàng ngày,"Giấy đề nghị, Phiếu chi giải ngân",Đóng HĐCC nợ xấu chủ động,DONG_HDCC_CDNX,2026-06-10
6051272039474683250,PGD 1283 chưa tồn tại hoặc là PGD chỉ dùng cho mượn chứng từ,1283,Chứng từ Vận hành hàng ngày,"Giấy đề nghị, Phiếu chi giải ngân, Ủy quyền epay",Đóng HĐCC chủ động,DONG_HDCC_CD,2026-06-11
7457919874579198,PGD 7436 chưa tồn tại hoặc là PGD chỉ dùng cho mượn chứng từ,7436,Chứng từ Vận hành hàng ngày,"Phiếu chi, Biên lai / Phiếu yêu cầu dịch vụ/ Giấy nộp tiền (theo từng đơn vị chuyển tiền)",Chuyển quỹ,,2026-06-11
6056652585474640575,PGD 1288 chưa tồn tại hoặc là PGD chỉ dùng cho mượn chứng từ,1288,Chứng từ Vận hành hàng ngày,"Giấy đề nghị, Phiếu chi giải ngân",Đóng HĐCC chủ động,DONG_HDCC_CD,2026-06-11
6067566223300174664336,Không map được loại chứng từ: Mục đích sử dụng vốn cho khoản vay trên 100 triệu (MB yêu cầu),1076,Chứng từ Ngân hàng hàng ngày,Mục đích sử dụng vốn cho khoản vay trên 100 triệu (MB yêu cầu),Giải ngân MB,GIAI_NGAN_MB,2026-06-11
6059514217074622451,PGD 2307 chưa tồn tại hoặc là PGD chỉ dùng cho mượn chứng từ,2307,Chứng từ Vận hành hàng ngày,Giấy đề nghị,Đóng HĐCC chủ động,DONG_HDCC_CD,2026-06-11
6050879482774665064,PGD 8631 chưa tồn tại hoặc là PGD chỉ dùng cho mượn chứng từ,8631,Chứng từ Vận hành hàng ngày,"BB tất toán/thanh lý, Phiếu thu đóng hợp đồng, Biên bản chấm dứt thỏa thuận sử dụng TS và hoàn trả TS, Giấy đề nghị",Đóng HĐCC chủ động,DONG_HDCC_CD,2026-06-11
7457984074579840,PGD 1278 chưa tồn tại hoặc là PGD chỉ dùng cho mượn chứng từ,1278,Chứng từ Vận hành hàng ngày,"Phiếu chi, Biên lai / Phiếu yêu cầu dịch vụ/ Giấy nộp tiền (theo từng đơn vị chuyển tiền)",Chuyển quỹ,,2026-06-11
7456179374561793,PGD 1286 chưa tồn tại hoặc là PGD chỉ dùng cho mượn chứng từ,1286,Chứng từ Vận hành hàng ngày,Phiếu chi,Rút tiền dư từ CIF,RUT_TIEN_DU_KH,2026-06-11
6066290764400174685675,PGD 7968 chưa tồn tại hoặc là PGD chỉ dùng cho mượn chứng từ,7968,Chứng từ Ngân hàng hàng ngày,"Mục đích vốn (nếu có phát sinh bản giấy), Xác nhận người thụ hưởng không có TKNH với (HĐ vay 100 triệu), Chứng từ thu nhập + Năng lực tài chính (khi CIMB yêu cầu)",Giải ngân CIMB,GIAI_NGAN_CIMB,2026-06-11
6060547288100174688162,PGD 8135 chưa tồn tại hoặc là PGD chỉ dùng cho mượn chứng từ,8135,Chứng từ Ngân hàng hàng ngày,"Mục đích vốn (nếu có phát sinh bản giấy), Xác nhận người thụ hưởng không có TKNH với (HĐ vay 100 triệu), Chứng từ thu nhập + Năng lực tài chính (khi CIMB yêu cầu)",Giải ngân CIMB,GIAI_NGAN_CIMB,2026-06-11
7457568774575687,PGD 7968 chưa tồn tại hoặc là PGD chỉ dùng cho mượn chứng từ,7968,Chứng từ Vận hành hàng ngày,"Phiếu chi, Biên lai / Phiếu yêu cầu dịch vụ/ Giấy nộp tiền (theo từng đơn vị chuyển tiền)",Chuyển quỹ,,2026-06-11
7456700874567008,PGD 5552 chưa tồn tại hoặc là PGD chỉ dùng cho mượn chứng từ,5552,Chứng từ Vận hành hàng ngày,"Phiếu chi, Biên lai / Phiếu yêu cầu dịch vụ/ Giấy nộp tiền (theo từng đơn vị chuyển tiền)",Chuyển quỹ,,2026-06-11
7458013474580134,PGD 5435 chưa tồn tại hoặc là PGD chỉ dùng cho mượn chứng từ,5435,Chứng từ Vận hành hàng ngày,Phiếu thu,Nhận quỹ,,2026-06-11
6063710656800174666092,PGD 1287 chưa tồn tại hoặc là PGD chỉ dùng cho mượn chứng từ,1287,Chứng từ Vận hành hàng ngày,"Phiếu yêu cầu miễn giảm (nếu có), Phiếu yêu cầu miễn giảm (nếu có)",Miễn giảm đóng HĐ,MIEN_GIAM_DONG_HD,2026-06-11
5044783042200274672834,Không map được loại chứng từ: Giấy đề nghị tái tục giấy nhận nợ,9201,Chứng từ Vận hành hàng ngày,Giấy đề nghị tái tục giấy nhận nợ,Đáo hạn,DONG_HD_DH,2026-06-11
6031699188374687503,PGD 1278 chưa tồn tại hoặc là PGD chỉ dùng cho mượn chứng từ,1278,Chứng từ Vận hành hàng ngày,"Giấy đề nghị, Phiếu chi giải ngân",Đóng HĐCC chủ động,DONG_HDCC_CD,2026-06-11
6048047565274634907,PGD 2303 chưa tồn tại hoặc là PGD chỉ dùng cho mượn chứng từ,2303,Chứng từ Vận hành hàng ngày,Giấy đề nghị,Đóng HĐCC chủ động,DONG_HDCC_CD,2026-06-11
7457127574571275,PGD 2313 chưa tồn tại hoặc là PGD chỉ dùng cho mượn chứng từ,2313,Chứng từ Vận hành hàng ngày,"Phiếu chi, Hóa đơn (nếu có)",Trade Marketing cho CH,,2026-06-11
6014635490974684510,PGD 9221 chưa tồn tại hoặc là PGD chỉ dùng cho mượn chứng từ,9221,Chứng từ Vận hành hàng ngày,"Giấy đề nghị, Phiếu chi giải ngân, Ủy quyền epay",Đóng HĐCC chủ động,DONG_HDCC_CD,2026-06-11
7456223474562234,PGD 5435 chưa tồn tại hoặc là PGD chỉ dùng cho mượn chứng từ,5435,Chứng từ Vận hành hàng ngày,Phiếu chi,Rút tiền dư từ CIF,RUT_TIEN_DU_KH,2026-06-11
6054984061474622835,PGD 5552 chưa tồn tại hoặc là PGD chỉ dùng cho mượn chứng từ,5552,Chứng từ Vận hành hàng ngày,Giấy đề nghị,Đóng HĐCC chủ động,DONG_HDCC_CD,2026-06-11
6041624443000474651674,PGD 6731 chưa tồn tại hoặc là PGD chỉ dùng cho mượn chứng từ,6731,Chứng từ Ngân hàng hàng ngày,"Mục đích vốn (nếu có phát sinh bản giấy), Xác nhận người thụ hưởng không có TKNH với (HĐ vay 100 triệu), Chứng từ thu nhập + Năng lực tài chính (khi CIMB yêu cầu)",Giải ngân CIMB,GIAI_NGAN_CIMB,2026-06-11
6056078068300174653118,PGD 1286 chưa tồn tại hoặc là PGD chỉ dùng cho mượn chứng từ,1286,Chứng từ Vận hành hàng ngày,"Phiếu yêu cầu miễn giảm (nếu có), Phiếu yêu cầu miễn giảm (nếu có)",Miễn giảm đóng HĐ,MIEN_GIAM_DONG_HD,2026-06-11
6063710656874661816,PGD 1287 chưa tồn tại hoặc là PGD chỉ dùng cho mượn chứng từ,1287,Chứng từ Vận hành hàng ngày,"BB tất toán/thanh lý, Phiếu thu đóng hợp đồng, Biên bản chấm dứt thỏa thuận sử dụng TS và hoàn trả TS, Giấy đề nghị",Đóng HĐCC chủ động,DONG_HDCC_CD,2026-06-11
6011925053374667840,PGD 2302 chưa tồn tại hoặc là PGD chỉ dùng cho mượn chứng từ,2302,Chứng từ Vận hành hàng ngày,Giấy đề nghị,Đóng HĐCC chủ động,DONG_HDCC_CD,2026-06-11
7457969974579699,PGD 8245 chưa tồn tại hoặc là PGD chỉ dùng cho mượn chứng từ,8245,Chứng từ Vận hành hàng ngày,"Phiếu chi, Biên lai / Phiếu yêu cầu dịch vụ/ Giấy nộp tiền (theo từng đơn vị chuyển tiền)",Chuyển quỹ,,2026-06-11
6014635490974684622,PGD 9221 chưa tồn tại hoặc là PGD chỉ dùng cho mượn chứng từ,9221,Chứng từ Vận hành hàng ngày,Giấy đề nghị,Đóng HĐCC chủ động,DONG_HDCC_CD,2026-06-11
6069006495700174678696,PGD 2306 chưa tồn tại hoặc là PGD chỉ dùng cho mượn chứng từ,2306,Chứng từ Ngân hàng hàng ngày,"Mục đích vốn (nếu có phát sinh bản giấy), Xác nhận người thụ hưởng không có TKNH với (HĐ vay 100 triệu), Chứng từ thu nhập + Năng lực tài chính (khi CIMB yêu cầu)",Giải ngân CIMB,GIAI_NGAN_CIMB,2026-06-11
6067774599200174684251,PGD 2306 chưa tồn tại hoặc là PGD chỉ dùng cho mượn chứng từ,2306,Chứng từ Ngân hàng hàng ngày,"Mục đích vốn (nếu có phát sinh bản giấy), Xác nhận người thụ hưởng không có TKNH với (HĐ vay 100 triệu), Chứng từ thu nhập + Năng lực tài chính (khi CIMB yêu cầu)",Giải ngân CIMB,GIAI_NGAN_CIMB,2026-06-11
6010953504574628446,PGD 1283 chưa tồn tại hoặc là PGD chỉ dùng cho mượn chứng từ,1283,Chứng từ Vận hành hàng ngày,"Giấy đề nghị, Phiếu chi giải ngân",Đóng HĐCC chủ động,DONG_HDCC_CD,2026-06-11
6054984061474622813,PGD 5552 chưa tồn tại hoặc là PGD chỉ dùng cho mượn chứng từ,5552,Chứng từ Vận hành hàng ngày,"Giấy đề nghị, Phiếu chi giải ngân, Ủy quyền epay",Đóng HĐCC chủ động,DONG_HDCC_CD,2026-06-11
6056614992100174688742,PGD 1286 chưa tồn tại hoặc là PGD chỉ dùng cho mượn chứng từ,1286,Chứng từ Vận hành hàng ngày,"Phiếu yêu cầu miễn giảm (nếu có), Phiếu yêu cầu miễn giảm (nếu có)",Miễn giảm đóng HĐ,MIEN_GIAM_DONG_HD,2026-06-11
7456619574566195,PGD 2302 chưa tồn tại hoặc là PGD chỉ dùng cho mượn chứng từ,2302,Chứng từ Vận hành hàng ngày,"Phiếu chi, Biên lai / Phiếu yêu cầu dịch vụ/ Giấy nộp tiền (theo từng đơn vị chuyển tiền)",Chuyển quỹ,,2026-06-11
7456814074568140,PGD 1278 chưa tồn tại hoặc là PGD chỉ dùng cho mượn chứng từ,1278,Chứng từ Vận hành hàng ngày,"Phiếu chi, Biên lai / Phiếu yêu cầu dịch vụ/ Giấy nộp tiền (theo từng đơn vị chuyển tiền)",Chuyển quỹ,,2026-06-11
7456858674568586,PGD 8631 chưa tồn tại hoặc là PGD chỉ dùng cho mượn chứng từ,8631,Chứng từ Vận hành hàng ngày,Phiếu thu,Nhận quỹ,,2026-06-11
6054968901074629611,Trùng parent_document_code trong nguồn Oracle,5101,Chứng từ Vận hành hàng ngày,"Giấy đề nghị, Phiếu chi giải ngân",Đóng HĐCC chủ động,DONG_HDCC_CD,2026-06-11
6069684219200174688328,PGD 2303 chưa tồn tại hoặc là PGD chỉ dùng cho mượn chứng từ,2303,Chứng từ Ngân hàng hàng ngày,"Mục đích vốn (nếu có phát sinh bản giấy), Xác nhận người thụ hưởng không có TKNH với (HĐ vay 100 triệu), Chứng từ thu nhập + Năng lực tài chính (khi CIMB yêu cầu)",Giải ngân CIMB,GIAI_NGAN_CIMB,2026-06-11
6064150911100174676340,PGD 7437 chưa tồn tại hoặc là PGD chỉ dùng cho mượn chứng từ,7437,Chứng từ Ngân hàng hàng ngày,"Mục đích vốn (nếu có phát sinh bản giấy), Xác nhận người thụ hưởng không có TKNH với (HĐ vay 100 triệu), Chứng từ thu nhập + Năng lực tài chính (khi CIMB yêu cầu)",Giải ngân CIMB,GIAI_NGAN_CIMB,2026-06-11
6063197901200174666579,PGD 9322 chưa tồn tại hoặc là PGD chỉ dùng cho mượn chứng từ,9322,Chứng từ Ngân hàng hàng ngày,"Mục đích vốn (nếu có phát sinh bản giấy), Xác nhận người thụ hưởng không có TKNH với (HĐ vay 100 triệu), Chứng từ thu nhập + Năng lực tài chính (khi CIMB yêu cầu)",Giải ngân CIMB,GIAI_NGAN_CIMB,2026-06-11
7457315274573152,PGD 4826 chưa tồn tại hoặc là PGD chỉ dùng cho mượn chứng từ,4826,Chứng từ Vận hành hàng ngày,"Phiếu chi, Biên lai / Phiếu yêu cầu dịch vụ/ Giấy nộp tiền (theo từng đơn vị chuyển tiền)",Chuyển quỹ,,2026-06-11
6066870333900174669927,PGD 2302 chưa tồn tại hoặc là PGD chỉ dùng cho mượn chứng từ,2302,Chứng từ Ngân hàng hàng ngày,"Mục đích vốn (nếu có phát sinh bản giấy), Xác nhận người thụ hưởng không có TKNH với (HĐ vay 100 triệu), Chứng từ thu nhập + Năng lực tài chính (khi CIMB yêu cầu)",Giải ngân CIMB,GIAI_NGAN_CIMB,2026-06-11
6063281869300174682378,PGD 2308 chưa tồn tại hoặc là PGD chỉ dùng cho mượn chứng từ,2308,Chứng từ Ngân hàng hàng ngày,"Mục đích vốn (nếu có phát sinh bản giấy), Xác nhận người thụ hưởng không có TKNH với (HĐ vay 100 triệu), Chứng từ thu nhập + Năng lực tài chính (khi CIMB yêu cầu)",Giải ngân CIMB,GIAI_NGAN_CIMB,2026-06-11
6069547703300174654312,PGD 8631 chưa tồn tại hoặc là PGD chỉ dùng cho mượn chứng từ,8631,Chứng từ Ngân hàng hàng ngày,"Mục đích vốn (nếu có phát sinh bản giấy), Xác nhận người thụ hưởng không có TKNH với (HĐ vay 100 triệu), Chứng từ thu nhập + Năng lực tài chính (khi CIMB yêu cầu)",Giải ngân CIMB,GIAI_NGAN_CIMB,2026-06-11
6066247764100174657779,PGD 1278 chưa tồn tại hoặc là PGD chỉ dùng cho mượn chứng từ,1278,Chứng từ Vận hành hàng ngày,"Phiếu yêu cầu miễn giảm (nếu có), Phiếu yêu cầu miễn giảm (nếu có)",Miễn giảm đóng HĐ,MIEN_GIAM_DONG_HD,2026-06-11
6061506334200174661888,PGD 8135 chưa tồn tại hoặc là PGD chỉ dùng cho mượn chứng từ,8135,Chứng từ Ngân hàng hàng ngày,"Mục đích vốn (nếu có phát sinh bản giấy), Xác nhận người thụ hưởng không có TKNH với (HĐ vay 100 triệu), Chứng từ thu nhập + Năng lực tài chính (khi CIMB yêu cầu)",Giải ngân CIMB,GIAI_NGAN_CIMB,2026-06-11
7457328674573286,PGD 1287 chưa tồn tại hoặc là PGD chỉ dùng cho mượn chứng từ,1287,Chứng từ Vận hành hàng ngày,"Phiếu chi, Biên lai / Phiếu yêu cầu dịch vụ/ Giấy nộp tiền (theo từng đơn vị chuyển tiền)",Chuyển quỹ,,2026-06-11
7457455574574555,PGD 2310 chưa tồn tại hoặc là PGD chỉ dùng cho mượn chứng từ,2310,Chứng từ Vận hành hàng ngày,"Phiếu chi, Biên lai / Phiếu yêu cầu dịch vụ/ Giấy nộp tiền (theo từng đơn vị chuyển tiền)",Chuyển quỹ,,2026-06-11
6011925053374667189,PGD 2302 chưa tồn tại hoặc là PGD chỉ dùng cho mượn chứng từ,2302,Chứng từ Vận hành hàng ngày,"Giấy đề nghị, Phiếu chi giải ngân, Ủy quyền epay",Đóng HĐCC chủ động,DONG_HDCC_CD,2026-06-11
7457521574575215,PGD 9322 chưa tồn tại hoặc là PGD chỉ dùng cho mượn chứng từ,9322,Chứng từ Vận hành hàng ngày,"Phiếu chi, Biên lai / Phiếu yêu cầu dịch vụ/ Giấy nộp tiền (theo từng đơn vị chuyển tiền)",Chuyển quỹ,,2026-06-11
6050879482700174667407,PGD 8631 chưa tồn tại hoặc là PGD chỉ dùng cho mượn chứng từ,8631,Chứng từ Vận hành hàng ngày,Phiếu thu đóng hợp đồng,Đóng hợp đồng chủ động,DONG_HD_CD,2026-06-11
6063710656800174666094,PGD 1287 chưa tồn tại hoặc là PGD chỉ dùng cho mượn chứng từ,1287,Chứng từ Vận hành hàng ngày,Phiếu thu đóng hợp đồng,Đóng hợp đồng chủ động,DONG_HD_CD,2026-06-11
6061767511300174685516,PGD 2310 chưa tồn tại hoặc là PGD chỉ dùng cho mượn chứng từ,2310,Chứng từ Ngân hàng hàng ngày,"Mục đích vốn (nếu có phát sinh bản giấy), Xác nhận người thụ hưởng không có TKNH với (HĐ vay 100 triệu), Chứng từ thu nhập + Năng lực tài chính (khi CIMB yêu cầu)",Giải ngân CIMB,GIAI_NGAN_CIMB,2026-06-11
6066925803500174685532,Không map được loại chứng từ: Mục đích sử dụng vốn cho khoản vay trên 100 triệu (MB yêu cầu),8901,Chứng từ Ngân hàng hàng ngày,Mục đích sử dụng vốn cho khoản vay trên 100 triệu (MB yêu cầu),Giải ngân MB,GIAI_NGAN_MB,2026-06-11
6061687079800174679480,PGD 2303 chưa tồn tại hoặc là PGD chỉ dùng cho mượn chứng từ,2303,Chứng từ Ngân hàng hàng ngày,"Mục đích vốn (nếu có phát sinh bản giấy), Xác nhận người thụ hưởng không có TKNH với (HĐ vay 100 triệu), Chứng từ thu nhập + Năng lực tài chính (khi CIMB yêu cầu)",Giải ngân CIMB,GIAI_NGAN_CIMB,2026-06-11
3110957183100474669910,Không map được loại chứng từ: Giấy đề nghị tái tục giấy nhận nợ,4514,Chứng từ Vận hành hàng ngày,Giấy đề nghị tái tục giấy nhận nợ,Đáo hạn,DONG_HD_DH,2026-06-11
7457034474570344,PGD 2313 chưa tồn tại hoặc là PGD chỉ dùng cho mượn chứng từ,2313,Chứng từ Vận hành hàng ngày,Phiếu thu,Nhận quỹ,,2026-06-11
6062170890800174664373,PGD 7968 chưa tồn tại hoặc là PGD chỉ dùng cho mượn chứng từ,7968,Chứng từ Ngân hàng hàng ngày,"Mục đích vốn (nếu có phát sinh bản giấy), Xác nhận người thụ hưởng không có TKNH với (HĐ vay 100 triệu), Chứng từ thu nhập + Năng lực tài chính (khi CIMB yêu cầu)",Giải ngân CIMB,GIAI_NGAN_CIMB,2026-06-11
5085758887574680505,Không map được loại chứng từ: HĐ ký gửi tài sản,7901,Chứng từ Vận hành hàng ngày,HĐ ký gửi tài sản,Đóng HĐCC chủ động,DONG_HDCC_CD,2026-06-11
4125097733474685365,Trùng parent_document_code trong nguồn Oracle,2023,Chứng từ Vận hành hàng ngày,"Giấy đề nghị, Phiếu chi giải ngân",Đóng HĐCC nợ xấu chủ động,DONG_HDCC_CDNX,2026-06-11
5085758887574680621,Không map được loại chứng từ: HĐ ký gửi tài sản,7901,Chứng từ Vận hành hàng ngày,HĐ ký gửi tài sản,Đóng HĐCC chủ động,DONG_HDCC_CD,2026-06-11
6056652585400174658393,PGD 1288 chưa tồn tại hoặc là PGD chỉ dùng cho mượn chứng từ,1288,Chứng từ Vận hành hàng ngày,"Phiếu yêu cầu miễn giảm (nếu có), Phiếu yêu cầu miễn giảm (nếu có)",Miễn giảm đóng HĐ,MIEN_GIAM_DONG_HD,2026-06-11
6062084263800174672341,PGD 5132 chưa tồn tại hoặc là PGD chỉ dùng cho mượn chứng từ,5132,Chứng từ Ngân hàng hàng ngày,"Mục đích vốn (nếu có phát sinh bản giấy), Xác nhận người thụ hưởng không có TKNH với (HĐ vay 100 triệu), Chứng từ thu nhập + Năng lực tài chính (khi CIMB yêu cầu)",Giải ngân CIMB,GIAI_NGAN_CIMB,2026-06-11
6011310874874632409,PGD 7827 chưa tồn tại hoặc là PGD chỉ dùng cho mượn chứng từ,7827,Chứng từ Vận hành hàng ngày,"Giấy đề nghị, Phiếu chi giải ngân, Ủy quyền epay",Đóng HĐCC chủ động,DONG_HDCC_CD,2026-06-11
7457554074575540,PGD 2309 chưa tồn tại hoặc là PGD chỉ dùng cho mượn chứng từ,2309,Chứng từ Vận hành hàng ngày,"Phiếu chi, Biên lai / Phiếu yêu cầu dịch vụ/ Giấy nộp tiền (theo từng đơn vị chuyển tiền)",Chuyển quỹ,,2026-06-11
7457536274575362,PGD 2307 chưa tồn tại hoặc là PGD chỉ dùng cho mượn chứng từ,2307,Chứng từ Vận hành hàng ngày,"Phiếu chi, Biên lai / Phiếu yêu cầu dịch vụ/ Giấy nộp tiền (theo từng đơn vị chuyển tiền)",Chuyển quỹ,,2026-06-11
6064694194100174666661,PGD 8135 chưa tồn tại hoặc là PGD chỉ dùng cho mượn chứng từ,8135,Chứng từ Ngân hàng hàng ngày,"Mục đích vốn (nếu có phát sinh bản giấy), Xác nhận người thụ hưởng không có TKNH với (HĐ vay 100 triệu), Chứng từ thu nhập + Năng lực tài chính (khi CIMB yêu cầu)",Giải ngân CIMB,GIAI_NGAN_CIMB,2026-06-11
5121003540774683628,PGD 1278 chưa tồn tại hoặc là PGD chỉ dùng cho mượn chứng từ,1278,Chứng từ Vận hành hàng ngày,"Giấy đề nghị, Phiếu chi giải ngân, Ủy quyền epay",Đóng HĐCC chủ động,DONG_HDCC_CD,2026-06-11
5023323168774673457,Không map được loại chứng từ: HĐ ký gửi tài sản,9102,Chứng từ Vận hành hàng ngày,HĐ ký gửi tài sản,Đóng HĐCC nợ xấu chủ động,DONG_HDCC_CDNX,2026-06-11
6063812922900174672082,PGD 1278 chưa tồn tại hoặc là PGD chỉ dùng cho mượn chứng từ,1278,Chứng từ Ngân hàng hàng ngày,"Mục đích vốn (nếu có phát sinh bản giấy), Xác nhận người thụ hưởng không có TKNH với (HĐ vay 100 triệu), Chứng từ thu nhập + Năng lực tài chính (khi CIMB yêu cầu)",Giải ngân CIMB,GIAI_NGAN_CIMB,2026-06-11
6065796891600174687962,PGD 2308 chưa tồn tại hoặc là PGD chỉ dùng cho mượn chứng từ,2308,Chứng từ Ngân hàng hàng ngày,"Mục đích vốn (nếu có phát sinh bản giấy), Xác nhận người thụ hưởng không có TKNH với (HĐ vay 100 triệu), Chứng từ thu nhập + Năng lực tài chính (khi CIMB yêu cầu)",Giải ngân CIMB,GIAI_NGAN_CIMB,2026-06-11
7457591374575913,PGD 1284 chưa tồn tại hoặc là PGD chỉ dùng cho mượn chứng từ,1284,Chứng từ Vận hành hàng ngày,"Phiếu chi, Biên lai / Phiếu yêu cầu dịch vụ/ Giấy nộp tiền (theo từng đơn vị chuyển tiền)",Chuyển quỹ,,2026-06-11
6065655727600174663599,PGD 2311 chưa tồn tại hoặc là PGD chỉ dùng cho mượn chứng từ,2311,Chứng từ Ngân hàng hàng ngày,"Mục đích vốn (nếu có phát sinh bản giấy), Xác nhận người thụ hưởng không có TKNH với (HĐ vay 100 triệu), Chứng từ thu nhập + Năng lực tài chính (khi CIMB yêu cầu)",Giải ngân CIMB,GIAI_NGAN_CIMB,2026-06-11
6066730237600174664323,PGD 1285 chưa tồn tại hoặc là PGD chỉ dùng cho mượn chứng từ,1285,Chứng từ Ngân hàng hàng ngày,"Mục đích vốn (nếu có phát sinh bản giấy), Xác nhận người thụ hưởng không có TKNH với (HĐ vay 100 triệu), Chứng từ thu nhập + Năng lực tài chính (khi CIMB yêu cầu)",Giải ngân CIMB,GIAI_NGAN_CIMB,2026-06-11
6063710656874661803,PGD 1287 chưa tồn tại hoặc là PGD chỉ dùng cho mượn chứng từ,1287,Chứng từ Vận hành hàng ngày,"Giấy đề nghị, Phiếu chi giải ngân, Ủy quyền epay",Đóng HĐCC chủ động,DONG_HDCC_CD,2026-06-11
7457985574579855,PGD 2308 chưa tồn tại hoặc là PGD chỉ dùng cho mượn chứng từ,2308,Chứng từ Vận hành hàng ngày,"Phiếu chi, Biên lai / Phiếu yêu cầu dịch vụ/ Giấy nộp tiền (theo từng đơn vị chuyển tiền)",Chuyển quỹ,,2026-06-11
7457983274579832,PGD 5132 chưa tồn tại hoặc là PGD chỉ dùng cho mượn chứng từ,5132,Chứng từ Vận hành hàng ngày,"Phiếu chi, Biên lai / Phiếu yêu cầu dịch vụ/ Giấy nộp tiền (theo từng đơn vị chuyển tiền)",Chuyển quỹ,,2026-06-11
5071774529174696258,Trùng parent_document_code trong nguồn Oracle,4824,Chứng từ Vận hành hàng ngày,"BB tất toán/thanh lý, Phiếu thu đóng hợp đồng, Biên bản chấm dứt thỏa thuận sử dụng TS và hoàn trả TS",Đóng HĐCC chủ động,DONG_HDCC_CD,2026-06-11
5066897044874677061,Không map được loại chứng từ: HĐ ký gửi tài sản,5202,Chứng từ Vận hành hàng ngày,HĐ ký gửi tài sản,Đóng HĐCC chủ động,DONG_HDCC_CD,2026-06-11
4037779527000474688190,Không map được loại chứng từ: Giấy đề nghị tái tục giấy nhận nợ,9102,Chứng từ Vận hành hàng ngày,Giấy đề nghị tái tục giấy nhận nợ,Đáo hạn,DONG_HD_DH,2026-06-11
6059514217074622380,PGD 2307 chưa tồn tại hoặc là PGD chỉ dùng cho mượn chứng từ,2307,Chứng từ Vận hành hàng ngày,"Giấy đề nghị, Phiếu chi giải ngân, Ủy quyền epay",Đóng HĐCC chủ động,DONG_HDCC_CD,2026-06-11
6060638313400174658067,PGD 8631 chưa tồn tại hoặc là PGD chỉ dùng cho mượn chứng từ,8631,Chứng từ Ngân hàng hàng ngày,"Mục đích vốn (nếu có phát sinh bản giấy), Xác nhận người thụ hưởng không có TKNH với (HĐ vay 100 triệu), Chứng từ thu nhập + Năng lực tài chính (khi CIMB yêu cầu)",Giải ngân CIMB,GIAI_NGAN_CIMB,2026-06-11
5065313583174696460,Trùng parent_document_code trong nguồn Oracle,1077,Chứng từ Vận hành hàng ngày,"Giấy đề nghị, Phiếu chi giải ngân, Ủy quyền epay",Đóng HĐCC nợ xấu chủ động,DONG_HDCC_CDNX,2026-06-11
7456800074568000,PGD 6219 chưa tồn tại hoặc là PGD chỉ dùng cho mượn chứng từ,6219,Chứng từ Vận hành hàng ngày,"Phiếu chi, Biên lai / Phiếu yêu cầu dịch vụ/ Giấy nộp tiền (theo từng đơn vị chuyển tiền)",Chuyển quỹ,,2026-06-11
2118688408074674649,PGD 1187 chưa tồn tại hoặc là PGD chỉ dùng cho mượn chứng từ,1187,Chứng từ Vận hành hàng ngày,"HDCC, Giấy đề nghị, Phiếu chi giải ngân",Đóng HĐCC nợ xấu chủ động,DONG_HDCC_CDNX,2026-06-11
6050879482774664925,PGD 8631 chưa tồn tại hoặc là PGD chỉ dùng cho mượn chứng từ,8631,Chứng từ Vận hành hàng ngày,"Giấy đề nghị, Phiếu chi giải ngân, Ủy quyền epay",Đóng HĐCC chủ động,DONG_HDCC_CD,2026-06-11
6066290317400174670084,PGD 1278 chưa tồn tại hoặc là PGD chỉ dùng cho mượn chứng từ,1278,Chứng từ Vận hành hàng ngày,"Phiếu yêu cầu miễn giảm (nếu có), Phiếu yêu cầu miễn giảm (nếu có)",Miễn giảm đóng HĐ,MIEN_GIAM_DONG_HD,2026-06-11
7456074974560749,PGD 1278 chưa tồn tại hoặc là PGD chỉ dùng cho mượn chứng từ,1278,Chứng từ Vận hành hàng ngày,Phiếu chi,Rút tiền dư từ CIF,RUT_TIEN_DU_KH,2026-06-11
6056078068374629191,PGD 1286 chưa tồn tại hoặc là PGD chỉ dùng cho mượn chứng từ,1286,Chứng từ Vận hành hàng ngày,"Giấy đề nghị, Phiếu chi giải ngân",Đóng HĐCC chủ động,DONG_HDCC_CD,2026-06-11
6048047565274634885,PGD 2303 chưa tồn tại hoặc là PGD chỉ dùng cho mượn chứng từ,2303,Chứng từ Vận hành hàng ngày,"Giấy đề nghị, Phiếu chi giải ngân, Ủy quyền epay",Đóng HĐCC chủ động,DONG_HDCC_CD,2026-06-11
6056614992174700103,PGD 1286 chưa tồn tại hoặc là PGD chỉ dùng cho mượn chứng từ,1286,Chứng từ Vận hành hàng ngày,"Giấy đề nghị, Phiếu chi giải ngân",Đóng HĐCC chủ động,DONG_HDCC_CD,2026-06-11
6060917748500174655510,PGD 7437 chưa tồn tại hoặc là PGD chỉ dùng cho mượn chứng từ,7437,Chứng từ Ngân hàng hàng ngày,"Mục đích vốn (nếu có phát sinh bản giấy), Xác nhận người thụ hưởng không có TKNH với (HĐ vay 100 triệu), Chứng từ thu nhập + Năng lực tài chính (khi CIMB yêu cầu)",Giải ngân CIMB,GIAI_NGAN_CIMB,2026-06-11
6011925053300174668576,PGD 2302 chưa tồn tại hoặc là PGD chỉ dùng cho mượn chứng từ,2302,Chứng từ Vận hành hàng ngày,"Phiếu yêu cầu miễn giảm (nếu có), Phiếu yêu cầu miễn giảm (nếu có)",Miễn giảm đóng HĐ,MIEN_GIAM_DONG_HD,2026-06-11
6051272039474683319,PGD 1283 chưa tồn tại hoặc là PGD chỉ dùng cho mượn chứng từ,1283,Chứng từ Vận hành hàng ngày,Giấy đề nghị,Đóng HĐCC chủ động,DONG_HDCC_CD,2026-06-11
2087087029874662255,Trùng parent_document_code trong nguồn Oracle,4801,Chứng từ Vận hành hàng ngày,"HDCC, Giấy đề nghị, Phiếu chi giải ngân",Đóng HĐCC nợ xấu chủ động,DONG_HDCC_CDNX,2026-06-11
7457127074571270,PGD 2313 chưa tồn tại hoặc là PGD chỉ dùng cho mượn chứng từ,2313,Chứng từ Vận hành hàng ngày,"Phiếu chi, Hóa đơn (nếu có)",Thắp hương,,2026-06-11
6060393277700174668411,PGD 8631 chưa tồn tại hoặc là PGD chỉ dùng cho mượn chứng từ,8631,Chứng từ Ngân hàng hàng ngày,"Mục đích vốn (nếu có phát sinh bản giấy), Xác nhận người thụ hưởng không có TKNH với (HĐ vay 100 triệu), Chứng từ thu nhập + Năng lực tài chính (khi CIMB yêu cầu)",Giải ngân CIMB,GIAI_NGAN_CIMB,2026-06-11
6030578973000274674569,Không map được loại chứng từ: Giấy đề nghị tái tục giấy nhận nợ,4501,Chứng từ Vận hành hàng ngày,Giấy đề nghị tái tục giấy nhận nợ,Đáo hạn,DONG_HD_DH,2026-06-11
7457994474579944,PGD 7827 chưa tồn tại hoặc là PGD chỉ dùng cho mượn chứng từ,7827,Chứng từ Vận hành hàng ngày,"Phiếu chi, Biên lai / Phiếu yêu cầu dịch vụ/ Giấy nộp tiền (theo từng đơn vị chuyển tiền)",Chuyển quỹ,,2026-06-11
7458009374580093,PGD 2307 chưa tồn tại hoặc là PGD chỉ dùng cho mượn chứng từ,2307,Chứng từ Vận hành hàng ngày,"Phiếu chi, Biên lai / Phiếu yêu cầu dịch vụ/ Giấy nộp tiền (theo từng đơn vị chuyển tiền)",Chuyển quỹ,,2026-06-11
6069210940900174660495,PGD 1283 chưa tồn tại hoặc là PGD chỉ dùng cho mượn chứng từ,1283,Chứng từ Ngân hàng hàng ngày,"Mục đích vốn (nếu có phát sinh bản giấy), Xác nhận người thụ hưởng không có TKNH với (HĐ vay 100 triệu), Chứng từ thu nhập + Năng lực tài chính (khi CIMB yêu cầu)",Giải ngân CIMB,GIAI_NGAN_CIMB,2026-06-11
7458082474580824,PGD 5132 chưa tồn tại hoặc là PGD chỉ dùng cho mượn chứng từ,5132,Chứng từ Vận hành hàng ngày,"Phiếu chi, Biên lai / Phiếu yêu cầu dịch vụ/ Giấy nộp tiền (theo từng đơn vị chuyển tiền)",Chuyển quỹ,,2026-06-11
6063882501300174668180,PGD 8135 chưa tồn tại hoặc là PGD chỉ dùng cho mượn chứng từ,8135,Chứng từ Ngân hàng hàng ngày,"Mục đích vốn (nếu có phát sinh bản giấy), Xác nhận người thụ hưởng không có TKNH với (HĐ vay 100 triệu), Chứng từ thu nhập + Năng lực tài chính (khi CIMB yêu cầu)",Giải ngân CIMB,GIAI_NGAN_CIMB,2026-06-11
6065967373600174657240,PGD 2311 chưa tồn tại hoặc là PGD chỉ dùng cho mượn chứng từ,2311,Chứng từ Ngân hàng hàng ngày,"Mục đích vốn (nếu có phát sinh bản giấy), Xác nhận người thụ hưởng không có TKNH với (HĐ vay 100 triệu), Chứng từ thu nhập + Năng lực tài chính (khi CIMB yêu cầu)",Giải ngân CIMB,GIAI_NGAN_CIMB,2026-06-11
6068840030500174657307,PGD 5245 chưa tồn tại hoặc là PGD chỉ dùng cho mượn chứng từ,5245,Chứng từ Ngân hàng hàng ngày,"Mục đích vốn (nếu có phát sinh bản giấy), Xác nhận người thụ hưởng không có TKNH với (HĐ vay 100 triệu), Chứng từ thu nhập + Năng lực tài chính (khi CIMB yêu cầu)",Giải ngân CIMB,GIAI_NGAN_CIMB,2026-06-11
6060230121000174652388,PGD 2311 chưa tồn tại hoặc là PGD chỉ dùng cho mượn chứng từ,2311,Chứng từ Ngân hàng hàng ngày,"Mục đích vốn (nếu có phát sinh bản giấy), Xác nhận người thụ hưởng không có TKNH với (HĐ vay 100 triệu), Chứng từ thu nhập + Năng lực tài chính (khi CIMB yêu cầu)",Giải ngân CIMB,GIAI_NGAN_CIMB,2026-06-11
5121003540774683645,PGD 1278 chưa tồn tại hoặc là PGD chỉ dùng cho mượn chứng từ,1278,Chứng từ Vận hành hàng ngày,Giấy đề nghị,Đóng HĐCC chủ động,DONG_HDCC_CD,2026-06-11
6062274996200174662829,PGD 5243 chưa tồn tại hoặc là PGD chỉ dùng cho mượn chứng từ,5243,Chứng từ Ngân hàng hàng ngày,"Mục đích vốn (nếu có phát sinh bản giấy), Xác nhận người thụ hưởng không có TKNH với (HĐ vay 100 triệu), Chứng từ thu nhập + Năng lực tài chính (khi CIMB yêu cầu)",Giải ngân CIMB,GIAI_NGAN_CIMB,2026-06-11
5066897044874677036,Không map được loại chứng từ: HĐ ký gửi tài sản,5202,Chứng từ Vận hành hàng ngày,HĐ ký gửi tài sản,Đóng HĐCC chủ động,DONG_HDCC_CD,2026-06-11
6065828185800174665953,PGD 2304 chưa tồn tại hoặc là PGD chỉ dùng cho mượn chứng từ,2304,Chứng từ Ngân hàng hàng ngày,"Mục đích vốn (nếu có phát sinh bản giấy), Xác nhận người thụ hưởng không có TKNH với (HĐ vay 100 triệu), Chứng từ thu nhập + Năng lực tài chính (khi CIMB yêu cầu)",Giải ngân CIMB,GIAI_NGAN_CIMB,2026-06-11
2118688408074674649,Trùng parent_document_code trong nguồn Oracle,2081,Chứng từ Vận hành hàng ngày,"BB tất toán/thanh lý, Phiếu thu đóng hợp đồng",Đóng HĐCC nợ xấu chủ động,DONG_HDCC_CDNX,2026-06-11
6011310874874632434,PGD 7827 chưa tồn tại hoặc là PGD chỉ dùng cho mượn chứng từ,7827,Chứng từ Vận hành hàng ngày,Giấy đề nghị,Đóng HĐCC chủ động,DONG_HDCC_CD,2026-06-11
6061096948600174676306,PGD 7436 chưa tồn tại hoặc là PGD chỉ dùng cho mượn chứng từ,7436,Chứng từ Ngân hàng hàng ngày,"Mục đích vốn (nếu có phát sinh bản giấy), Xác nhận người thụ hưởng không có TKNH với (HĐ vay 100 triệu), Chứng từ thu nhập + Năng lực tài chính (khi CIMB yêu cầu)",Giải ngân CIMB,GIAI_NGAN_CIMB,2026-06-11
6065934905300174680141,PGD 8025 chưa tồn tại hoặc là PGD chỉ dùng cho mượn chứng từ,8025,Chứng từ Ngân hàng hàng ngày,"Mục đích vốn (nếu có phát sinh bản giấy), Xác nhận người thụ hưởng không có TKNH với (HĐ vay 100 triệu), Chứng từ thu nhập + Năng lực tài chính (khi CIMB yêu cầu)",Giải ngân CIMB,GIAI_NGAN_CIMB,2026-06-11
6065484652500174680416,Không map được loại chứng từ: Mục đích sử dụng vốn cho khoản vay trên 100 triệu (MB yêu cầu),1013,Chứng từ Ngân hàng hàng ngày,Mục đích sử dụng vốn cho khoản vay trên 100 triệu (MB yêu cầu),Giải ngân MB,GIAI_NGAN_MB,2026-06-11
6063945767000174668337,PGD 1287 chưa tồn tại hoặc là PGD chỉ dùng cho mượn chứng từ,1287,Chứng từ Ngân hàng hàng ngày,"Mục đích vốn (nếu có phát sinh bản giấy), Xác nhận người thụ hưởng không có TKNH với (HĐ vay 100 triệu), Chứng từ thu nhập + Năng lực tài chính (khi CIMB yêu cầu)",Giải ngân CIMB bằng TM,GIAI_NGAN_CIMB_TM,2026-06-11
5012963180474632171,Trùng parent_document_code trong nguồn Oracle,2044,Chứng từ Vận hành hàng ngày,"Giấy đề nghị, Phiếu chi giải ngân, Ủy quyền epay",Đóng HĐCC nợ xấu chủ động,DONG_HDCC_CDNX,2026-06-11
5061561178674806453,Không map được loại chứng từ: HĐ ký gửi tài sản,7714,Chứng từ Vận hành hàng ngày,HĐ ký gửi tài sản,Đóng HĐCC chủ động,DONG_HDCC_CD,2026-06-12
6063486742000174871893,PGD 7767 chưa tồn tại hoặc là PGD chỉ dùng cho mượn chứng từ,7767,Chứng từ Ngân hàng hàng ngày,"Mục đích vốn (nếu có phát sinh bản giấy), Xác nhận người thụ hưởng không có TKNH với (HĐ vay 100 triệu), Chứng từ thu nhập + Năng lực tài chính (khi CIMB yêu cầu)",Giải ngân CIMB,GIAI_NGAN_CIMB,2026-06-12
7474450874744508,PGD 1284 chưa tồn tại hoặc là PGD chỉ dùng cho mượn chứng từ,1284,Chứng từ Vận hành hàng ngày,"Phiếu chi, Biên lai / Phiếu yêu cầu dịch vụ/ Giấy nộp tiền (theo từng đơn vị chuyển tiền)",Chuyển quỹ,,2026-06-12
6051237994574826058,PGD 5243 chưa tồn tại hoặc là PGD chỉ dùng cho mượn chứng từ,5243,Chứng từ Vận hành hàng ngày,Giấy đề nghị,Đóng HĐCC chủ động,DONG_HDCC_CD,2026-06-12
6016672380500274888633,PGD 8245 chưa tồn tại hoặc là PGD chỉ dùng cho mượn chứng từ,8245,Chứng từ Ngân hàng hàng ngày,"Mục đích vốn (nếu có phát sinh bản giấy), Xác nhận người thụ hưởng không có TKNH với (HĐ vay 100 triệu), Chứng từ thu nhập + Năng lực tài chính (khi CIMB yêu cầu)",Giải ngân CIMB,GIAI_NGAN_CIMB,2026-06-12
6064309730900174892920,PGD 7767 chưa tồn tại hoặc là PGD chỉ dùng cho mượn chứng từ,7767,Chứng từ Ngân hàng hàng ngày,"Mục đích vốn (nếu có phát sinh bản giấy), Xác nhận người thụ hưởng không có TKNH với (HĐ vay 100 triệu), Chứng từ thu nhập + Năng lực tài chính (khi CIMB yêu cầu)",Giải ngân CIMB,GIAI_NGAN_CIMB,2026-06-12
6064892239200174874040,PGD 7767 chưa tồn tại hoặc là PGD chỉ dùng cho mượn chứng từ,7767,Chứng từ Ngân hàng hàng ngày,"Mục đích vốn (nếu có phát sinh bản giấy), Xác nhận người thụ hưởng không có TKNH với (HĐ vay 100 triệu), Chứng từ thu nhập + Năng lực tài chính (khi CIMB yêu cầu)",Giải ngân CIMB,GIAI_NGAN_CIMB,2026-06-12
6065478096600174868479,PGD 9322 chưa tồn tại hoặc là PGD chỉ dùng cho mượn chứng từ,9322,Chứng từ Ngân hàng hàng ngày,"Mục đích vốn (nếu có phát sinh bản giấy), Xác nhận người thụ hưởng không có TKNH với (HĐ vay 100 triệu), Chứng từ thu nhập + Năng lực tài chính (khi CIMB yêu cầu)",Giải ngân CIMB,GIAI_NGAN_CIMB,2026-06-12
6065045696100174889801,PGD 1288 chưa tồn tại hoặc là PGD chỉ dùng cho mượn chứng từ,1288,Chứng từ Vận hành hàng ngày,Phiếu thu đóng hợp đồng,Đóng hợp đồng chủ động,DONG_HD_CD,2026-06-12
6068501128800174876112,PGD 2306 chưa tồn tại hoặc là PGD chỉ dùng cho mượn chứng từ,2306,Chứng từ Ngân hàng hàng ngày,"Mục đích vốn (nếu có phát sinh bản giấy), Xác nhận người thụ hưởng không có TKNH với (HĐ vay 100 triệu), Chứng từ thu nhập + Năng lực tài chính (khi CIMB yêu cầu)",Giải ngân CIMB,GIAI_NGAN_CIMB,2026-06-12
6053333854774878634,PGD 7436 chưa tồn tại hoặc là PGD chỉ dùng cho mượn chứng từ,7436,Chứng từ Vận hành hàng ngày,"Giấy đề nghị, Phiếu chi giải ngân, Ủy quyền epay",Đóng HĐCC chủ động,DONG_HDCC_CD,2026-06-12
7474254474742544,PGD 5435 chưa tồn tại hoặc là PGD chỉ dùng cho mượn chứng từ,5435,Chứng từ Vận hành hàng ngày,Phiếu thu,Nhận quỹ,,2026-06-12
6068070378100174877931,PGD 8631 chưa tồn tại hoặc là PGD chỉ dùng cho mượn chứng từ,8631,Chứng từ Ngân hàng hàng ngày,"Mục đích vốn (nếu có phát sinh bản giấy), Xác nhận người thụ hưởng không có TKNH với (HĐ vay 100 triệu), Chứng từ thu nhập + Năng lực tài chính (khi CIMB yêu cầu)",Giải ngân CIMB,GIAI_NGAN_CIMB,2026-06-12
6017125686200174895877,PGD 2305 chưa tồn tại hoặc là PGD chỉ dùng cho mượn chứng từ,2305,Chứng từ Vận hành hàng ngày,Phiếu thu đóng hợp đồng,Đóng hợp đồng chủ động,DONG_HD_CD,2026-06-12
7475473574754735,PGD 5132 chưa tồn tại hoặc là PGD chỉ dùng cho mượn chứng từ,5132,Chứng từ Vận hành hàng ngày,"Phiếu chi, Biên lai / Phiếu yêu cầu dịch vụ/ Giấy nộp tiền (theo từng đơn vị chuyển tiền)",Chuyển quỹ,,2026-06-12
7474401874744018,PGD 8245 chưa tồn tại hoặc là PGD chỉ dùng cho mượn chứng từ,8245,Chứng từ Vận hành hàng ngày,"Phiếu chi, Biên lai / Phiếu yêu cầu dịch vụ/ Giấy nộp tiền (theo từng đơn vị chuyển tiền)",Chuyển quỹ,,2026-06-12
7474762074747620,PGD 5737 chưa tồn tại hoặc là PGD chỉ dùng cho mượn chứng từ,5737,Chứng từ Vận hành hàng ngày,"Phiếu chi, Biên lai / Phiếu yêu cầu dịch vụ/ Giấy nộp tiền (theo từng đơn vị chuyển tiền)",Chuyển quỹ,,2026-06-12
6052836639574836917,PGD 8135 chưa tồn tại hoặc là PGD chỉ dùng cho mượn chứng từ,8135,Chứng từ Vận hành hàng ngày,"Giấy đề nghị, Phiếu chi giải ngân, Ủy quyền epay",Đóng HĐCC chủ động,DONG_HDCC_CD,2026-06-12
6063172852300174883602,Không map được loại chứng từ: Mục đích sử dụng vốn cho khoản vay trên 100 triệu (MB yêu cầu),8801,Chứng từ Ngân hàng hàng ngày,Mục đích sử dụng vốn cho khoản vay trên 100 triệu (MB yêu cầu),Giải ngân MB,GIAI_NGAN_MB,2026-06-12
6053333854774878699,PGD 7436 chưa tồn tại hoặc là PGD chỉ dùng cho mượn chứng từ,7436,Chứng từ Vận hành hàng ngày,Giấy đề nghị,Đóng HĐCC chủ động,DONG_HDCC_CD,2026-06-12
6043176954174858867,Không map được loại chứng từ: HĐ ký gửi tài sản,5671,Chứng từ Vận hành hàng ngày,HĐ ký gửi tài sản,Đóng HĐCC chủ động,DONG_HDCC_CD,2026-06-12
6054943670274832892,PGD 5738 chưa tồn tại hoặc là PGD chỉ dùng cho mượn chứng từ,5738,Chứng từ Vận hành hàng ngày,"Giấy đề nghị, Phiếu chi giải ngân",Đóng HĐCC chủ động,DONG_HDCC_CD,2026-06-12
6069588216474815855,Không map được loại chứng từ: HĐ ký gửi tài sản,2011,Chứng từ Vận hành hàng ngày,HĐ ký gửi tài sản,Đóng HĐCC chủ động,DONG_HDCC_CD,2026-06-12
4105748889274836496,Trùng parent_document_code trong nguồn Oracle,5239,Chứng từ Vận hành hàng ngày,"Giấy đề nghị, Phiếu chi giải ngân, Ủy quyền epay",Đóng HĐCC nợ xấu chủ động,DONG_HDCC_CDNX,2026-06-12
6069321288200174890438,PGD 2304 chưa tồn tại hoặc là PGD chỉ dùng cho mượn chứng từ,2304,Chứng từ Ngân hàng hàng ngày,"Mục đích vốn (nếu có phát sinh bản giấy), Xác nhận người thụ hưởng không có TKNH với (HĐ vay 100 triệu), Chứng từ thu nhập + Năng lực tài chính (khi CIMB yêu cầu)",Giải ngân CIMB,GIAI_NGAN_CIMB,2026-06-12
5125461579574815244,PGD 7827 chưa tồn tại hoặc là PGD chỉ dùng cho mượn chứng từ,7827,Chứng từ Vận hành hàng ngày,"Giấy đề nghị, Phiếu chi giải ngân, Ủy quyền epay",Đóng HĐCC chủ động,DONG_HDCC_CD,2026-06-12
6064859427900174860285,PGD 2303 chưa tồn tại hoặc là PGD chỉ dùng cho mượn chứng từ,2303,Chứng từ Ngân hàng hàng ngày,"Mục đích vốn (nếu có phát sinh bản giấy), Xác nhận người thụ hưởng không có TKNH với (HĐ vay 100 triệu), Chứng từ thu nhập + Năng lực tài chính (khi CIMB yêu cầu)",Giải ngân CIMB,GIAI_NGAN_CIMB,2026-06-12
6034320034400174860281,PGD 8244 chưa tồn tại hoặc là PGD chỉ dùng cho mượn chứng từ,8244,Chứng từ Vận hành hàng ngày,Phiếu thu đóng hợp đồng,Đóng hợp đồng chủ động,DONG_HD_CD,2026-06-12
6058437548074888007,PGD 1283 chưa tồn tại hoặc là PGD chỉ dùng cho mượn chứng từ,1283,Chứng từ Vận hành hàng ngày,"Giấy đề nghị, Phiếu chi giải ngân, Ủy quyền epay",Đóng HĐCC chủ động,DONG_HDCC_CD,2026-06-12
4070041843374893198,Không map được loại chứng từ: Giấy đề nghị tái tục giấy nhận nợ,2033,Chứng từ Vận hành hàng ngày,Giấy đề nghị tái tục giấy nhận nợ,Đáo hạn,DONG_HD_DH,2026-06-12
6044696094074887021,PGD 5737 chưa tồn tại hoặc là PGD chỉ dùng cho mượn chứng từ,5737,Chứng từ Vận hành hàng ngày,"Giấy đề nghị, Phiếu chi giải ngân",Đóng HĐCC chủ động,DONG_HDCC_CD,2026-06-12
6058437548000174894518,PGD 1283 chưa tồn tại hoặc là PGD chỉ dùng cho mượn chứng từ,1283,Chứng từ Vận hành hàng ngày,Phiếu thu đóng hợp đồng,Đóng hợp đồng chủ động,DONG_HD_CD,2026-06-12
6062720083000174870549,PGD 8136 chưa tồn tại hoặc là PGD chỉ dùng cho mượn chứng từ,8136,Chứng từ Ngân hàng hàng ngày,"Mục đích vốn (nếu có phát sinh bản giấy), Xác nhận người thụ hưởng không có TKNH với (HĐ vay 100 triệu), Chứng từ thu nhập + Năng lực tài chính (khi CIMB yêu cầu)",Giải ngân CIMB,GIAI_NGAN_CIMB,2026-06-12
6061085858800174875807,PGD 6219 chưa tồn tại hoặc là PGD chỉ dùng cho mượn chứng từ,6219,Chứng từ Ngân hàng hàng ngày,"Mục đích vốn (nếu có phát sinh bản giấy), Xác nhận người thụ hưởng không có TKNH với (HĐ vay 100 triệu), Chứng từ thu nhập + Năng lực tài chính (khi CIMB yêu cầu)",Giải ngân CIMB,GIAI_NGAN_CIMB,2026-06-12
6048458509774821651,PGD 8245 chưa tồn tại hoặc là PGD chỉ dùng cho mượn chứng từ,8245,Chứng từ Vận hành hàng ngày,Giấy đề nghị,Đóng HĐCC chủ động,DONG_HDCC_CD,2026-06-12
6062562147000174859590,PGD 1284 chưa tồn tại hoặc là PGD chỉ dùng cho mượn chứng từ,1284,Chứng từ Vận hành hàng ngày,Phiếu thu đóng hợp đồng,Đóng hợp đồng chủ động,DONG_HD_CD,2026-06-12
6062611104900174872189,PGD 2305 chưa tồn tại hoặc là PGD chỉ dùng cho mượn chứng từ,2305,Chứng từ Ngân hàng hàng ngày,"Mục đích vốn (nếu có phát sinh bản giấy), Xác nhận người thụ hưởng không có TKNH với (HĐ vay 100 triệu), Chứng từ thu nhập + Năng lực tài chính (khi CIMB yêu cầu)",Giải ngân CIMB,GIAI_NGAN_CIMB,2026-06-12
6064829035700174886824,PGD 2311 chưa tồn tại hoặc là PGD chỉ dùng cho mượn chứng từ,2311,Chứng từ Vận hành hàng ngày,Phiếu thu đóng hợp đồng,Đóng hợp đồng chủ động,DONG_HD_CD,2026-06-12
6051817736274858599,PGD 5435 chưa tồn tại hoặc là PGD chỉ dùng cho mượn chứng từ,5435,Chứng từ Vận hành hàng ngày,"Giấy đề nghị, Bản cam kết TS riêng, Phiếu chi giải ngân, HĐUQ bản F88 in",Đóng HĐCC chủ động,DONG_HDCC_CD,2026-06-12
7474156374741563,PGD 8244 chưa tồn tại hoặc là PGD chỉ dùng cho mượn chứng từ,8244,Chứng từ Vận hành hàng ngày,"Phiếu chi, Biên lai / Phiếu yêu cầu dịch vụ/ Giấy nộp tiền (theo từng đơn vị chuyển tiền)",Chuyển quỹ,,2026-06-12
6064291451900174894172,PGD 1283 chưa tồn tại hoặc là PGD chỉ dùng cho mượn chứng từ,1283,Chứng từ Ngân hàng hàng ngày,"Mục đích vốn (nếu có phát sinh bản giấy), Xác nhận người thụ hưởng không có TKNH với (HĐ vay 100 triệu), Chứng từ thu nhập + Năng lực tài chính (khi CIMB yêu cầu)",Giải ngân CIMB,GIAI_NGAN_CIMB,2026-06-12
7474273374742733,PGD 8136 chưa tồn tại hoặc là PGD chỉ dùng cho mượn chứng từ,8136,Chứng từ Vận hành hàng ngày,"Phiếu chi, Biên lai / Phiếu yêu cầu dịch vụ/ Giấy nộp tiền (theo từng đơn vị chuyển tiền)",Chuyển quỹ,,2026-06-12
6011933069974836277,PGD 6731 chưa tồn tại hoặc là PGD chỉ dùng cho mượn chứng từ,6731,Chứng từ Vận hành hàng ngày,"Giấy đề nghị, Phiếu chi giải ngân, Ủy quyền epay",Đóng HĐCC chủ động,DONG_HDCC_CD,2026-06-12
6061609824600174860230,PGD 1278 chưa tồn tại hoặc là PGD chỉ dùng cho mượn chứng từ,1278,Chứng từ Ngân hàng hàng ngày,"Mục đích vốn (nếu có phát sinh bản giấy), Xác nhận người thụ hưởng không có TKNH với (HĐ vay 100 triệu), Chứng từ thu nhập + Năng lực tài chính (khi CIMB yêu cầu)",Giải ngân CIMB,GIAI_NGAN_CIMB,2026-06-12
6063528188900174872518,PGD 6219 chưa tồn tại hoặc là PGD chỉ dùng cho mượn chứng từ,6219,Chứng từ Ngân hàng hàng ngày,"Mục đích vốn (nếu có phát sinh bản giấy), Xác nhận người thụ hưởng không có TKNH với (HĐ vay 100 triệu), Chứng từ thu nhập + Năng lực tài chính (khi CIMB yêu cầu)",Giải ngân CIMB,GIAI_NGAN_CIMB,2026-06-12
6042628493774825865,PGD 8245 chưa tồn tại hoặc là PGD chỉ dùng cho mượn chứng từ,8245,Chứng từ Vận hành hàng ngày,"Giấy đề nghị, Phiếu chi giải ngân, Ủy quyền epay",Đóng HĐCC chủ động,DONG_HDCC_CD,2026-06-12
6048233376974831013,PGD 5132 chưa tồn tại hoặc là PGD chỉ dùng cho mượn chứng từ,5132,Chứng từ Vận hành hàng ngày,"Giấy đề nghị, Phiếu chi giải ngân",Đóng HĐCC chủ động,DONG_HDCC_CD,2026-06-12
6058437548074888023,PGD 1283 chưa tồn tại hoặc là PGD chỉ dùng cho mượn chứng từ,1283,Chứng từ Vận hành hàng ngày,"BB tất toán/thanh lý, Phiếu thu đóng hợp đồng, Biên bản chấm dứt thỏa thuận sử dụng TS và hoàn trả TS, Giấy đề nghị",Đóng HĐCC chủ động,DONG_HDCC_CD,2026-06-12
6063779460200174874477,PGD 7968 chưa tồn tại hoặc là PGD chỉ dùng cho mượn chứng từ,7968,Chứng từ Ngân hàng hàng ngày,"Mục đích vốn (nếu có phát sinh bản giấy), Xác nhận người thụ hưởng không có TKNH với (HĐ vay 100 triệu), Chứng từ thu nhập + Năng lực tài chính (khi CIMB yêu cầu)",Giải ngân CIMB,GIAI_NGAN_CIMB,2026-06-12
6014331383174890025,PGD 7827 chưa tồn tại hoặc là PGD chỉ dùng cho mượn chứng từ,7827,Chứng từ Vận hành hàng ngày,"Giấy đề nghị, Phiếu chi giải ngân, Ủy quyền epay",Đóng HĐCC chủ động,DONG_HDCC_CD,2026-06-12
6068061248000174865651,PGD 4827 chưa tồn tại hoặc là PGD chỉ dùng cho mượn chứng từ,4827,Chứng từ Ngân hàng hàng ngày,"Mục đích vốn (nếu có phát sinh bản giấy), Xác nhận người thụ hưởng không có TKNH với (HĐ vay 100 triệu), Chứng từ thu nhập + Năng lực tài chính (khi CIMB yêu cầu)",Giải ngân CIMB,GIAI_NGAN_CIMB,2026-06-12
6037641970074819335,PGD 5737 chưa tồn tại hoặc là PGD chỉ dùng cho mượn chứng từ,5737,Chứng từ Vận hành hàng ngày,"Giấy đề nghị, Phiếu chi giải ngân, Ủy quyền epay",Đóng HĐCC chủ động,DONG_HDCC_CD,2026-06-12
2117510453074860887,PGD 1231 chưa tồn tại hoặc là PGD chỉ dùng cho mượn chứng từ,1231,Chứng từ Vận hành hàng ngày,"Giấy đề nghị, Phiếu chi giải ngân",Đóng HĐCC nợ xấu chủ động,DONG_HDCC_CDNX,2026-06-12
6069400797274884657,PGD 4826 chưa tồn tại hoặc là PGD chỉ dùng cho mượn chứng từ,4826,Chứng từ Vận hành hàng ngày,"Giấy đề nghị, Bản cam kết TS riêng, Phiếu chi giải ngân, HĐUQ bản F88 in",Đóng HĐCC chủ động,DONG_HDCC_CD,2026-06-12
7475061674750616,PGD 8135 chưa tồn tại hoặc là PGD chỉ dùng cho mượn chứng từ,8135,Chứng từ Vận hành hàng ngày,"Phiếu chi, Biên lai / Phiếu yêu cầu dịch vụ/ Giấy nộp tiền (theo từng đơn vị chuyển tiền)",Chuyển quỹ,,2026-06-12
6042628493774825884,PGD 8245 chưa tồn tại hoặc là PGD chỉ dùng cho mượn chứng từ,8245,Chứng từ Vận hành hàng ngày,"BB tất toán/thanh lý, Phiếu thu đóng hợp đồng, Biên bản chấm dứt thỏa thuận sử dụng TS và hoàn trả TS, Giấy đề nghị",Đóng HĐCC chủ động,DONG_HDCC_CD,2026-06-12
6051237994574825893,PGD 5243 chưa tồn tại hoặc là PGD chỉ dùng cho mượn chứng từ,5243,Chứng từ Vận hành hàng ngày,"Giấy đề nghị, Phiếu chi giải ngân, Ủy quyền epay",Đóng HĐCC chủ động,DONG_HDCC_CD,2026-06-12
7475264674752646,PGD 8244 chưa tồn tại hoặc là PGD chỉ dùng cho mượn chứng từ,8244,Chứng từ Vận hành hàng ngày,"Phiếu chi, Biên lai / Phiếu yêu cầu dịch vụ/ Giấy nộp tiền (theo từng đơn vị chuyển tiền)",Chuyển quỹ,,2026-06-12
6064829035774873235,PGD 2308 chưa tồn tại hoặc là PGD chỉ dùng cho mượn chứng từ,2308,Chứng từ Vận hành hàng ngày,"Giấy đề nghị, Phiếu chi giải ngân",Đóng HĐCC chủ động,DONG_HDCC_CD,2026-06-12
5039518054074889195,Không map được loại chứng từ: HĐ ký gửi tài sản,5502,Chứng từ Vận hành hàng ngày,HĐ ký gửi tài sản,Đóng HĐCC chủ động,DONG_HDCC_CD,2026-06-12
3054647380500474864091,Không map được loại chứng từ: Giấy đề nghị tái tục giấy nhận nợ,9108,Chứng từ Vận hành hàng ngày,Giấy đề nghị tái tục giấy nhận nợ,Đáo hạn,DONG_HD_DH,2026-06-12
7475021474750214,PGD 9322 chưa tồn tại hoặc là PGD chỉ dùng cho mượn chứng từ,9322,Chứng từ Vận hành hàng ngày,"Phiếu chi, Biên lai / Phiếu yêu cầu dịch vụ/ Giấy nộp tiền (theo từng đơn vị chuyển tiền)",Chuyển quỹ,,2026-06-12
6017125686274891450,PGD 2305 chưa tồn tại hoặc là PGD chỉ dùng cho mượn chứng từ,2305,Chứng từ Vận hành hàng ngày,"Giấy đề nghị, Phiếu chi giải ngân, Ủy quyền epay",Đóng HĐCC chủ động,DONG_HDCC_CD,2026-06-12
6063631281700174878398,PGD 6219 chưa tồn tại hoặc là PGD chỉ dùng cho mượn chứng từ,6219,Chứng từ Vận hành hàng ngày,Phiếu thu đóng hợp đồng,Đóng hợp đồng chủ động,DONG_HD_CD,2026-06-12
6014331383174890036,PGD 7827 chưa tồn tại hoặc là PGD chỉ dùng cho mượn chứng từ,7827,Chứng từ Vận hành hàng ngày,Giấy đề nghị,Đóng HĐCC chủ động,DONG_HDCC_CD,2026-06-12
5061090177874871067,Trùng parent_document_code trong nguồn Oracle,5820,Chứng từ Vận hành hàng ngày,"Giấy đề nghị, Phiếu chi giải ngân",Đóng HĐCC chủ động,DONG_HDCC_CD,2026-06-12
6062526028500174895415,PGD 4827 chưa tồn tại hoặc là PGD chỉ dùng cho mượn chứng từ,4827,Chứng từ Ngân hàng hàng ngày,"Mục đích vốn (nếu có phát sinh bản giấy), Xác nhận người thụ hưởng không có TKNH với (HĐ vay 100 triệu), Chứng từ thu nhập + Năng lực tài chính (khi CIMB yêu cầu)",Giải ngân CIMB,GIAI_NGAN_CIMB,2026-06-12
6067816935900174895885,PGD 2312 chưa tồn tại hoặc là PGD chỉ dùng cho mượn chứng từ,2312,Chứng từ Ngân hàng hàng ngày,"Mục đích vốn (nếu có phát sinh bản giấy), Xác nhận người thụ hưởng không có TKNH với (HĐ vay 100 triệu), Chứng từ thu nhập + Năng lực tài chính (khi CIMB yêu cầu)",Giải ngân CIMB,GIAI_NGAN_CIMB,2026-06-12
6068822548800174897025,PGD 2310 chưa tồn tại hoặc là PGD chỉ dùng cho mượn chứng từ,2310,Chứng từ Ngân hàng hàng ngày,"Mục đích vốn (nếu có phát sinh bản giấy), Xác nhận người thụ hưởng không có TKNH với (HĐ vay 100 triệu), Chứng từ thu nhập + Năng lực tài chính (khi CIMB yêu cầu)",Giải ngân CIMB,GIAI_NGAN_CIMB,2026-06-12
6065899653400174871743,PGD 4114 chưa tồn tại hoặc là PGD chỉ dùng cho mượn chứng từ,4114,Chứng từ Ngân hàng hàng ngày,"Mục đích vốn (nếu có phát sinh bản giấy), Xác nhận người thụ hưởng không có TKNH với (HĐ vay 100 triệu), Chứng từ thu nhập + Năng lực tài chính (khi CIMB yêu cầu)",Giải ngân CIMB,GIAI_NGAN_CIMB,2026-06-12
7475393374753933,PGD 5243 chưa tồn tại hoặc là PGD chỉ dùng cho mượn chứng từ,5243,Chứng từ Vận hành hàng ngày,"Phiếu chi, Biên lai / Phiếu yêu cầu dịch vụ/ Giấy nộp tiền (theo từng đơn vị chuyển tiền)",Chuyển quỹ,,2026-06-12
6052836639574837013,PGD 8135 chưa tồn tại hoặc là PGD chỉ dùng cho mượn chứng từ,8135,Chứng từ Vận hành hàng ngày,Giấy đề nghị,Đóng HĐCC chủ động,DONG_HDCC_CD,2026-06-12
6019435669400174856877,Không map được loại chứng từ: Giấy đề nghị tái tục giấy nhận nợ,6416,Chứng từ Vận hành hàng ngày,Giấy đề nghị tái tục giấy nhận nợ,Đáo hạn,DONG_HD_DH,2026-06-12
6065390924300174893824,PGD 8136 chưa tồn tại hoặc là PGD chỉ dùng cho mượn chứng từ,8136,Chứng từ Ngân hàng hàng ngày,"Mục đích vốn (nếu có phát sinh bản giấy), Xác nhận người thụ hưởng không có TKNH với (HĐ vay 100 triệu), Chứng từ thu nhập + Năng lực tài chính (khi CIMB yêu cầu)",Giải ngân CIMB,GIAI_NGAN_CIMB,2026-06-12
6063365714874843252,PGD 5435 chưa tồn tại hoặc là PGD chỉ dùng cho mượn chứng từ,5435,Chứng từ Vận hành hàng ngày,"Giấy đề nghị, Phiếu chi giải ngân",Đóng HĐCC chủ động,DONG_HDCC_CD,2026-06-12
6069588216474815968,Không map được loại chứng từ: HĐ ký gửi tài sản,2011,Chứng từ Vận hành hàng ngày,HĐ ký gửi tài sản,Đóng HĐCC chủ động,DONG_HDCC_CD,2026-06-12
6034320034474817366,PGD 8244 chưa tồn tại hoặc là PGD chỉ dùng cho mượn chứng từ,8244,Chứng từ Vận hành hàng ngày,"Giấy đề nghị, Bản cam kết TS riêng, Phiếu chi giải ngân, HĐUQ bản F88 in",Đóng HĐCC chủ động,DONG_HDCC_CD,2026-06-12
6065045696174877270,PGD 1288 chưa tồn tại hoặc là PGD chỉ dùng cho mượn chứng từ,1288,Chứng từ Vận hành hàng ngày,"Giấy đề nghị, Bản cam kết TS riêng, Phiếu chi giải ngân, Ủy quyền epay, HĐUQ bản F88 in",Đóng HĐCC chủ động,DONG_HDCC_CD,2026-06-12
6069215595100174877947,PGD 8136 chưa tồn tại hoặc là PGD chỉ dùng cho mượn chứng từ,8136,Chứng từ Ngân hàng hàng ngày,"Mục đích vốn (nếu có phát sinh bản giấy), Xác nhận người thụ hưởng không có TKNH với (HĐ vay 100 triệu), Chứng từ thu nhập + Năng lực tài chính (khi CIMB yêu cầu)",Giải ngân CIMB,GIAI_NGAN_CIMB,2026-06-12
6037641970074819352,PGD 5737 chưa tồn tại hoặc là PGD chỉ dùng cho mượn chứng từ,5737,Chứng từ Vận hành hàng ngày,Giấy đề nghị,Đóng HĐCC chủ động,DONG_HDCC_CD,2026-06-12
6062562147074834193,PGD 1284 chưa tồn tại hoặc là PGD chỉ dùng cho mượn chứng từ,1284,Chứng từ Vận hành hàng ngày,"Giấy đề nghị, Phiếu chi giải ngân",Đóng HĐCC chủ động,DONG_HDCC_CD,2026-06-12
6067571980000174896469,PGD 5132 chưa tồn tại hoặc là PGD chỉ dùng cho mượn chứng từ,5132,Chứng từ Ngân hàng hàng ngày,"Mục đích vốn (nếu có phát sinh bản giấy), Xác nhận người thụ hưởng không có TKNH với (HĐ vay 100 triệu), Chứng từ thu nhập + Năng lực tài chính (khi CIMB yêu cầu)",Giải ngân CIMB,GIAI_NGAN_CIMB,2026-06-12
7474526174745261,PGD 8136 chưa tồn tại hoặc là PGD chỉ dùng cho mượn chứng từ,8136,Chứng từ Vận hành hàng ngày,"Phiếu chi, Biên lai / Phiếu yêu cầu dịch vụ/ Giấy nộp tiền (theo từng đơn vị chuyển tiền)",Chuyển quỹ,,2026-06-12
6063952686700174883025,PGD 7827 chưa tồn tại hoặc là PGD chỉ dùng cho mượn chứng từ,7827,Chứng từ Ngân hàng hàng ngày,"Mục đích vốn (nếu có phát sinh bản giấy), Xác nhận người thụ hưởng không có TKNH với (HĐ vay 100 triệu), Chứng từ thu nhập + Năng lực tài chính (khi CIMB yêu cầu)",Giải ngân CIMB,GIAI_NGAN_CIMB,2026-06-12
6065638896374885831,PGD 5132 chưa tồn tại hoặc là PGD chỉ dùng cho mượn chứng từ,5132,Chứng từ Vận hành hàng ngày,"Giấy đề nghị, Phiếu chi giải ngân",Đóng HĐCC chủ động,DONG_HDCC_CD,2026-06-12
6042628493700174866008,PGD 8245 chưa tồn tại hoặc là PGD chỉ dùng cho mượn chứng từ,8245,Chứng từ Vận hành hàng ngày,Phiếu thu đóng hợp đồng,Đóng hợp đồng chủ động,DONG_HD_CD,2026-06-12
6068963547700174857322,PGD 8631 chưa tồn tại hoặc là PGD chỉ dùng cho mượn chứng từ,8631,Chứng từ Ngân hàng hàng ngày,"Mục đích vốn (nếu có phát sinh bản giấy), Xác nhận người thụ hưởng không có TKNH với (HĐ vay 100 triệu), Chứng từ thu nhập + Năng lực tài chính (khi CIMB yêu cầu)",Giải ngân CIMB,GIAI_NGAN_CIMB,2026-06-12
7474486574744865,PGD 2308 chưa tồn tại hoặc là PGD chỉ dùng cho mượn chứng từ,2308,Chứng từ Vận hành hàng ngày,"Phiếu chi, Biên lai / Phiếu yêu cầu dịch vụ/ Giấy nộp tiền (theo từng đơn vị chuyển tiền)",Chuyển quỹ,,2026-06-12
6033827312074745949,PGD 1283 chưa tồn tại hoặc là PGD chỉ dùng cho mượn chứng từ,1283,Chứng từ Vận hành hàng ngày,Phiếu chi,Chi tiền hoàn cọc chip,,2026-06-12
6065045696174878221,PGD 1288 chưa tồn tại hoặc là PGD chỉ dùng cho mượn chứng từ,1288,Chứng từ Vận hành hàng ngày,"BB tất toán/thanh lý, Phiếu thu đóng hợp đồng, Biên bản chấm dứt thỏa thuận sử dụng TS và hoàn trả TS, Giấy đề nghị, Bản cam kết TS riêng",Đóng HĐCC chủ động,DONG_HDCC_CD,2026-06-12
6017125686274891460,PGD 2305 chưa tồn tại hoặc là PGD chỉ dùng cho mượn chứng từ,2305,Chứng từ Vận hành hàng ngày,"BB tất toán/thanh lý, Phiếu thu đóng hợp đồng, Biên bản chấm dứt thỏa thuận sử dụng TS và hoàn trả TS, Giấy đề nghị",Đóng HĐCC chủ động,DONG_HDCC_CD,2026-06-12
6068282446300174887494,PGD 8516 chưa tồn tại hoặc là PGD chỉ dùng cho mượn chứng từ,8516,Chứng từ Ngân hàng hàng ngày,"Mục đích vốn (nếu có phát sinh bản giấy), Xác nhận người thụ hưởng không có TKNH với (HĐ vay 100 triệu), Chứng từ thu nhập + Năng lực tài chính (khi CIMB yêu cầu)",Giải ngân CIMB,GIAI_NGAN_CIMB,2026-06-12
7475422674754226,PGD 2308 chưa tồn tại hoặc là PGD chỉ dùng cho mượn chứng từ,2308,Chứng từ Vận hành hàng ngày,"Phiếu chi, Biên lai / Phiếu yêu cầu dịch vụ/ Giấy nộp tiền (theo từng đơn vị chuyển tiền)",Chuyển quỹ,,2026-06-12
6061511929000174863173,PGD 5132 chưa tồn tại hoặc là PGD chỉ dùng cho mượn chứng từ,5132,Chứng từ Ngân hàng hàng ngày,"Mục đích vốn (nếu có phát sinh bản giấy), Xác nhận người thụ hưởng không có TKNH với (HĐ vay 100 triệu), Chứng từ thu nhập + Năng lực tài chính (khi CIMB yêu cầu)",Giải ngân CIMB,GIAI_NGAN_CIMB,2026-06-12
7474805374748053,PGD 8135 chưa tồn tại hoặc là PGD chỉ dùng cho mượn chứng từ,8135,Chứng từ Vận hành hàng ngày,"Phiếu chi, Biên lai / Phiếu yêu cầu dịch vụ/ Giấy nộp tiền (theo từng đơn vị chuyển tiền)",Chuyển quỹ,,2026-06-12
5111367962574851064,Trùng parent_document_code trong nguồn Oracle,4101,Chứng từ Vận hành hàng ngày,"BB tất toán/thanh lý, Phiếu thu đóng hợp đồng, Biên bản chấm dứt thỏa thuận sử dụng TS và hoàn trả TS",Đóng HĐCC nợ xấu chủ động,DONG_HDCC_CDNX,2026-06-12
6017214088500174881697,PGD 5132 chưa tồn tại hoặc là PGD chỉ dùng cho mượn chứng từ,5132,Chứng từ Vận hành hàng ngày,Phiếu thu đóng hợp đồng,Đóng hợp đồng chủ động,DONG_HD_CD,2026-06-12
6067231077000174860828,PGD 2302 chưa tồn tại hoặc là PGD chỉ dùng cho mượn chứng từ,2302,Chứng từ Ngân hàng hàng ngày,"Mục đích vốn (nếu có phát sinh bản giấy), Xác nhận người thụ hưởng không có TKNH với (HĐ vay 100 triệu), Chứng từ thu nhập + Năng lực tài chính (khi CIMB yêu cầu)",Giải ngân CIMB,GIAI_NGAN_CIMB,2026-06-12
6065638896300174893654,PGD 5132 chưa tồn tại hoặc là PGD chỉ dùng cho mượn chứng từ,5132,Chứng từ Vận hành hàng ngày,Phiếu thu đóng hợp đồng,Đóng hợp đồng chủ động,DONG_HD_CD,2026-06-12
6011933069900174872954,PGD 6731 chưa tồn tại hoặc là PGD chỉ dùng cho mượn chứng từ,6731,Chứng từ Vận hành hàng ngày,"Phiếu yêu cầu miễn giảm (nếu có), Phiếu yêu cầu miễn giảm (nếu có)",Miễn giảm đóng HĐ,MIEN_GIAM_DONG_HD,2026-06-12
6064492414500174857227,PGD 6219 chưa tồn tại hoặc là PGD chỉ dùng cho mượn chứng từ,6219,Chứng từ Ngân hàng hàng ngày,"Mục đích vốn (nếu có phát sinh bản giấy), Xác nhận người thụ hưởng không có TKNH với (HĐ vay 100 triệu), Chứng từ thu nhập + Năng lực tài chính (khi CIMB yêu cầu)",Giải ngân CIMB,GIAI_NGAN_CIMB,2026-06-12
6062408696600174892529,PGD 5132 chưa tồn tại hoặc là PGD chỉ dùng cho mượn chứng từ,5132,Chứng từ Ngân hàng hàng ngày,"Mục đích vốn (nếu có phát sinh bản giấy), Xác nhận người thụ hưởng không có TKNH với (HĐ vay 100 triệu), Chứng từ thu nhập + Năng lực tài chính (khi CIMB yêu cầu)",Giải ngân CIMB,GIAI_NGAN_CIMB,2026-06-12
6066437178800174877658,PGD 2302 chưa tồn tại hoặc là PGD chỉ dùng cho mượn chứng từ,2302,Chứng từ Ngân hàng hàng ngày,"Mục đích vốn (nếu có phát sinh bản giấy), Xác nhận người thụ hưởng không có TKNH với (HĐ vay 100 triệu), Chứng từ thu nhập + Năng lực tài chính (khi CIMB yêu cầu)",Giải ngân CIMB,GIAI_NGAN_CIMB,2026-06-12
6063579569100174885067,PGD 7827 chưa tồn tại hoặc là PGD chỉ dùng cho mượn chứng từ,7827,Chứng từ Ngân hàng hàng ngày,"Mục đích vốn (nếu có phát sinh bản giấy), Xác nhận người thụ hưởng không có TKNH với (HĐ vay 100 triệu), Chứng từ thu nhập + Năng lực tài chính (khi CIMB yêu cầu)",Giải ngân CIMB,GIAI_NGAN_CIMB,2026-06-12
6068626442900174877451,PGD 7968 chưa tồn tại hoặc là PGD chỉ dùng cho mượn chứng từ,7968,Chứng từ Ngân hàng hàng ngày,"Mục đích vốn (nếu có phát sinh bản giấy), Xác nhận người thụ hưởng không có TKNH với (HĐ vay 100 triệu), Chứng từ thu nhập + Năng lực tài chính (khi CIMB yêu cầu)",Giải ngân CIMB,GIAI_NGAN_CIMB,2026-06-12
4112932357374884354,Trùng parent_document_code trong nguồn Oracle,5712,Chứng từ Vận hành hàng ngày,"BB tất toán/thanh lý, Phiếu thu đóng hợp đồng, Biên bản chấm dứt thỏa thuận sử dụng TS và hoàn trả TS",Đóng HĐCC nợ xấu chủ động,DONG_HDCC_CDNX,2026-06-12
6064615251400174892333,PGD 7767 chưa tồn tại hoặc là PGD chỉ dùng cho mượn chứng từ,7767,Chứng từ Ngân hàng hàng ngày,"Mục đích vốn (nếu có phát sinh bản giấy), Xác nhận người thụ hưởng không có TKNH với (HĐ vay 100 triệu), Chứng từ thu nhập + Năng lực tài chính (khi CIMB yêu cầu)",Giải ngân CIMB,GIAI_NGAN_CIMB,2026-06-12
7474421374744213,PGD 1284 chưa tồn tại hoặc là PGD chỉ dùng cho mượn chứng từ,1284,Chứng từ Vận hành hàng ngày,"Phiếu chi, Biên lai / Phiếu yêu cầu dịch vụ/ Giấy nộp tiền (theo từng đơn vị chuyển tiền)",Chuyển quỹ,,2026-06-12
6043176954174858892,Không map được loại chứng từ: HĐ ký gửi tài sản,5671,Chứng từ Vận hành hàng ngày,HĐ ký gửi tài sản,Đóng HĐCC chủ động,DONG_HDCC_CD,2026-06-12
4049706022900474883719,Không map được loại chứng từ: Giấy đề nghị tái tục giấy nhận nợ,8204,Chứng từ Vận hành hàng ngày,Giấy đề nghị tái tục giấy nhận nợ,Đáo hạn,DONG_HD_DH,2026-06-12
7475471774754717,PGD 5552 chưa tồn tại hoặc là PGD chỉ dùng cho mượn chứng từ,5552,Chứng từ Vận hành hàng ngày,"Phiếu chi, Biên lai / Phiếu yêu cầu dịch vụ/ Giấy nộp tiền (theo từng đơn vị chuyển tiền)",Chuyển quỹ,,2026-06-12
6060232459100174893287,PGD 2313 chưa tồn tại hoặc là PGD chỉ dùng cho mượn chứng từ,2313,Chứng từ Ngân hàng hàng ngày,"Mục đích vốn (nếu có phát sinh bản giấy), Xác nhận người thụ hưởng không có TKNH với (HĐ vay 100 triệu), Chứng từ thu nhập + Năng lực tài chính (khi CIMB yêu cầu)",Giải ngân CIMB,GIAI_NGAN_CIMB,2026-06-12
6017802143674886768,Trùng parent_document_code trong nguồn Oracle,8201,Chứng từ Vận hành hàng ngày,"BB tất toán/thanh lý, Phiếu thu đóng hợp đồng, Biên bản chấm dứt thỏa thuận sử dụng TS và hoàn trả TS",Đóng HĐCC chủ động,DONG_HDCC_CD,2026-06-12
2062695092274880714,Trùng parent_document_code trong nguồn Oracle,1190,Chứng từ Vận hành hàng ngày,"HDCC, Giấy đề nghị, Phiếu chi giải ngân",Đóng HĐCC nợ xấu chủ động,DONG_HDCC_CDNX,2026-06-12
6062478368400174857216,PGD 8244 chưa tồn tại hoặc là PGD chỉ dùng cho mượn chứng từ,8244,Chứng từ Ngân hàng hàng ngày,"Mục đích vốn (nếu có phát sinh bản giấy), Xác nhận người thụ hưởng không có TKNH với (HĐ vay 100 triệu), Chứng từ thu nhập + Năng lực tài chính (khi CIMB yêu cầu)",Giải ngân CIMB,GIAI_NGAN_CIMB,2026-06-12
7475196474751964,PGD 1286 chưa tồn tại hoặc là PGD chỉ dùng cho mượn chứng từ,1286,Chứng từ Vận hành hàng ngày,"Phiếu chi, Biên lai / Phiếu yêu cầu dịch vụ/ Giấy nộp tiền (theo từng đơn vị chuyển tiền)",Chuyển quỹ,,2026-06-12
6048233376900174870099,PGD 5132 chưa tồn tại hoặc là PGD chỉ dùng cho mượn chứng từ,5132,Chứng từ Vận hành hàng ngày,Phiếu thu đóng hợp đồng,Đóng hợp đồng chủ động,DONG_HD_CD,2026-06-12
6015978912700274873910,PGD 8245 chưa tồn tại hoặc là PGD chỉ dùng cho mượn chứng từ,8245,Chứng từ Ngân hàng hàng ngày,"Mục đích vốn (nếu có phát sinh bản giấy), Xác nhận người thụ hưởng không có TKNH với (HĐ vay 100 triệu), Chứng từ thu nhập + Năng lực tài chính (khi CIMB yêu cầu)",Giải ngân CIMB,GIAI_NGAN_CIMB,2026-06-12
5122549299774866772,Trùng parent_document_code trong nguồn Oracle,4306,Chứng từ Vận hành hàng ngày,"BB tất toán/thanh lý, Phiếu thu đóng hợp đồng, Biên bản chấm dứt thỏa thuận sử dụng TS và hoàn trả TS",Đóng HĐCC nợ xấu chủ động,DONG_HDCC_CDNX,2026-06-12
6065439749300174895697,PGD 5132 chưa tồn tại hoặc là PGD chỉ dùng cho mượn chứng từ,5132,Chứng từ Ngân hàng hàng ngày,"Mục đích vốn (nếu có phát sinh bản giấy), Xác nhận người thụ hưởng không có TKNH với (HĐ vay 100 triệu), Chứng từ thu nhập + Năng lực tài chính (khi CIMB yêu cầu)",Giải ngân CIMB,GIAI_NGAN_CIMB,2026-06-12
6017214088574859037,PGD 5132 chưa tồn tại hoặc là PGD chỉ dùng cho mượn chứng từ,5132,Chứng từ Vận hành hàng ngày,"Giấy đề nghị, Bản cam kết TS riêng, Phiếu chi giải ngân, HĐUQ bản F88 in",Đóng HĐCC chủ động,DONG_HDCC_CD,2026-06-12
7474990474749904,PGD 5435 chưa tồn tại hoặc là PGD chỉ dùng cho mượn chứng từ,5435,Chứng từ Vận hành hàng ngày,"Phiếu chi, Hóa đơn (nếu có)",Điện,,2026-06-12
5125461579574815262,PGD 7827 chưa tồn tại hoặc là PGD chỉ dùng cho mượn chứng từ,7827,Chứng từ Vận hành hàng ngày,Giấy đề nghị,Đóng HĐCC chủ động,DONG_HDCC_CD,2026-06-12
6011933069974836405,PGD 6731 chưa tồn tại hoặc là PGD chỉ dùng cho mượn chứng từ,6731,Chứng từ Vận hành hàng ngày,Giấy đề nghị,Đóng HĐCC chủ động,DONG_HDCC_CD,2026-06-12
6058633565874813538,PGD 5132 chưa tồn tại hoặc là PGD chỉ dùng cho mượn chứng từ,5132,Chứng từ Vận hành hàng ngày,"Giấy đề nghị, Phiếu chi giải ngân",Đóng HĐCC chủ động,DONG_HDCC_CD,2026-06-12
5039518054074889175,Không map được loại chứng từ: HĐ ký gửi tài sản,5502,Chứng từ Vận hành hàng ngày,HĐ ký gửi tài sản,Đóng HĐCC chủ động,DONG_HDCC_CD,2026-06-12
6069679936300175110864,PGD 2310 chưa tồn tại hoặc là PGD chỉ dùng cho mượn chứng từ,2310,Chứng từ Ngân hàng hàng ngày,"Mục đích vốn (nếu có phát sinh bản giấy), Xác nhận người thụ hưởng không có TKNH với (HĐ vay 100 triệu), Chứng từ thu nhập + Năng lực tài chính (khi CIMB yêu cầu)",Giải ngân CIMB,GIAI_NGAN_CIMB,2026-06-13
6060216028500175114536,PGD 7827 chưa tồn tại hoặc là PGD chỉ dùng cho mượn chứng từ,7827,Chứng từ Ngân hàng hàng ngày,"Mục đích vốn (nếu có phát sinh bản giấy), Xác nhận người thụ hưởng không có TKNH với (HĐ vay 100 triệu), Chứng từ thu nhập + Năng lực tài chính (khi CIMB yêu cầu)",Giải ngân CIMB,GIAI_NGAN_CIMB,2026-06-13
4124748873419475114275,Không map được loại chứng từ: Giấy đề nghị tái tục giấy nhận nợ,7106,Chứng từ Vận hành hàng ngày,Giấy đề nghị tái tục giấy nhận nợ,Đáo hạn,DONG_HD_DH,2026-06-13
6067492860200175116319,PGD 2310 chưa tồn tại hoặc là PGD chỉ dùng cho mượn chứng từ,2310,Chứng từ Ngân hàng hàng ngày,"Mục đích vốn (nếu có phát sinh bản giấy), Xác nhận người thụ hưởng không có TKNH với (HĐ vay 100 triệu), Chứng từ thu nhập + Năng lực tài chính (khi CIMB yêu cầu)",Giải ngân CIMB,GIAI_NGAN_CIMB,2026-06-13
6061532702500175100375,PGD 9221 chưa tồn tại hoặc là PGD chỉ dùng cho mượn chứng từ,9221,Chứng từ Ngân hàng hàng ngày,"Mục đích vốn (nếu có phát sinh bản giấy), Xác nhận người thụ hưởng không có TKNH với (HĐ vay 100 triệu), Chứng từ thu nhập + Năng lực tài chính (khi CIMB yêu cầu)",Giải ngân CIMB,GIAI_NGAN_CIMB,2026-06-13
6060367954100175104054,PGD 8245 chưa tồn tại hoặc là PGD chỉ dùng cho mượn chứng từ,8245,Chứng từ Ngân hàng hàng ngày,"Mục đích vốn (nếu có phát sinh bản giấy), Xác nhận người thụ hưởng không có TKNH với (HĐ vay 100 triệu), Chứng từ thu nhập + Năng lực tài chính (khi CIMB yêu cầu)",Giải ngân CIMB,GIAI_NGAN_CIMB,2026-06-13
6063435553675005548,Không map được loại chứng từ: HĐ ký gửi tài sản,8242,Chứng từ Vận hành hàng ngày,HĐ ký gửi tài sản,Đóng HĐCC chủ động,DONG_HDCC_CD,2026-06-13
5086405717075001769,Trùng parent_document_code trong nguồn Oracle,6203,Chứng từ Vận hành hàng ngày,"Giấy đề nghị, Phiếu chi giải ngân, Ủy quyền epay",Đóng HĐCC chủ động,DONG_HDCC_CD,2026-06-13
3108833951800375109393,Không map được loại chứng từ: Giấy đề nghị tái tục giấy nhận nợ,9014,Chứng từ Vận hành hàng ngày,Giấy đề nghị tái tục giấy nhận nợ,Đáo hạn,DONG_HD_DH,2026-06-13
7495982674959826,PGD 5737 chưa tồn tại hoặc là PGD chỉ dùng cho mượn chứng từ,5737,Chứng từ Vận hành hàng ngày,"Phiếu chi, Biên lai / Phiếu yêu cầu dịch vụ/ Giấy nộp tiền (theo từng đơn vị chuyển tiền)",Chuyển quỹ,,2026-06-13
7495572774955727,PGD 8136 chưa tồn tại hoặc là PGD chỉ dùng cho mượn chứng từ,8136,Chứng từ Vận hành hàng ngày,"Phiếu chi, Biên lai / Phiếu yêu cầu dịch vụ/ Giấy nộp tiền (theo từng đơn vị chuyển tiền)",Chuyển quỹ,,2026-06-13
6061075544100175101795,PGD 8136 chưa tồn tại hoặc là PGD chỉ dùng cho mượn chứng từ,8136,Chứng từ Ngân hàng hàng ngày,"Mục đích vốn (nếu có phát sinh bản giấy), Xác nhận người thụ hưởng không có TKNH với (HĐ vay 100 triệu), Chứng từ thu nhập + Năng lực tài chính (khi CIMB yêu cầu)",Giải ngân CIMB,GIAI_NGAN_CIMB,2026-06-13
5105732678875005197,Không map được loại chứng từ: HĐ ký gửi tài sản,5674,Chứng từ Vận hành hàng ngày,HĐ ký gửi tài sản,Đóng HĐCC chủ động,DONG_HDCC_CD,2026-06-13
7495314274953142,PGD 7827 chưa tồn tại hoặc là PGD chỉ dùng cho mượn chứng từ,7827,Chứng từ Vận hành hàng ngày,"Phiếu chi, Biên lai / Phiếu yêu cầu dịch vụ/ Giấy nộp tiền (theo từng đơn vị chuyển tiền)",Chuyển quỹ,,2026-06-13
6055457229875010302,PGD 8136 chưa tồn tại hoặc là PGD chỉ dùng cho mượn chứng từ,8136,Chứng từ Vận hành hàng ngày,"Giấy đề nghị, Bản cam kết TS riêng, Phiếu chi giải ngân, Ủy quyền epay, HĐUQ bản F88 in",Đóng HĐCC chủ động,DONG_HDCC_CD,2026-06-13
4070848380175046952,Trùng parent_document_code trong nguồn Oracle,4102,Chứng từ Vận hành hàng ngày,"BB tất toán/thanh lý, Phiếu thu đóng hợp đồng, Biên bản chấm dứt thỏa thuận sử dụng TS và hoàn trả TS",Đóng HĐCC nợ xấu chủ động,DONG_HDCC_CDNX,2026-06-13
7496549774965497,PGD 8631 chưa tồn tại hoặc là PGD chỉ dùng cho mượn chứng từ,8631,Chứng từ Vận hành hàng ngày,Phiếu thu,Nhận quỹ,,2026-06-13
4038766989800475102059,Không map được loại chứng từ: Giấy đề nghị tái tục giấy nhận nợ,9014,Chứng từ Vận hành hàng ngày,Giấy đề nghị tái tục giấy nhận nợ,Đáo hạn,DONG_HD_DH,2026-06-13
5074158505175010412,Trùng parent_document_code trong nguồn Oracle,4805,Chứng từ Vận hành hàng ngày,"BB tất toán/thanh lý, Phiếu thu đóng hợp đồng, Biên bản chấm dứt thỏa thuận sử dụng TS và hoàn trả TS",Đóng HĐCC nợ xấu chủ động,DONG_HDCC_CDNX,2026-06-13
6011137447575038245,PGD 6219 chưa tồn tại hoặc là PGD chỉ dùng cho mượn chứng từ,6219,Chứng từ Vận hành hàng ngày,"Giấy đề nghị, Phiếu chi giải ngân",Đóng HĐCC chủ động,DONG_HDCC_CD,2026-06-13
7495606274956062,PGD 9322 chưa tồn tại hoặc là PGD chỉ dùng cho mượn chứng từ,9322,Chứng từ Vận hành hàng ngày,"Phiếu chi, Biên lai / Phiếu yêu cầu dịch vụ/ Giấy nộp tiền (theo từng đơn vị chuyển tiền)",Chuyển quỹ,,2026-06-13
6065592303300175116037,PGD 8631 chưa tồn tại hoặc là PGD chỉ dùng cho mượn chứng từ,8631,Chứng từ Ngân hàng hàng ngày,"Mục đích vốn (nếu có phát sinh bản giấy), Xác nhận người thụ hưởng không có TKNH với (HĐ vay 100 triệu), Chứng từ thu nhập + Năng lực tài chính (khi CIMB yêu cầu)",Giải ngân CIMB,GIAI_NGAN_CIMB,2026-06-13
6064393444700175109508,PGD 2306 chưa tồn tại hoặc là PGD chỉ dùng cho mượn chứng từ,2306,Chứng từ Ngân hàng hàng ngày,"Mục đích vốn (nếu có phát sinh bản giấy), Xác nhận người thụ hưởng không có TKNH với (HĐ vay 100 triệu), Chứng từ thu nhập + Năng lực tài chính (khi CIMB yêu cầu)",Giải ngân CIMB,GIAI_NGAN_CIMB,2026-06-13
7495515574955155,PGD 8631 chưa tồn tại hoặc là PGD chỉ dùng cho mượn chứng từ,8631,Chứng từ Vận hành hàng ngày,"Phiếu chi, Biên lai / Phiếu yêu cầu dịch vụ/ Giấy nộp tiền (theo từng đơn vị chuyển tiền)",Chuyển quỹ,,2026-06-13
6026239487775009555,PGD 5435 chưa tồn tại hoặc là PGD chỉ dùng cho mượn chứng từ,5435,Chứng từ Vận hành hàng ngày,"Giấy đề nghị, Phiếu chi giải ngân, Ủy quyền epay",Đóng HĐCC chủ động,DONG_HDCC_CD,2026-06-13
6068699445500175108171,PGD 1286 chưa tồn tại hoặc là PGD chỉ dùng cho mượn chứng từ,1286,Chứng từ Ngân hàng hàng ngày,"Mục đích vốn (nếu có phát sinh bản giấy), Xác nhận người thụ hưởng không có TKNH với (HĐ vay 100 triệu), Chứng từ thu nhập + Năng lực tài chính (khi CIMB yêu cầu)",Giải ngân CIMB,GIAI_NGAN_CIMB,2026-06-13
6065507040000175097430,PGD 1286 chưa tồn tại hoặc là PGD chỉ dùng cho mượn chứng từ,1286,Chứng từ Vận hành hàng ngày,"Phiếu yêu cầu miễn giảm (nếu có), Phiếu yêu cầu miễn giảm (nếu có)",Miễn giảm đóng HĐ,MIEN_GIAM_DONG_HD,2026-06-13
6066968246300175100912,PGD 2302 chưa tồn tại hoặc là PGD chỉ dùng cho mượn chứng từ,2302,Chứng từ Ngân hàng hàng ngày,"Mục đích vốn (nếu có phát sinh bản giấy), Xác nhận người thụ hưởng không có TKNH với (HĐ vay 100 triệu), Chứng từ thu nhập + Năng lực tài chính (khi CIMB yêu cầu)",Giải ngân CIMB,GIAI_NGAN_CIMB,2026-06-13
6045296884874998974,PGD 7767 chưa tồn tại hoặc là PGD chỉ dùng cho mượn chứng từ,7767,Chứng từ Vận hành hàng ngày,Giấy đề nghị,Đóng HĐCC chủ động,DONG_HDCC_CD,2026-06-13
6023512420075010696,PGD 7767 chưa tồn tại hoặc là PGD chỉ dùng cho mượn chứng từ,7767,Chứng từ Vận hành hàng ngày,"Giấy đề nghị, Phiếu chi giải ngân, Ủy quyền epay",Đóng HĐCC chủ động,DONG_HDCC_CD,2026-06-13
6068805878775025572,PGD 6219 chưa tồn tại hoặc là PGD chỉ dùng cho mượn chứng từ,6219,Chứng từ Vận hành hàng ngày,"Giấy đề nghị, Phiếu chi giải ngân, Ủy quyền epay",Đóng HĐCC chủ động,DONG_HDCC_CD,2026-06-13
6064997141700175112391,PGD 2303 chưa tồn tại hoặc là PGD chỉ dùng cho mượn chứng từ,2303,Chứng từ Ngân hàng hàng ngày,"Mục đích vốn (nếu có phát sinh bản giấy), Xác nhận người thụ hưởng không có TKNH với (HĐ vay 100 triệu), Chứng từ thu nhập + Năng lực tài chính (khi CIMB yêu cầu)",Giải ngân CIMB,GIAI_NGAN_CIMB,2026-06-13
6016361438400275107874,PGD 8631 chưa tồn tại hoặc là PGD chỉ dùng cho mượn chứng từ,8631,Chứng từ Ngân hàng hàng ngày,"Mục đích vốn (nếu có phát sinh bản giấy), Xác nhận người thụ hưởng không có TKNH với (HĐ vay 100 triệu), Chứng từ thu nhập + Năng lực tài chính (khi CIMB yêu cầu)",Giải ngân CIMB,GIAI_NGAN_CIMB,2026-06-13
5011277575154575108130,Không map được loại chứng từ: Giấy đề nghị tái tục giấy nhận nợ,3901,Chứng từ Vận hành hàng ngày,Giấy đề nghị tái tục giấy nhận nợ,Đáo hạn,DONG_HD_DH,2026-06-13
6063853003900175108007,PGD 7436 chưa tồn tại hoặc là PGD chỉ dùng cho mượn chứng từ,7436,Chứng từ Ngân hàng hàng ngày,"Mục đích vốn (nếu có phát sinh bản giấy), Xác nhận người thụ hưởng không có TKNH với (HĐ vay 100 triệu), Chứng từ thu nhập + Năng lực tài chính (khi CIMB yêu cầu)",Giải ngân CIMB,GIAI_NGAN_CIMB,2026-06-13
6067244487100175097893,PGD 8025 chưa tồn tại hoặc là PGD chỉ dùng cho mượn chứng từ,8025,Chứng từ Ngân hàng hàng ngày,"Mục đích vốn (nếu có phát sinh bản giấy), Xác nhận người thụ hưởng không có TKNH với (HĐ vay 100 triệu), Chứng từ thu nhập + Năng lực tài chính (khi CIMB yêu cầu)",Giải ngân CIMB,GIAI_NGAN_CIMB,2026-06-13
7495455574954555,PGD 8244 chưa tồn tại hoặc là PGD chỉ dùng cho mượn chứng từ,8244,Chứng từ Vận hành hàng ngày,"Phiếu chi, Biên lai / Phiếu yêu cầu dịch vụ/ Giấy nộp tiền (theo từng đơn vị chuyển tiền)",Chuyển quỹ,,2026-06-13
7495524974955249,PGD 5552 chưa tồn tại hoặc là PGD chỉ dùng cho mượn chứng từ,5552,Chứng từ Vận hành hàng ngày,"Phiếu chi, Biên lai / Phiếu yêu cầu dịch vụ/ Giấy nộp tiền (theo từng đơn vị chuyển tiền)",Chuyển quỹ,,2026-06-13
7495574174955741,PGD 5738 chưa tồn tại hoặc là PGD chỉ dùng cho mượn chứng từ,5738,Chứng từ Vận hành hàng ngày,"Phiếu chi, Hóa đơn (nếu có)",Thắp hương,,2026-06-13
7495740474957404,PGD 1287 chưa tồn tại hoặc là PGD chỉ dùng cho mượn chứng từ,1287,Chứng từ Vận hành hàng ngày,"Phiếu chi, Hóa đơn (nếu có)",Điện,,2026-06-13
7495801374958013,PGD 8136 chưa tồn tại hoặc là PGD chỉ dùng cho mượn chứng từ,8136,Chứng từ Vận hành hàng ngày,Phiếu thu,Nhận quỹ,,2026-06-13
6041152315975002862,Trùng parent_document_code trong nguồn Oracle,8817,Chứng từ Vận hành hàng ngày,"Giấy đề nghị, Phiếu chi giải ngân, Ủy quyền epay",Đóng HĐCC chủ động,DONG_HDCC_CD,2026-06-13
5066349349575019592,Trùng parent_document_code trong nguồn Oracle,2011,Chứng từ Vận hành hàng ngày,"Giấy đề nghị, Phiếu chi giải ngân, Ủy quyền epay",Đóng HĐCC nợ xấu chủ động,DONG_HDCC_CDNX,2026-06-13
6063155627874955450,PGD 1283 chưa tồn tại hoặc là PGD chỉ dùng cho mượn chứng từ,1283,Chứng từ Vận hành hàng ngày,Phiếu thu,Thu tiền đặt cọc chip,,2026-06-13
7495573774955737,PGD 5738 chưa tồn tại hoặc là PGD chỉ dùng cho mượn chứng từ,5738,Chứng từ Vận hành hàng ngày,"Phiếu chi, Hóa đơn (nếu có)",Trade Marketing cho CH,,2026-06-13
7495292974952929,PGD 6731 chưa tồn tại hoặc là PGD chỉ dùng cho mượn chứng từ,6731,Chứng từ Vận hành hàng ngày,"Phiếu chi, Biên lai / Phiếu yêu cầu dịch vụ/ Giấy nộp tiền (theo từng đơn vị chuyển tiền)",Chuyển quỹ,,2026-06-13
7495618974956189,PGD 1287 chưa tồn tại hoặc là PGD chỉ dùng cho mượn chứng từ,1287,Chứng từ Vận hành hàng ngày,"Phiếu chi, Biên lai / Phiếu yêu cầu dịch vụ/ Giấy nộp tiền (theo từng đơn vị chuyển tiền)",Chuyển quỹ,,2026-06-13
7495865674958656,PGD 2305 chưa tồn tại hoặc là PGD chỉ dùng cho mượn chứng từ,2305,Chứng từ Vận hành hàng ngày,"Phiếu chi, Hóa đơn (nếu có)",Điện,,2026-06-13
6065507040075003368,PGD 1286 chưa tồn tại hoặc là PGD chỉ dùng cho mượn chứng từ,1286,Chứng từ Vận hành hàng ngày,"Giấy đề nghị, Phiếu chi giải ngân",Đóng HĐCC chủ động,DONG_HDCC_CD,2026-06-13
6069852638000175104308,PGD 2305 chưa tồn tại hoặc là PGD chỉ dùng cho mượn chứng từ,2305,Chứng từ Ngân hàng hàng ngày,"Mục đích vốn (nếu có phát sinh bản giấy), Xác nhận người thụ hưởng không có TKNH với (HĐ vay 100 triệu), Chứng từ thu nhập + Năng lực tài chính (khi CIMB yêu cầu)",Giải ngân CIMB,GIAI_NGAN_CIMB,2026-06-13
6023512420075010759,PGD 7767 chưa tồn tại hoặc là PGD chỉ dùng cho mượn chứng từ,7767,Chứng từ Vận hành hàng ngày,Giấy đề nghị,Đóng HĐCC chủ động,DONG_HDCC_CD,2026-06-13
6068756526100175114940,PGD 4826 chưa tồn tại hoặc là PGD chỉ dùng cho mượn chứng từ,4826,Chứng từ Ngân hàng hàng ngày,"Mục đích vốn (nếu có phát sinh bản giấy), Xác nhận người thụ hưởng không có TKNH với (HĐ vay 100 triệu), Chứng từ thu nhập + Năng lực tài chính (khi CIMB yêu cầu)",Giải ngân CIMB,GIAI_NGAN_CIMB,2026-06-13
6035671250400175114946,PGD 7827 chưa tồn tại hoặc là PGD chỉ dùng cho mượn chứng từ,7827,Chứng từ Vận hành hàng ngày,Phiếu thu đóng hợp đồng,Đóng hợp đồng chủ động,DONG_HD_CD,2026-06-13
7495851474958514,PGD 8245 chưa tồn tại hoặc là PGD chỉ dùng cho mượn chứng từ,8245,Chứng từ Vận hành hàng ngày,"Phiếu chi, Biên lai / Phiếu yêu cầu dịch vụ/ Giấy nộp tiền (theo từng đơn vị chuyển tiền)",Chuyển quỹ,,2026-06-13
7496035274960352,PGD 6219 chưa tồn tại hoặc là PGD chỉ dùng cho mượn chứng từ,6219,Chứng từ Vận hành hàng ngày,"Phiếu chi, Biên lai / Phiếu yêu cầu dịch vụ/ Giấy nộp tiền (theo từng đơn vị chuyển tiền)",Chuyển quỹ,,2026-06-13
6052614255400175116258,Không map được loại chứng từ: Giấy đề nghị tái tục giấy nhận nợ,1055,Chứng từ Vận hành hàng ngày,Giấy đề nghị tái tục giấy nhận nợ,Đáo hạn,DONG_HD_DH,2026-06-13
5036927203475011563,Trùng parent_document_code trong nguồn Oracle,8619,Chứng từ Vận hành hàng ngày,"BB tất toán/thanh lý, Phiếu thu đóng hợp đồng, Biên bản chấm dứt thỏa thuận sử dụng TS và hoàn trả TS",Đóng HĐCC chủ động,DONG_HDCC_CD,2026-06-13
4015109983000575107716,Không map được loại chứng từ: Giấy đề nghị tái tục giấy nhận nợ,7821,Chứng từ Vận hành hàng ngày,Giấy đề nghị tái tục giấy nhận nợ,Đáo hạn,DONG_HD_DH,2026-06-13
6068805878775025636,PGD 6219 chưa tồn tại hoặc là PGD chỉ dùng cho mượn chứng từ,6219,Chứng từ Vận hành hàng ngày,Giấy đề nghị,Đóng HĐCC chủ động,DONG_HDCC_CD,2026-06-13
7496126474961264,PGD 6219 chưa tồn tại hoặc là PGD chỉ dùng cho mượn chứng từ,6219,Chứng từ Vận hành hàng ngày,"Phiếu chi, Biên lai / Phiếu yêu cầu dịch vụ/ Giấy nộp tiền (theo từng đơn vị chuyển tiền)",Chuyển quỹ,,2026-06-13
7496550474965504,PGD 8631 chưa tồn tại hoặc là PGD chỉ dùng cho mượn chứng từ,8631,Chứng từ Vận hành hàng ngày,"Phiếu chi, Biên lai / Phiếu yêu cầu dịch vụ/ Giấy nộp tiền (theo từng đơn vị chuyển tiền)",Chuyển quỹ,,2026-06-13
6062015677600175105471,PGD 7436 chưa tồn tại hoặc là PGD chỉ dùng cho mượn chứng từ,7436,Chứng từ Ngân hàng hàng ngày,"Mục đích vốn (nếu có phát sinh bản giấy), Xác nhận người thụ hưởng không có TKNH với (HĐ vay 100 triệu), Chứng từ thu nhập + Năng lực tài chính (khi CIMB yêu cầu)",Giải ngân CIMB,GIAI_NGAN_CIMB,2026-06-13
6057295799575003068,PGD 1283 chưa tồn tại hoặc là PGD chỉ dùng cho mượn chứng từ,1283,Chứng từ Vận hành hàng ngày,"Giấy đề nghị, Phiếu chi giải ngân",Đóng HĐCC chủ động,DONG_HDCC_CD,2026-06-13
6063435553675005556,Không map được loại chứng từ: HĐ ký gửi tài sản,8242,Chứng từ Vận hành hàng ngày,HĐ ký gửi tài sản,Đóng HĐCC chủ động,DONG_HDCC_CD,2026-06-13
4080991264875018136,Trùng parent_document_code trong nguồn Oracle,7715,Chứng từ Vận hành hàng ngày,"Giấy đề nghị, Phiếu chi giải ngân, Ủy quyền epay",Đóng HĐCC nợ xấu chủ động,DONG_HDCC_CDNX,2026-06-13
5032093535375042417,Không map được loại chứng từ: HĐ ký gửi tài sản,2019,Chứng từ Vận hành hàng ngày,HĐ ký gửi tài sản,Đóng HĐCC chủ động,DONG_HDCC_CD,2026-06-13
6049835224175035828,Trùng parent_document_code trong nguồn Oracle,4209,Chứng từ Vận hành hàng ngày,"BB tất toán/thanh lý, Phiếu thu đóng hợp đồng, Biên bản chấm dứt thỏa thuận sử dụng TS và hoàn trả TS",Đóng HĐCC chủ động,DONG_HDCC_CD,2026-06-13
6015634118475036490,Trùng parent_document_code trong nguồn Oracle,9013,Chứng từ Vận hành hàng ngày,"BB tất toán/thanh lý, Phiếu thu đóng hợp đồng, Biên bản chấm dứt thỏa thuận sử dụng TS và hoàn trả TS",Đóng HĐCC nợ xấu chủ động,DONG_HDCC_CDNX,2026-06-13
6065348364100175106363,PGD 2311 chưa tồn tại hoặc là PGD chỉ dùng cho mượn chứng từ,2311,Chứng từ Ngân hàng hàng ngày,"Mục đích vốn (nếu có phát sinh bản giấy), Xác nhận người thụ hưởng không có TKNH với (HĐ vay 100 triệu), Chứng từ thu nhập + Năng lực tài chính (khi CIMB yêu cầu)",Giải ngân CIMB,GIAI_NGAN_CIMB,2026-06-13
5105732678875005266,Không map được loại chứng từ: HĐ ký gửi tài sản,5674,Chứng từ Vận hành hàng ngày,HĐ ký gửi tài sản,Đóng HĐCC chủ động,DONG_HDCC_CD,2026-06-13
5030144963875005852,Trùng parent_document_code trong nguồn Oracle,8621,Chứng từ Vận hành hàng ngày,"BB tất toán/thanh lý, Phiếu thu đóng hợp đồng, Biên bản chấm dứt thỏa thuận sử dụng TS và hoàn trả TS",Đóng HĐCC chủ động,DONG_HDCC_CD,2026-06-13
6061997550800175113907,PGD 7767 chưa tồn tại hoặc là PGD chỉ dùng cho mượn chứng từ,7767,Chứng từ Ngân hàng hàng ngày,"Mục đích vốn (nếu có phát sinh bản giấy), Xác nhận người thụ hưởng không có TKNH với (HĐ vay 100 triệu), Chứng từ thu nhập + Năng lực tài chính (khi CIMB yêu cầu)",Giải ngân CIMB,GIAI_NGAN_CIMB,2026-06-13
3082305870775048803,Trùng parent_document_code trong nguồn Oracle,7804,Chứng từ Vận hành hàng ngày,"Biên bản bàn giao TS cầm cố, Thỏa thuận sử dụng TS, Biên bản bàn giao TS cho mượn, HDCC, Giấy đề nghị, Bản cam kết TS riêng, Phiếu chi giải ngân, HĐUQ bản F88 in",Đóng HĐCC nợ xấu chủ động,DONG_HDCC_CDNX,2026-06-13
7495586274955862,PGD 8245 chưa tồn tại hoặc là PGD chỉ dùng cho mượn chứng từ,8245,Chứng từ Vận hành hàng ngày,"Phiếu chi, Biên lai / Phiếu yêu cầu dịch vụ/ Giấy nộp tiền (theo từng đơn vị chuyển tiền)",Chuyển quỹ,,2026-06-13
6055457229875010368,PGD 8136 chưa tồn tại hoặc là PGD chỉ dùng cho mượn chứng từ,8136,Chứng từ Vận hành hàng ngày,"Giấy đề nghị, Bản cam kết TS riêng",Đóng HĐCC chủ động,DONG_HDCC_CD,2026-06-13
5087717306775028295,Không map được loại chứng từ: HĐ ký gửi tài sản,4004,Chứng từ Vận hành hàng ngày,HĐ ký gửi tài sản,Đóng HĐCC chủ động,DONG_HDCC_CD,2026-06-13
3055617477775025192,Trùng parent_document_code trong nguồn Oracle,8241,Chứng từ Vận hành hàng ngày,"BB tất toán/thanh lý, Phiếu thu đóng hợp đồng",Đóng HĐCC nợ xấu chủ động,DONG_HDCC_CDNX,2026-06-13
6060949067900175113279,PGD 7968 chưa tồn tại hoặc là PGD chỉ dùng cho mượn chứng từ,7968,Chứng từ Ngân hàng hàng ngày,"Mục đích vốn (nếu có phát sinh bản giấy), Xác nhận người thụ hưởng không có TKNH với (HĐ vay 100 triệu), Chứng từ thu nhập + Năng lực tài chính (khi CIMB yêu cầu)",Giải ngân CIMB,GIAI_NGAN_CIMB,2026-06-13
6060516487300175114594,PGD 2308 chưa tồn tại hoặc là PGD chỉ dùng cho mượn chứng từ,2308,Chứng từ Ngân hàng hàng ngày,"Mục đích vốn (nếu có phát sinh bản giấy), Xác nhận người thụ hưởng không có TKNH với (HĐ vay 100 triệu), Chứng từ thu nhập + Năng lực tài chính (khi CIMB yêu cầu)",Giải ngân CIMB,GIAI_NGAN_CIMB,2026-06-13
6064900580100175116393,PGD 2307 chưa tồn tại hoặc là PGD chỉ dùng cho mượn chứng từ,2307,Chứng từ Ngân hàng hàng ngày,"Mục đích vốn (nếu có phát sinh bản giấy), Xác nhận người thụ hưởng không có TKNH với (HĐ vay 100 triệu), Chứng từ thu nhập + Năng lực tài chính (khi CIMB yêu cầu)",Giải ngân CIMB,GIAI_NGAN_CIMB,2026-06-13
6035671250475051720,PGD 7827 chưa tồn tại hoặc là PGD chỉ dùng cho mượn chứng từ,7827,Chứng từ Vận hành hàng ngày,"BB tất toán/thanh lý, Phiếu thu đóng hợp đồng, Biên bản chấm dứt thỏa thuận sử dụng TS và hoàn trả TS, Giấy đề nghị, Bản cam kết TS riêng",Đóng HĐCC chủ động,DONG_HDCC_CD,2026-06-13
6026239487700175099719,PGD 5435 chưa tồn tại hoặc là PGD chỉ dùng cho mượn chứng từ,5435,Chứng từ Vận hành hàng ngày,Phiếu thu đóng hợp đồng,Đóng hợp đồng chủ động,DONG_HD_CD,2026-06-13
7495585974955859,PGD 8245 chưa tồn tại hoặc là PGD chỉ dùng cho mượn chứng từ,8245,Chứng từ Vận hành hàng ngày,"Phiếu chi, Biên lai / Phiếu yêu cầu dịch vụ/ Giấy nộp tiền (theo từng đơn vị chuyển tiền)",Chuyển quỹ,,2026-06-13
6064560922800175108290,PGD 8136 chưa tồn tại hoặc là PGD chỉ dùng cho mượn chứng từ,8136,Chứng từ Ngân hàng hàng ngày,"Mục đích vốn (nếu có phát sinh bản giấy), Xác nhận người thụ hưởng không có TKNH với (HĐ vay 100 triệu), Chứng từ thu nhập + Năng lực tài chính (khi CIMB yêu cầu)",Giải ngân CIMB,GIAI_NGAN_CIMB,2026-06-13
6064493569800175111516,PGD 7827 chưa tồn tại hoặc là PGD chỉ dùng cho mượn chứng từ,7827,Chứng từ Ngân hàng hàng ngày,"Mục đích vốn (nếu có phát sinh bản giấy), Xác nhận người thụ hưởng không có TKNH với (HĐ vay 100 triệu), Chứng từ thu nhập + Năng lực tài chính (khi CIMB yêu cầu)",Giải ngân CIMB,GIAI_NGAN_CIMB,2026-06-13
6069512815600175114709,PGD 7436 chưa tồn tại hoặc là PGD chỉ dùng cho mượn chứng từ,7436,Chứng từ Ngân hàng hàng ngày,"Mục đích vốn (nếu có phát sinh bản giấy), Xác nhận người thụ hưởng không có TKNH với (HĐ vay 100 triệu), Chứng từ thu nhập + Năng lực tài chính (khi CIMB yêu cầu)",Giải ngân CIMB,GIAI_NGAN_CIMB,2026-06-13
6068135055800175115788,PGD 2310 chưa tồn tại hoặc là PGD chỉ dùng cho mượn chứng từ,2310,Chứng từ Ngân hàng hàng ngày,"Mục đích vốn (nếu có phát sinh bản giấy), Xác nhận người thụ hưởng không có TKNH với (HĐ vay 100 triệu), Chứng từ thu nhập + Năng lực tài chính (khi CIMB yêu cầu)",Giải ngân CIMB,GIAI_NGAN_CIMB,2026-06-13
7496496674964966,PGD 8631 chưa tồn tại hoặc là PGD chỉ dùng cho mượn chứng từ,8631,Chứng từ Vận hành hàng ngày,Phiếu thu,Nhận quỹ,,2026-06-13
6051353080775025006,PGD 1286 chưa tồn tại hoặc là PGD chỉ dùng cho mượn chứng từ,1286,Chứng từ Vận hành hàng ngày,Giấy đề nghị,Đóng HĐCC chủ động,DONG_HDCC_CD,2026-06-13
6051353080775024982,PGD 1286 chưa tồn tại hoặc là PGD chỉ dùng cho mượn chứng từ,1286,Chứng từ Vận hành hàng ngày,"Giấy đề nghị, Phiếu chi giải ngân, Ủy quyền epay",Đóng HĐCC chủ động,DONG_HDCC_CD,2026-06-13
6035671250475051661,PGD 7827 chưa tồn tại hoặc là PGD chỉ dùng cho mượn chứng từ,7827,Chứng từ Vận hành hàng ngày,"Giấy đề nghị, Bản cam kết TS riêng, Phiếu chi giải ngân, Ủy quyền epay, HĐUQ bản F88 in",Đóng HĐCC chủ động,DONG_HDCC_CD,2026-06-13
6045296884874998964,PGD 7767 chưa tồn tại hoặc là PGD chỉ dùng cho mượn chứng từ,7767,Chứng từ Vận hành hàng ngày,"Giấy đề nghị, Phiếu chi giải ngân, Ủy quyền epay",Đóng HĐCC chủ động,DONG_HDCC_CD,2026-06-13
6066578960600175098743,PGD 2312 chưa tồn tại hoặc là PGD chỉ dùng cho mượn chứng từ,2312,Chứng từ Ngân hàng hàng ngày,"Mục đích vốn (nếu có phát sinh bản giấy), Xác nhận người thụ hưởng không có TKNH với (HĐ vay 100 triệu), Chứng từ thu nhập + Năng lực tài chính (khi CIMB yêu cầu)",Giải ngân CIMB,GIAI_NGAN_CIMB,2026-06-13
4061574412100775115780,Không map được loại chứng từ: Giấy đề nghị tái tục giấy nhận nợ,6403,Chứng từ Vận hành hàng ngày,Giấy đề nghị tái tục giấy nhận nợ,Đáo hạn,DONG_HD_DH,2026-06-13
7495907874959078,PGD 2304 chưa tồn tại hoặc là PGD chỉ dùng cho mượn chứng từ,2304,Chứng từ Vận hành hàng ngày,"Phiếu chi, Biên lai / Phiếu yêu cầu dịch vụ/ Giấy nộp tiền (theo từng đơn vị chuyển tiền)",Chuyển quỹ,,2026-06-13
6026239487775009576,PGD 5435 chưa tồn tại hoặc là PGD chỉ dùng cho mượn chứng từ,5435,Chứng từ Vận hành hàng ngày,"BB tất toán/thanh lý, Phiếu thu đóng hợp đồng, Biên bản chấm dứt thỏa thuận sử dụng TS và hoàn trả TS, Giấy đề nghị",Đóng HĐCC chủ động,DONG_HDCC_CD,2026-06-13
5092245055675005272,Trùng parent_document_code trong nguồn Oracle,6504,Chứng từ Vận hành hàng ngày,"BB tất toán/thanh lý, Phiếu thu đóng hợp đồng, Biên bản chấm dứt thỏa thuận sử dụng TS và hoàn trả TS",Đóng HĐCC chủ động,DONG_HDCC_CD,2026-06-13
6063259155200175103011,PGD 4827 chưa tồn tại hoặc là PGD chỉ dùng cho mượn chứng từ,4827,Chứng từ Ngân hàng hàng ngày,"Mục đích vốn (nếu có phát sinh bản giấy), Xác nhận người thụ hưởng không có TKNH với (HĐ vay 100 triệu), Chứng từ thu nhập + Năng lực tài chính (khi CIMB yêu cầu)",Giải ngân CIMB,GIAI_NGAN_CIMB,2026-06-13
6068517139900175112537,PGD 2312 chưa tồn tại hoặc là PGD chỉ dùng cho mượn chứng từ,2312,Chứng từ Ngân hàng hàng ngày,"Mục đích vốn (nếu có phát sinh bản giấy), Xác nhận người thụ hưởng không có TKNH với (HĐ vay 100 triệu), Chứng từ thu nhập + Năng lực tài chính (khi CIMB yêu cầu)",Giải ngân CIMB,GIAI_NGAN_CIMB,2026-06-13
6056735531475032192,Trùng parent_document_code trong nguồn Oracle,8102,Chứng từ Vận hành hàng ngày,"BB tất toán/thanh lý, Phiếu thu đóng hợp đồng, Biên bản chấm dứt thỏa thuận sử dụng TS và hoàn trả TS",Đóng HĐCC chủ động,DONG_HDCC_CD,2026-06-13
6050598062075032463,Trùng parent_document_code trong nguồn Oracle,8625,Chứng từ Vận hành hàng ngày,"BB tất toán/thanh lý, Phiếu thu đóng hợp đồng, Biên bản chấm dứt thỏa thuận sử dụng TS và hoàn trả TS",Đóng HĐCC chủ động,DONG_HDCC_CD,2026-06-13
5032093535375042435,Không map được loại chứng từ: HĐ ký gửi tài sản,2019,Chứng từ Vận hành hàng ngày,HĐ ký gửi tài sản,Đóng HĐCC chủ động,DONG_HDCC_CD,2026-06-13
6067081056800175106797,PGD 7436 chưa tồn tại hoặc là PGD chỉ dùng cho mượn chứng từ,7436,Chứng từ Ngân hàng hàng ngày,"Mục đích vốn (nếu có phát sinh bản giấy), Xác nhận người thụ hưởng không có TKNH với (HĐ vay 100 triệu), Chứng từ thu nhập + Năng lực tài chính (khi CIMB yêu cầu)",Giải ngân CIMB,GIAI_NGAN_CIMB,2026-06-13
6055457229800175100165,PGD 8136 chưa tồn tại hoặc là PGD chỉ dùng cho mượn chứng từ,8136,Chứng từ Vận hành hàng ngày,"Phiếu yêu cầu miễn giảm (nếu có), Phiếu yêu cầu miễn giảm (nếu có)",Miễn giảm đóng HĐ,MIEN_GIAM_DONG_HD,2026-06-13
6060102701200175102825,PGD 2308 chưa tồn tại hoặc là PGD chỉ dùng cho mượn chứng từ,2308,Chứng từ Ngân hàng hàng ngày,"Mục đích vốn (nếu có phát sinh bản giấy), Xác nhận người thụ hưởng không có TKNH với (HĐ vay 100 triệu), Chứng từ thu nhập + Năng lực tài chính (khi CIMB yêu cầu)",Giải ngân CIMB,GIAI_NGAN_CIMB,2026-06-13
6064421558600175114149,PGD 2313 chưa tồn tại hoặc là PGD chỉ dùng cho mượn chứng từ,2313,Chứng từ Ngân hàng hàng ngày,"Mục đích vốn (nếu có phát sinh bản giấy), Xác nhận người thụ hưởng không có TKNH với (HĐ vay 100 triệu), Chứng từ thu nhập + Năng lực tài chính (khi CIMB yêu cầu)",Giải ngân CIMB,GIAI_NGAN_CIMB,2026-06-13
6063914341700175098938,PGD 4114 chưa tồn tại hoặc là PGD chỉ dùng cho mượn chứng từ,4114,Chứng từ Ngân hàng hàng ngày,"Mục đích vốn (nếu có phát sinh bản giấy), Xác nhận người thụ hưởng không có TKNH với (HĐ vay 100 triệu), Chứng từ thu nhập + Năng lực tài chính (khi CIMB yêu cầu)",Giải ngân CIMB,GIAI_NGAN_CIMB,2026-06-13
5087717306775028124,Không map được loại chứng từ: HĐ ký gửi tài sản,4004,Chứng từ Vận hành hàng ngày,HĐ ký gửi tài sản,Đóng HĐCC chủ động,DONG_HDCC_CD,2026-06-13
7495993474959934,PGD 1286 chưa tồn tại hoặc là PGD chỉ dùng cho mượn chứng từ,1286,Chứng từ Vận hành hàng ngày,"Phiếu chi, Biên lai / Phiếu yêu cầu dịch vụ/ Giấy nộp tiền (theo từng đơn vị chuyển tiền)",Chuyển quỹ,,2026-06-13
6024935634700175290762,PGD 5132 chưa tồn tại hoặc là PGD chỉ dùng cho mượn chứng từ,5132,Chứng từ Vận hành hàng ngày,"Phiếu yêu cầu miễn giảm (nếu có), Phiếu yêu cầu miễn giảm (nếu có)",Miễn giảm đóng HĐ,MIEN_GIAM_DONG_HD,2026-06-14
6060021985800175255410,PGD 5243 chưa tồn tại hoặc là PGD chỉ dùng cho mượn chứng từ,5243,Chứng từ Ngân hàng hàng ngày,"Mục đích vốn (nếu có phát sinh bản giấy), Xác nhận người thụ hưởng không có TKNH với (HĐ vay 100 triệu), Chứng từ thu nhập + Năng lực tài chính (khi CIMB yêu cầu)",Giải ngân CIMB,GIAI_NGAN_CIMB,2026-06-14
5033840609375201140,Không map được loại chứng từ: HĐ ký gửi tài sản,8315,Chứng từ Vận hành hàng ngày,HĐ ký gửi tài sản,Đóng HĐCC chủ động,DONG_HDCC_CD,2026-06-14
6067449806300175260148,PGD 2312 chưa tồn tại hoặc là PGD chỉ dùng cho mượn chứng từ,2312,Chứng từ Ngân hàng hàng ngày,"Mục đích vốn (nếu có phát sinh bản giấy), Xác nhận người thụ hưởng không có TKNH với (HĐ vay 100 triệu), Chứng từ thu nhập + Năng lực tài chính (khi CIMB yêu cầu)",Giải ngân CIMB,GIAI_NGAN_CIMB,2026-06-14
6068699445575230694,PGD 1286 chưa tồn tại hoặc là PGD chỉ dùng cho mượn chứng từ,1286,Chứng từ Vận hành hàng ngày,Giấy đề nghị,Đóng HĐCC chủ động,DONG_HDCC_CD,2026-06-14
6043509594175219338,PGD 2306 chưa tồn tại hoặc là PGD chỉ dùng cho mượn chứng từ,2306,Chứng từ Vận hành hàng ngày,"Giấy đề nghị, Phiếu chi giải ngân, Ủy quyền epay",Đóng HĐCC chủ động,DONG_HDCC_CD,2026-06-14
6043509594175219545,PGD 2306 chưa tồn tại hoặc là PGD chỉ dùng cho mượn chứng từ,2306,Chứng từ Vận hành hàng ngày,Giấy đề nghị,Đóng HĐCC chủ động,DONG_HDCC_CD,2026-06-14
6051711629775244386,PGD 5132 chưa tồn tại hoặc là PGD chỉ dùng cho mượn chứng từ,5132,Chứng từ Vận hành hàng ngày,"Giấy đề nghị, Phiếu chi giải ngân",Đóng HĐCC chủ động,DONG_HDCC_CD,2026-06-14
6066750886900175279113,PGD 8135 chưa tồn tại hoặc là PGD chỉ dùng cho mượn chứng từ,8135,Chứng từ Ngân hàng hàng ngày,"Mục đích vốn (nếu có phát sinh bản giấy), Xác nhận người thụ hưởng không có TKNH với (HĐ vay 100 triệu), Chứng từ thu nhập + Năng lực tài chính (khi CIMB yêu cầu)",Giải ngân CIMB,GIAI_NGAN_CIMB,2026-06-14
7513211375132113,PGD 4114 chưa tồn tại hoặc là PGD chỉ dùng cho mượn chứng từ,4114,Chứng từ Vận hành hàng ngày,Phiếu chi,Rút tiền dư từ CIF,RUT_TIEN_DU_KH,2026-06-14
6043319916575231289,PGD 7437 chưa tồn tại hoặc là PGD chỉ dùng cho mượn chứng từ,7437,Chứng từ Vận hành hàng ngày,Giấy đề nghị,Đóng HĐCC chủ động,DONG_HDCC_CD,2026-06-14
6060916158000175276720,PGD 1286 chưa tồn tại hoặc là PGD chỉ dùng cho mượn chứng từ,1286,Chứng từ Vận hành hàng ngày,"Phiếu yêu cầu miễn giảm (nếu có), Phiếu yêu cầu miễn giảm (nếu có)",Miễn giảm đóng HĐ,MIEN_GIAM_DONG_HD,2026-06-14
5090127935375245317,Không map được loại chứng từ: HĐ ký gửi tài sản,7806,Chứng từ Vận hành hàng ngày,HĐ ký gửi tài sản,Đóng HĐCC chủ động,DONG_HDCC_CD,2026-06-14
6051906058475209301,PGD 5132 chưa tồn tại hoặc là PGD chỉ dùng cho mượn chứng từ,5132,Chứng từ Vận hành hàng ngày,"Giấy đề nghị, Phiếu chi giải ngân, Ủy quyền epay",Đóng HĐCC chủ động,DONG_HDCC_CD,2026-06-14
6051906058475210015,PGD 5132 chưa tồn tại hoặc là PGD chỉ dùng cho mượn chứng từ,5132,Chứng từ Vận hành hàng ngày,Giấy đề nghị,Đóng HĐCC chủ động,DONG_HDCC_CD,2026-06-14
7515259875152598,PGD 1286 chưa tồn tại hoặc là PGD chỉ dùng cho mượn chứng từ,1286,Chứng từ Vận hành hàng ngày,"Phiếu chi, Biên lai / Phiếu yêu cầu dịch vụ/ Giấy nộp tiền (theo từng đơn vị chuyển tiền)",Chuyển quỹ,,2026-06-14
6068699445575230682,PGD 1286 chưa tồn tại hoặc là PGD chỉ dùng cho mượn chứng từ,1286,Chứng từ Vận hành hàng ngày,"Giấy đề nghị, Phiếu chi giải ngân, Ủy quyền epay",Đóng HĐCC chủ động,DONG_HDCC_CD,2026-06-14
4030808645275233444,Trùng parent_document_code trong nguồn Oracle,1056,Chứng từ Vận hành hàng ngày,"BB tất toán/thanh lý, Phiếu thu đóng hợp đồng, Biên bản chấm dứt thỏa thuận sử dụng TS và hoàn trả TS",Đóng HĐCC nợ xấu chủ động,DONG_HDCC_CDNX,2026-06-14
6063938382300175291042,PGD 8244 chưa tồn tại hoặc là PGD chỉ dùng cho mượn chứng từ,8244,Chứng từ Ngân hàng hàng ngày,"Mục đích vốn (nếu có phát sinh bản giấy), Xác nhận người thụ hưởng không có TKNH với (HĐ vay 100 triệu), Chứng từ thu nhập + Năng lực tài chính (khi CIMB yêu cầu)",Giải ngân CIMB,GIAI_NGAN_CIMB,2026-06-14
3112137642175205315,Trùng parent_document_code trong nguồn Oracle,8606,Chứng từ Vận hành hàng ngày,"Giấy đề nghị, Phiếu chi giải ngân",Đóng HĐCC chủ động,DONG_HDCC_CD,2026-06-14
5068250261775183511,Không map được loại chứng từ: HĐ ký gửi tài sản,7903,Chứng từ Vận hành hàng ngày,HĐ ký gửi tài sản,Đóng HĐCC chủ động,DONG_HDCC_CD,2026-06-14
6069858422700175260006,Không map được loại chứng từ: Mục đích sử dụng vốn cho khoản vay trên 100 triệu (MB yêu cầu),7806,Chứng từ Ngân hàng hàng ngày,Mục đích sử dụng vốn cho khoản vay trên 100 triệu (MB yêu cầu),Giải ngân MB,GIAI_NGAN_MB,2026-06-14
7514428875144288,PGD 1283 chưa tồn tại hoặc là PGD chỉ dùng cho mượn chứng từ,1283,Chứng từ Vận hành hàng ngày,"Phiếu chi, Biên lai / Phiếu yêu cầu dịch vụ/ Giấy nộp tiền (theo từng đơn vị chuyển tiền)",Chuyển quỹ,,2026-06-14
6060800003600175263283,PGD 2310 chưa tồn tại hoặc là PGD chỉ dùng cho mượn chứng từ,2310,Chứng từ Ngân hàng hàng ngày,"Mục đích vốn (nếu có phát sinh bản giấy), Xác nhận người thụ hưởng không có TKNH với (HĐ vay 100 triệu), Chứng từ thu nhập + Năng lực tài chính (khi CIMB yêu cầu)",Giải ngân CIMB,GIAI_NGAN_CIMB,2026-06-14
6066069626700175267877,PGD 4114 chưa tồn tại hoặc là PGD chỉ dùng cho mượn chứng từ,4114,Chứng từ Ngân hàng hàng ngày,"Mục đích vốn (nếu có phát sinh bản giấy), Xác nhận người thụ hưởng không có TKNH với (HĐ vay 100 triệu), Chứng từ thu nhập + Năng lực tài chính (khi CIMB yêu cầu)",Giải ngân CIMB,GIAI_NGAN_CIMB,2026-06-14
6067753676600175293537,PGD 2310 chưa tồn tại hoặc là PGD chỉ dùng cho mượn chứng từ,2310,Chứng từ Ngân hàng hàng ngày,"Mục đích vốn (nếu có phát sinh bản giấy), Xác nhận người thụ hưởng không có TKNH với (HĐ vay 100 triệu), Chứng từ thu nhập + Năng lực tài chính (khi CIMB yêu cầu)",Giải ngân CIMB,GIAI_NGAN_CIMB,2026-06-14
4011881888500575261826,Không map được loại chứng từ: Giấy đề nghị tái tục giấy nhận nợ,2091,Chứng từ Vận hành hàng ngày,Giấy đề nghị tái tục giấy nhận nợ,Đáo hạn,DONG_HD_DH,2026-06-14
6065168911800175256834,PGD 5738 chưa tồn tại hoặc là PGD chỉ dùng cho mượn chứng từ,5738,Chứng từ Ngân hàng hàng ngày,"Mục đích vốn (nếu có phát sinh bản giấy), Xác nhận người thụ hưởng không có TKNH với (HĐ vay 100 triệu), Chứng từ thu nhập + Năng lực tài chính (khi CIMB yêu cầu)",Giải ngân CIMB,GIAI_NGAN_CIMB,2026-06-14
6068451494500175286991,PGD 9221 chưa tồn tại hoặc là PGD chỉ dùng cho mượn chứng từ,9221,Chứng từ Ngân hàng hàng ngày,"Mục đích vốn (nếu có phát sinh bản giấy), Xác nhận người thụ hưởng không có TKNH với (HĐ vay 100 triệu), Chứng từ thu nhập + Năng lực tài chính (khi CIMB yêu cầu)",Giải ngân CIMB,GIAI_NGAN_CIMB,2026-06-14
6061883172175192149,PGD 5435 chưa tồn tại hoặc là PGD chỉ dùng cho mượn chứng từ,5435,Chứng từ Vận hành hàng ngày,"Giấy đề nghị, Phiếu chi giải ngân, Ủy quyền epay",Đóng HĐCC chủ động,DONG_HDCC_CD,2026-06-14
6064658252300175272695,PGD 4826 chưa tồn tại hoặc là PGD chỉ dùng cho mượn chứng từ,4826,Chứng từ Ngân hàng hàng ngày,"Mục đích vốn (nếu có phát sinh bản giấy), Xác nhận người thụ hưởng không có TKNH với (HĐ vay 100 triệu), Chứng từ thu nhập + Năng lực tài chính (khi CIMB yêu cầu)",Giải ngân CIMB,GIAI_NGAN_CIMB,2026-06-14
6064055794200175290097,PGD 2305 chưa tồn tại hoặc là PGD chỉ dùng cho mượn chứng từ,2305,Chứng từ Ngân hàng hàng ngày,"Mục đích vốn (nếu có phát sinh bản giấy), Xác nhận người thụ hưởng không có TKNH với (HĐ vay 100 triệu), Chứng từ thu nhập + Năng lực tài chính (khi CIMB yêu cầu)",Giải ngân CIMB,GIAI_NGAN_CIMB,2026-06-14
6061278954700175293444,PGD 2304 chưa tồn tại hoặc là PGD chỉ dùng cho mượn chứng từ,2304,Chứng từ Ngân hàng hàng ngày,"Mục đích vốn (nếu có phát sinh bản giấy), Xác nhận người thụ hưởng không có TKNH với (HĐ vay 100 triệu), Chứng từ thu nhập + Năng lực tài chính (khi CIMB yêu cầu)",Giải ngân CIMB,GIAI_NGAN_CIMB,2026-06-14
6064747522200175256853,PGD 8244 chưa tồn tại hoặc là PGD chỉ dùng cho mượn chứng từ,8244,Chứng từ Ngân hàng hàng ngày,"Mục đích vốn (nếu có phát sinh bản giấy), Xác nhận người thụ hưởng không có TKNH với (HĐ vay 100 triệu), Chứng từ thu nhập + Năng lực tài chính (khi CIMB yêu cầu)",Giải ngân CIMB,GIAI_NGAN_CIMB,2026-06-14
7514769875147698,PGD 1283 chưa tồn tại hoặc là PGD chỉ dùng cho mượn chứng từ,1283,Chứng từ Vận hành hàng ngày,Phiếu thu,Nhận quỹ,,2026-06-14
5090127935375245334,Không map được loại chứng từ: HĐ ký gửi tài sản,7806,Chứng từ Vận hành hàng ngày,HĐ ký gửi tài sản,Đóng HĐCC chủ động,DONG_HDCC_CD,2026-06-14
7514151775141517,PGD 8244 chưa tồn tại hoặc là PGD chỉ dùng cho mượn chứng từ,8244,Chứng từ Vận hành hàng ngày,Phiếu thu,Nhận quỹ,,2026-06-14
7515179275151792,PGD 1288 chưa tồn tại hoặc là PGD chỉ dùng cho mượn chứng từ,1288,Chứng từ Vận hành hàng ngày,"Phiếu chi, Biên lai / Phiếu yêu cầu dịch vụ/ Giấy nộp tiền (theo từng đơn vị chuyển tiền)",Chuyển quỹ,,2026-06-14
6062672064000175274356,PGD 2309 chưa tồn tại hoặc là PGD chỉ dùng cho mượn chứng từ,2309,Chứng từ Ngân hàng hàng ngày,"Mục đích vốn (nếu có phát sinh bản giấy), Xác nhận người thụ hưởng không có TKNH với (HĐ vay 100 triệu), Chứng từ thu nhập + Năng lực tài chính (khi CIMB yêu cầu)",Giải ngân CIMB,GIAI_NGAN_CIMB,2026-06-14
5054388791675220625,Trùng parent_document_code trong nguồn Oracle,3901,Chứng từ Vận hành hàng ngày,"BB tất toán/thanh lý, Phiếu thu đóng hợp đồng, Biên bản chấm dứt thỏa thuận sử dụng TS và hoàn trả TS",Đóng HĐCC nợ xấu chủ động,DONG_HDCC_CDNX,2026-06-14
7515260275152602,PGD 8245 chưa tồn tại hoặc là PGD chỉ dùng cho mượn chứng từ,8245,Chứng từ Vận hành hàng ngày,"Phiếu chi, Biên lai / Phiếu yêu cầu dịch vụ/ Giấy nộp tiền (theo từng đơn vị chuyển tiền)",Chuyển quỹ,,2026-06-14
6056944798575206325,Trùng parent_document_code trong nguồn Oracle,5615,Chứng từ Vận hành hàng ngày,"BB tất toán/thanh lý, Phiếu thu đóng hợp đồng, Biên bản chấm dứt thỏa thuận sử dụng TS và hoàn trả TS",Đóng HĐCC chủ động,DONG_HDCC_CD,2026-06-14
7514548975145489,PGD 6731 chưa tồn tại hoặc là PGD chỉ dùng cho mượn chứng từ,6731,Chứng từ Vận hành hàng ngày,"Phiếu chi, Biên lai / Phiếu yêu cầu dịch vụ/ Giấy nộp tiền (theo từng đơn vị chuyển tiền)",Chuyển quỹ,,2026-06-14
6060932919900175269343,PGD 2302 chưa tồn tại hoặc là PGD chỉ dùng cho mượn chứng từ,2302,Chứng từ Ngân hàng hàng ngày,"Mục đích vốn (nếu có phát sinh bản giấy), Xác nhận người thụ hưởng không có TKNH với (HĐ vay 100 triệu), Chứng từ thu nhập + Năng lực tài chính (khi CIMB yêu cầu)",Giải ngân CIMB,GIAI_NGAN_CIMB,2026-06-14
6066658906400175287963,PGD 5243 chưa tồn tại hoặc là PGD chỉ dùng cho mượn chứng từ,5243,Chứng từ Ngân hàng hàng ngày,"Mục đích vốn (nếu có phát sinh bản giấy), Xác nhận người thụ hưởng không có TKNH với (HĐ vay 100 triệu), Chứng từ thu nhập + Năng lực tài chính (khi CIMB yêu cầu)",Giải ngân CIMB,GIAI_NGAN_CIMB,2026-06-14
5122247335775199477,Trùng parent_document_code trong nguồn Oracle,7760,Chứng từ Vận hành hàng ngày,"Giấy đề nghị, Phiếu chi giải ngân",Đóng HĐCC nợ xấu chủ động,DONG_HDCC_CDNX,2026-06-14
7515334075153340,PGD 1286 chưa tồn tại hoặc là PGD chỉ dùng cho mượn chứng từ,1286,Chứng từ Vận hành hàng ngày,"Phiếu chi, Biên lai / Phiếu yêu cầu dịch vụ/ Giấy nộp tiền (theo từng đơn vị chuyển tiền)",Chuyển quỹ,,2026-06-14
6064242042300175268165,PGD 2302 chưa tồn tại hoặc là PGD chỉ dùng cho mượn chứng từ,2302,Chứng từ Ngân hàng hàng ngày,"Mục đích vốn (nếu có phát sinh bản giấy), Xác nhận người thụ hưởng không có TKNH với (HĐ vay 100 triệu), Chứng từ thu nhập + Năng lực tài chính (khi CIMB yêu cầu)",Giải ngân CIMB,GIAI_NGAN_CIMB,2026-06-14
6065643000600175275497,PGD 2306 chưa tồn tại hoặc là PGD chỉ dùng cho mượn chứng từ,2306,Chứng từ Ngân hàng hàng ngày,"Mục đích vốn (nếu có phát sinh bản giấy), Xác nhận người thụ hưởng không có TKNH với (HĐ vay 100 triệu), Chứng từ thu nhập + Năng lực tài chính (khi CIMB yêu cầu)",Giải ngân CIMB,GIAI_NGAN_CIMB,2026-06-14
6060322727400175291682,PGD 5132 chưa tồn tại hoặc là PGD chỉ dùng cho mượn chứng từ,5132,Chứng từ Ngân hàng hàng ngày,"Mục đích vốn (nếu có phát sinh bản giấy), Xác nhận người thụ hưởng không có TKNH với (HĐ vay 100 triệu), Chứng từ thu nhập + Năng lực tài chính (khi CIMB yêu cầu)",Giải ngân CIMB bằng TM,GIAI_NGAN_CIMB_TM,2026-06-14
7515396675153966,PGD 8244 chưa tồn tại hoặc là PGD chỉ dùng cho mượn chứng từ,8244,Chứng từ Vận hành hàng ngày,"Phiếu chi, Biên lai / Phiếu yêu cầu dịch vụ/ Giấy nộp tiền (theo từng đơn vị chuyển tiền)",Chuyển quỹ,,2026-06-14
6064548444500175264634,PGD 2311 chưa tồn tại hoặc là PGD chỉ dùng cho mượn chứng từ,2311,Chứng từ Ngân hàng hàng ngày,"Mục đích vốn (nếu có phát sinh bản giấy), Xác nhận người thụ hưởng không có TKNH với (HĐ vay 100 triệu), Chứng từ thu nhập + Năng lực tài chính (khi CIMB yêu cầu)",Giải ngân CIMB,GIAI_NGAN_CIMB,2026-06-14
7515381775153817,PGD 1286 chưa tồn tại hoặc là PGD chỉ dùng cho mượn chứng từ,1286,Chứng từ Vận hành hàng ngày,"Phiếu chi, Biên lai / Phiếu yêu cầu dịch vụ/ Giấy nộp tiền (theo từng đơn vị chuyển tiền)",Chuyển quỹ,,2026-06-14
6061883172175192159,PGD 5435 chưa tồn tại hoặc là PGD chỉ dùng cho mượn chứng từ,5435,Chứng từ Vận hành hàng ngày,Giấy đề nghị,Đóng HĐCC chủ động,DONG_HDCC_CD,2026-06-14
5033840609375201247,Không map được loại chứng từ: HĐ ký gửi tài sản,8315,Chứng từ Vận hành hàng ngày,HĐ ký gửi tài sản,Đóng HĐCC chủ động,DONG_HDCC_CD,2026-06-14
7515169875151698,PGD 8244 chưa tồn tại hoặc là PGD chỉ dùng cho mượn chứng từ,8244,Chứng từ Vận hành hàng ngày,"Phiếu chi, Biên lai / Phiếu yêu cầu dịch vụ/ Giấy nộp tiền (theo từng đơn vị chuyển tiền)",Chuyển quỹ,,2026-06-14
6043319916575231261,PGD 7437 chưa tồn tại hoặc là PGD chỉ dùng cho mượn chứng từ,7437,Chứng từ Vận hành hàng ngày,"Giấy đề nghị, Phiếu chi giải ngân, Ủy quyền epay",Đóng HĐCC chủ động,DONG_HDCC_CD,2026-06-14
6063173934500175290035,PGD 4826 chưa tồn tại hoặc là PGD chỉ dùng cho mượn chứng từ,4826,Chứng từ Ngân hàng hàng ngày,"Mục đích vốn (nếu có phát sinh bản giấy), Xác nhận người thụ hưởng không có TKNH với (HĐ vay 100 triệu), Chứng từ thu nhập + Năng lực tài chính (khi CIMB yêu cầu)",Giải ngân CIMB,GIAI_NGAN_CIMB,2026-06-14
6064679390800175275427,PGD 9221 chưa tồn tại hoặc là PGD chỉ dùng cho mượn chứng từ,9221,Chứng từ Ngân hàng hàng ngày,"Mục đích vốn (nếu có phát sinh bản giấy), Xác nhận người thụ hưởng không có TKNH với (HĐ vay 100 triệu), Chứng từ thu nhập + Năng lực tài chính (khi CIMB yêu cầu)",Giải ngân CIMB,GIAI_NGAN_CIMB,2026-06-14
6065035037700175275643,PGD 7827 chưa tồn tại hoặc là PGD chỉ dùng cho mượn chứng từ,7827,Chứng từ Ngân hàng hàng ngày,"Mục đích vốn (nếu có phát sinh bản giấy), Xác nhận người thụ hưởng không có TKNH với (HĐ vay 100 triệu), Chứng từ thu nhập + Năng lực tài chính (khi CIMB yêu cầu)",Giải ngân CIMB,GIAI_NGAN_CIMB,2026-06-14
5108325447475232180,Trùng parent_document_code trong nguồn Oracle,7964,Chứng từ Vận hành hàng ngày,"Giấy đề nghị, Phiếu chi giải ngân",Đóng HĐCC chủ động,DONG_HDCC_CD,2026-06-14
6065566366100175281288,PGD 5552 chưa tồn tại hoặc là PGD chỉ dùng cho mượn chứng từ,5552,Chứng từ Ngân hàng hàng ngày,"Mục đích vốn (nếu có phát sinh bản giấy), Xác nhận người thụ hưởng không có TKNH với (HĐ vay 100 triệu), Chứng từ thu nhập + Năng lực tài chính (khi CIMB yêu cầu)",Giải ngân CIMB,GIAI_NGAN_CIMB,2026-06-14
6060352935400175254859,PGD 2304 chưa tồn tại hoặc là PGD chỉ dùng cho mượn chứng từ,2304,Chứng từ Ngân hàng hàng ngày,"Mục đích vốn (nếu có phát sinh bản giấy), Xác nhận người thụ hưởng không có TKNH với (HĐ vay 100 triệu), Chứng từ thu nhập + Năng lực tài chính (khi CIMB yêu cầu)",Giải ngân CIMB,GIAI_NGAN_CIMB,2026-06-14
6055809661275192284,Trùng parent_document_code trong nguồn Oracle,4808,Chứng từ Vận hành hàng ngày,"BB tất toán/thanh lý, Phiếu thu đóng hợp đồng, Biên bản chấm dứt thỏa thuận sử dụng TS và hoàn trả TS",Đóng HĐCC chủ động,DONG_HDCC_CD,2026-06-14
6065418923000175256189,PGD 2311 chưa tồn tại hoặc là PGD chỉ dùng cho mượn chứng từ,2311,Chứng từ Ngân hàng hàng ngày,"Mục đích vốn (nếu có phát sinh bản giấy), Xác nhận người thụ hưởng không có TKNH với (HĐ vay 100 triệu), Chứng từ thu nhập + Năng lực tài chính (khi CIMB yêu cầu)",Giải ngân CIMB,GIAI_NGAN_CIMB,2026-06-14
6064742252300175256961,PGD 2312 chưa tồn tại hoặc là PGD chỉ dùng cho mượn chứng từ,2312,Chứng từ Ngân hàng hàng ngày,"Mục đích vốn (nếu có phát sinh bản giấy), Xác nhận người thụ hưởng không có TKNH với (HĐ vay 100 triệu), Chứng từ thu nhập + Năng lực tài chính (khi CIMB yêu cầu)",Giải ngân CIMB,GIAI_NGAN_CIMB,2026-06-14
6031741360600275273607,Không map được loại chứng từ: Giấy đề nghị tái tục giấy nhận nợ,9201,Chứng từ Vận hành hàng ngày,Giấy đề nghị tái tục giấy nhận nợ,Đáo hạn,DONG_HD_DH,2026-06-14
6065141919200175260515,PGD 7767 chưa tồn tại hoặc là PGD chỉ dùng cho mượn chứng từ,7767,Chứng từ Ngân hàng hàng ngày,"Mục đích vốn (nếu có phát sinh bản giấy), Xác nhận người thụ hưởng không có TKNH với (HĐ vay 100 triệu), Chứng từ thu nhập + Năng lực tài chính (khi CIMB yêu cầu)",Giải ngân CIMB,GIAI_NGAN_CIMB,2026-06-14
5081345685075226044,Trùng parent_document_code trong nguồn Oracle,4709,Chứng từ Vận hành hàng ngày,"Giấy đề nghị, Phiếu chi giải ngân",Đóng HĐCC chủ động,DONG_HDCC_CD,2026-06-14
5061849723275258142,Không map được loại chứng từ: HĐ ký gửi tài sản,5212,Chứng từ Vận hành hàng ngày,HĐ ký gửi tài sản,Đóng HĐCC chủ động,DONG_HDCC_CD,2026-06-14
5121939917300175290627,Không map được loại chứng từ: Giấy đề nghị tái tục giấy nhận nợ,5733,Chứng từ Vận hành hàng ngày,Giấy đề nghị tái tục giấy nhận nợ,Đáo hạn,DONG_HD_DH,2026-06-14
7514593875145938,PGD 9322 chưa tồn tại hoặc là PGD chỉ dùng cho mượn chứng từ,9322,Chứng từ Vận hành hàng ngày,"Phiếu chi, Biên lai / Phiếu yêu cầu dịch vụ/ Giấy nộp tiền (theo từng đơn vị chuyển tiền)",Chuyển quỹ,,2026-06-14
6068699445500175288379,PGD 1286 chưa tồn tại hoặc là PGD chỉ dùng cho mượn chứng từ,1286,Chứng từ Vận hành hàng ngày,"Phiếu yêu cầu miễn giảm (nếu có), Phiếu yêu cầu miễn giảm (nếu có)",Miễn giảm đóng HĐ,MIEN_GIAM_DONG_HD,2026-06-14
6062205085600175293218,PGD 8025 chưa tồn tại hoặc là PGD chỉ dùng cho mượn chứng từ,8025,Chứng từ Ngân hàng hàng ngày,"Mục đích vốn (nếu có phát sinh bản giấy), Xác nhận người thụ hưởng không có TKNH với (HĐ vay 100 triệu), Chứng từ thu nhập + Năng lực tài chính (khi CIMB yêu cầu)",Giải ngân CIMB,GIAI_NGAN_CIMB,2026-06-14
7514709475147094,PGD 2306 chưa tồn tại hoặc là PGD chỉ dùng cho mượn chứng từ,2306,Chứng từ Vận hành hàng ngày,"Phiếu chi, Biên lai / Phiếu yêu cầu dịch vụ/ Giấy nộp tiền (theo từng đơn vị chuyển tiền)",Chuyển quỹ,,2026-06-14
7514296275142962,PGD 8244 chưa tồn tại hoặc là PGD chỉ dùng cho mượn chứng từ,8244,Chứng từ Vận hành hàng ngày,"Phiếu chi, Biên lai / Phiếu yêu cầu dịch vụ/ Giấy nộp tiền (theo từng đơn vị chuyển tiền)",Chuyển quỹ,,2026-06-14
5055669228775196985,Trùng parent_document_code trong nguồn Oracle,8710,Chứng từ Vận hành hàng ngày,"Giấy đề nghị, Phiếu chi giải ngân, Ủy quyền epay",Đóng HĐCC nợ xấu chủ động,DONG_HDCC_CDNX,2026-06-14
7515217375152173,PGD 4114 chưa tồn tại hoặc là PGD chỉ dùng cho mượn chứng từ,4114,Chứng từ Vận hành hàng ngày,"Phiếu chi, Biên lai / Phiếu yêu cầu dịch vụ/ Giấy nộp tiền (theo từng đơn vị chuyển tiền)",Chuyển quỹ,,2026-06-14
5077549375675191587,Trùng parent_document_code trong nguồn Oracle,7750,Chứng từ Vận hành hàng ngày,"Giấy đề nghị, Phiếu chi giải ngân, Ủy quyền epay",Đóng HĐCC chủ động,DONG_HDCC_CD,2026-06-14
7532935775329357,PGD 4826 chưa tồn tại hoặc là PGD chỉ dùng cho mượn chứng từ,4826,Chứng từ Vận hành hàng ngày,"Phiếu chi, Biên lai / Phiếu yêu cầu dịch vụ/ Giấy nộp tiền (theo từng đơn vị chuyển tiền)",Chuyển quỹ,,2026-06-15
6064719452000175488156,PGD 1278 chưa tồn tại hoặc là PGD chỉ dùng cho mượn chứng từ,1278,Chứng từ Ngân hàng hàng ngày,"Mục đích vốn (nếu có phát sinh bản giấy), Xác nhận người thụ hưởng không có TKNH với (HĐ vay 100 triệu), Chứng từ thu nhập + Năng lực tài chính (khi CIMB yêu cầu)",Giải ngân CIMB,GIAI_NGAN_CIMB,2026-06-15
7533378475333784,PGD 5435 chưa tồn tại hoặc là PGD chỉ dùng cho mượn chứng từ,5435,Chứng từ Vận hành hàng ngày,"Phiếu chi, Biên lai / Phiếu yêu cầu dịch vụ/ Giấy nộp tiền (theo từng đơn vị chuyển tiền)",Chuyển quỹ,,2026-06-15
6034029920775426588,PGD 5435 chưa tồn tại hoặc là PGD chỉ dùng cho mượn chứng từ,5435,Chứng từ Vận hành hàng ngày,"Giấy đề nghị, Phiếu chi giải ngân, Ủy quyền epay",Đóng HĐCC chủ động,DONG_HDCC_CD,2026-06-15
6061955790100175513285,PGD 7827 chưa tồn tại hoặc là PGD chỉ dùng cho mượn chứng từ,7827,Chứng từ Ngân hàng hàng ngày,"Mục đích vốn (nếu có phát sinh bản giấy), Xác nhận người thụ hưởng không có TKNH với (HĐ vay 100 triệu), Chứng từ thu nhập + Năng lực tài chính (khi CIMB yêu cầu)",Giải ngân CIMB,GIAI_NGAN_CIMB,2026-06-15
6060443110400175524908,PGD 2303 chưa tồn tại hoặc là PGD chỉ dùng cho mượn chứng từ,2303,Chứng từ Ngân hàng hàng ngày,"Mục đích vốn (nếu có phát sinh bản giấy), Xác nhận người thụ hưởng không có TKNH với (HĐ vay 100 triệu), Chứng từ thu nhập + Năng lực tài chính (khi CIMB yêu cầu)",Giải ngân CIMB,GIAI_NGAN_CIMB,2026-06-15
7532928775329287,PGD 5435 chưa tồn tại hoặc là PGD chỉ dùng cho mượn chứng từ,5435,Chứng từ Vận hành hàng ngày,"Phiếu chi, Biên lai / Phiếu yêu cầu dịch vụ/ Giấy nộp tiền (theo từng đơn vị chuyển tiền)",Chuyển quỹ,,2026-06-15
2115449276475443287,PGD 1082 chưa tồn tại hoặc là PGD chỉ dùng cho mượn chứng từ,1082,Chứng từ Vận hành hàng ngày,"HDCC, Giấy đề nghị, Phiếu chi giải ngân",Đóng HĐCC nợ xấu chủ động,DONG_HDCC_CDNX,2026-06-15
6016499699575497598,Không map được loại chứng từ: HĐ ký gửi tài sản,7707,Chứng từ Vận hành hàng ngày,HĐ ký gửi tài sản,Đóng HĐCC chủ động,DONG_HDCC_CD,2026-06-15
4060237816900275488797,PGD 4827 chưa tồn tại hoặc là PGD chỉ dùng cho mượn chứng từ,4827,Chứng từ Vận hành hàng ngày,"Phiếu yêu cầu miễn giảm (nếu có), Phiếu yêu cầu miễn giảm (nếu có)",Miễn giảm đóng HĐ,MIEN_GIAM_DONG_HD,2026-06-15
6060025998100175490806,PGD 6219 chưa tồn tại hoặc là PGD chỉ dùng cho mượn chứng từ,6219,Chứng từ Ngân hàng hàng ngày,"Mục đích vốn (nếu có phát sinh bản giấy), Xác nhận người thụ hưởng không có TKNH với (HĐ vay 100 triệu), Chứng từ thu nhập + Năng lực tài chính (khi CIMB yêu cầu)",Giải ngân CIMB,GIAI_NGAN_CIMB,2026-06-15
6064233343200175505422,PGD 5244 chưa tồn tại hoặc là PGD chỉ dùng cho mượn chứng từ,5244,Chứng từ Ngân hàng hàng ngày,"Mục đích vốn (nếu có phát sinh bản giấy), Xác nhận người thụ hưởng không có TKNH với (HĐ vay 100 triệu), Chứng từ thu nhập + Năng lực tài chính (khi CIMB yêu cầu)",Giải ngân CIMB,GIAI_NGAN_CIMB,2026-06-15
7532807975328079,PGD 4826 chưa tồn tại hoặc là PGD chỉ dùng cho mượn chứng từ,4826,Chứng từ Vận hành hàng ngày,"Phiếu chi, Biên lai / Phiếu yêu cầu dịch vụ/ Giấy nộp tiền (theo từng đơn vị chuyển tiền)",Chuyển quỹ,,2026-06-15
6062953539600175483096,PGD 5243 chưa tồn tại hoặc là PGD chỉ dùng cho mượn chứng từ,5243,Chứng từ Ngân hàng hàng ngày,"Mục đích vốn (nếu có phát sinh bản giấy), Xác nhận người thụ hưởng không có TKNH với (HĐ vay 100 triệu), Chứng từ thu nhập + Năng lực tài chính (khi CIMB yêu cầu)",Giải ngân CIMB,GIAI_NGAN_CIMB,2026-06-15
6065654905200175476920,PGD 4114 chưa tồn tại hoặc là PGD chỉ dùng cho mượn chứng từ,4114,Chứng từ Ngân hàng hàng ngày,"Mục đích vốn (nếu có phát sinh bản giấy), Xác nhận người thụ hưởng không có TKNH với (HĐ vay 100 triệu), Chứng từ thu nhập + Năng lực tài chính (khi CIMB yêu cầu)",Giải ngân CIMB,GIAI_NGAN_CIMB,2026-06-15
6025754197175434870,PGD 6219 chưa tồn tại hoặc là PGD chỉ dùng cho mượn chứng từ,6219,Chứng từ Vận hành hàng ngày,"Giấy đề nghị, Phiếu chi giải ngân, Ủy quyền epay",Đóng HĐCC chủ động,DONG_HDCC_CD,2026-06-15
6065792461900175475026,PGD 8025 chưa tồn tại hoặc là PGD chỉ dùng cho mượn chứng từ,8025,Chứng từ Ngân hàng hàng ngày,"Mục đích vốn (nếu có phát sinh bản giấy), Xác nhận người thụ hưởng không có TKNH với (HĐ vay 100 triệu), Chứng từ thu nhập + Năng lực tài chính (khi CIMB yêu cầu)",Giải ngân CIMB,GIAI_NGAN_CIMB,2026-06-15
7533325275333252,PGD 2310 chưa tồn tại hoặc là PGD chỉ dùng cho mượn chứng từ,2310,Chứng từ Vận hành hàng ngày,"Phiếu chi, Biên lai / Phiếu yêu cầu dịch vụ/ Giấy nộp tiền (theo từng đơn vị chuyển tiền)",Chuyển quỹ,,2026-06-15
6065872592400175513914,PGD 1283 chưa tồn tại hoặc là PGD chỉ dùng cho mượn chứng từ,1283,Chứng từ Ngân hàng hàng ngày,"Mục đích vốn (nếu có phát sinh bản giấy), Xác nhận người thụ hưởng không có TKNH với (HĐ vay 100 triệu), Chứng từ thu nhập + Năng lực tài chính (khi CIMB yêu cầu)",Giải ngân CIMB,GIAI_NGAN_CIMB,2026-06-15
6054219104575410069,PGD 5132 chưa tồn tại hoặc là PGD chỉ dùng cho mượn chứng từ,5132,Chứng từ Vận hành hàng ngày,"Giấy đề nghị, Phiếu chi giải ngân",Đóng HĐCC chủ động,DONG_HDCC_CD,2026-06-15
6068995322500175495644,PGD 8244 chưa tồn tại hoặc là PGD chỉ dùng cho mượn chứng từ,8244,Chứng từ Ngân hàng hàng ngày,"Mục đích vốn (nếu có phát sinh bản giấy), Xác nhận người thụ hưởng không có TKNH với (HĐ vay 100 triệu), Chứng từ thu nhập + Năng lực tài chính (khi CIMB yêu cầu)",Giải ngân CIMB,GIAI_NGAN_CIMB,2026-06-15
4060237816900375488796,PGD 4827 chưa tồn tại hoặc là PGD chỉ dùng cho mượn chứng từ,4827,Chứng từ Vận hành hàng ngày,"Phiếu yêu cầu miễn giảm (nếu có), Phiếu yêu cầu miễn giảm (nếu có)",Miễn giảm đóng HĐ,MIEN_GIAM_DONG_HD,2026-06-15
6065122032800175523940,PGD 2307 chưa tồn tại hoặc là PGD chỉ dùng cho mượn chứng từ,2307,Chứng từ Ngân hàng hàng ngày,"Mục đích vốn (nếu có phát sinh bản giấy), Xác nhận người thụ hưởng không có TKNH với (HĐ vay 100 triệu), Chứng từ thu nhập + Năng lực tài chính (khi CIMB yêu cầu)",Giải ngân CIMB,GIAI_NGAN_CIMB,2026-06-15
7532685175326851,PGD 7436 chưa tồn tại hoặc là PGD chỉ dùng cho mượn chứng từ,7436,Chứng từ Vận hành hàng ngày,"Phiếu chi, Hóa đơn (nếu có)",Điện,,2026-06-15
5106842672575473469,Không map được loại chứng từ: HĐ ký gửi tài sản,7632,Chứng từ Vận hành hàng ngày,HĐ ký gửi tài sản,Đóng HĐCC chủ động,DONG_HDCC_CD,2026-06-15
6064398230900175496181,PGD 2310 chưa tồn tại hoặc là PGD chỉ dùng cho mượn chứng từ,2310,Chứng từ Ngân hàng hàng ngày,"Mục đích vốn (nếu có phát sinh bản giấy), Xác nhận người thụ hưởng không có TKNH với (HĐ vay 100 triệu), Chứng từ thu nhập + Năng lực tài chính (khi CIMB yêu cầu)",Giải ngân CIMB,GIAI_NGAN_CIMB,2026-06-15
6033847711175456358,PGD 6219 chưa tồn tại hoặc là PGD chỉ dùng cho mượn chứng từ,6219,Chứng từ Vận hành hàng ngày,"Giấy đề nghị, Phiếu chi giải ngân, Ủy quyền epay",Đóng HĐCC chủ động,DONG_HDCC_CD,2026-06-15
6053322317475466790,PGD 2302 chưa tồn tại hoặc là PGD chỉ dùng cho mượn chứng từ,2302,Chứng từ Vận hành hàng ngày,"BB tất toán/thanh lý, Phiếu thu đóng hợp đồng, Biên bản chấm dứt thỏa thuận sử dụng TS và hoàn trả TS, Giấy đề nghị",Đóng HĐCC chủ động,DONG_HDCC_CD,2026-06-15
7533072175330721,PGD 5243 chưa tồn tại hoặc là PGD chỉ dùng cho mượn chứng từ,5243,Chứng từ Vận hành hàng ngày,"Phiếu chi, Biên lai / Phiếu yêu cầu dịch vụ/ Giấy nộp tiền (theo từng đơn vị chuyển tiền)",Chuyển quỹ,,2026-06-15
5119213861575400834,Không map được loại chứng từ: HĐ ký gửi tài sản,9117,Chứng từ Vận hành hàng ngày,HĐ ký gửi tài sản,Đóng HĐCC chủ động,DONG_HDCC_CD,2026-06-15
6068466560500175501777,PGD 2304 chưa tồn tại hoặc là PGD chỉ dùng cho mượn chứng từ,2304,Chứng từ Vận hành hàng ngày,"Phiếu yêu cầu miễn giảm (nếu có), Phiếu yêu cầu miễn giảm (nếu có)",Miễn giảm đóng HĐ,MIEN_GIAM_DONG_HD,2026-06-15
6025754197175434986,PGD 6219 chưa tồn tại hoặc là PGD chỉ dùng cho mượn chứng từ,6219,Chứng từ Vận hành hàng ngày,Giấy đề nghị,Đóng HĐCC chủ động,DONG_HDCC_CD,2026-06-15
5106842672575473607,Không map được loại chứng từ: HĐ ký gửi tài sản,7632,Chứng từ Vận hành hàng ngày,HĐ ký gửi tài sản,Đóng HĐCC chủ động,DONG_HDCC_CD,2026-06-15
6061623711500175477707,PGD 2313 chưa tồn tại hoặc là PGD chỉ dùng cho mượn chứng từ,2313,Chứng từ Ngân hàng hàng ngày,"Mục đích vốn (nếu có phát sinh bản giấy), Xác nhận người thụ hưởng không có TKNH với (HĐ vay 100 triệu), Chứng từ thu nhập + Năng lực tài chính (khi CIMB yêu cầu)",Giải ngân CIMB,GIAI_NGAN_CIMB,2026-06-15
6068756526175485555,PGD 4826 chưa tồn tại hoặc là PGD chỉ dùng cho mượn chứng từ,4826,Chứng từ Vận hành hàng ngày,"Giấy đề nghị, Phiếu chi giải ngân, Ủy quyền epay",Đóng HĐCC chủ động,DONG_HDCC_CD,2026-06-15
6067609249475467847,PGD 8516 chưa tồn tại hoặc là PGD chỉ dùng cho mượn chứng từ,8516,Chứng từ Vận hành hàng ngày,"Giấy đề nghị, Phiếu chi giải ngân, Ủy quyền epay",Đóng HĐCC chủ động,DONG_HDCC_CD,2026-06-15
7531957875319578,PGD 2308 chưa tồn tại hoặc là PGD chỉ dùng cho mượn chứng từ,2308,Chứng từ Vận hành hàng ngày,"Phiếu chi, Biên lai / Phiếu yêu cầu dịch vụ/ Giấy nộp tiền (theo từng đơn vị chuyển tiền)",Chuyển quỹ,,2026-06-15
6016499699575497572,Không map được loại chứng từ: HĐ ký gửi tài sản,7707,Chứng từ Vận hành hàng ngày,HĐ ký gửi tài sản,Đóng HĐCC chủ động,DONG_HDCC_CD,2026-06-15
4060237816900475488795,PGD 4827 chưa tồn tại hoặc là PGD chỉ dùng cho mượn chứng từ,4827,Chứng từ Vận hành hàng ngày,"Phiếu yêu cầu miễn giảm (nếu có), Phiếu yêu cầu miễn giảm (nếu có)",Miễn giảm đóng HĐ,MIEN_GIAM_DONG_HD,2026-06-15
7533352975333529,PGD 1286 chưa tồn tại hoặc là PGD chỉ dùng cho mượn chứng từ,1286,Chứng từ Vận hành hàng ngày,"Phiếu chi, Biên lai / Phiếu yêu cầu dịch vụ/ Giấy nộp tiền (theo từng đơn vị chuyển tiền)",Chuyển quỹ,,2026-06-15
6064315429000175490102,PGD 2307 chưa tồn tại hoặc là PGD chỉ dùng cho mượn chứng từ,2307,Chứng từ Ngân hàng hàng ngày,"Mục đích vốn (nếu có phát sinh bản giấy), Xác nhận người thụ hưởng không có TKNH với (HĐ vay 100 triệu), Chứng từ thu nhập + Năng lực tài chính (khi CIMB yêu cầu)",Giải ngân CIMB,GIAI_NGAN_CIMB,2026-06-15
5064880167275413257,Trùng parent_document_code trong nguồn Oracle,3408,Chứng từ Vận hành hàng ngày,"BB tất toán/thanh lý, Phiếu thu đóng hợp đồng, Biên bản chấm dứt thỏa thuận sử dụng TS và hoàn trả TS",Đóng HĐCC nợ xấu chủ động,DONG_HDCC_CDNX,2026-06-15
5028416372975460923,Không map được loại chứng từ: HĐ ký gửi tài sản,1058,Chứng từ Vận hành hàng ngày,HĐ ký gửi tài sản,Đóng HĐCC chủ động,DONG_HDCC_CD,2026-06-15
4060237816900475488799,PGD 4827 chưa tồn tại hoặc là PGD chỉ dùng cho mượn chứng từ,4827,Chứng từ Vận hành hàng ngày,Phiếu thu đóng hợp đồng,Đóng hợp đồng nợ xấu chủ động,DONG_HD_CDNX,2026-06-15
5098037049575489384,Không map được loại chứng từ: HĐ ký gửi tài sản,7965,Chứng từ Vận hành hàng ngày,HĐ ký gửi tài sản,Đóng HĐCC chủ động,DONG_HDCC_CD,2026-06-15
6064052454200175482953,PGD 5552 chưa tồn tại hoặc là PGD chỉ dùng cho mượn chứng từ,5552,Chứng từ Ngân hàng hàng ngày,"Mục đích vốn (nếu có phát sinh bản giấy), Xác nhận người thụ hưởng không có TKNH với (HĐ vay 100 triệu), Chứng từ thu nhập + Năng lực tài chính (khi CIMB yêu cầu)",Giải ngân CIMB,GIAI_NGAN_CIMB,2026-06-15
5096200991675501175,Không map được loại chứng từ: HĐ ký gửi tài sản,2015,Chứng từ Vận hành hàng ngày,HĐ ký gửi tài sản,Đóng HĐCC chủ động,DONG_HDCC_CD,2026-06-15
6053322317475466606,PGD 2302 chưa tồn tại hoặc là PGD chỉ dùng cho mượn chứng từ,2302,Chứng từ Vận hành hàng ngày,"Giấy đề nghị, Phiếu chi giải ngân, Ủy quyền epay",Đóng HĐCC chủ động,DONG_HDCC_CD,2026-06-15
6068466560500175501779,PGD 2304 chưa tồn tại hoặc là PGD chỉ dùng cho mượn chứng từ,2304,Chứng từ Vận hành hàng ngày,Phiếu thu đóng hợp đồng,Đóng hợp đồng chủ động,DONG_HD_CD,2026-06-15
7532875875328758,PGD 1283 chưa tồn tại hoặc là PGD chỉ dùng cho mượn chứng từ,1283,Chứng từ Vận hành hàng ngày,"Phiếu chi, Biên lai / Phiếu yêu cầu dịch vụ/ Giấy nộp tiền (theo từng đơn vị chuyển tiền)",Chuyển quỹ,,2026-06-15
6063889068200175487401,PGD 7436 chưa tồn tại hoặc là PGD chỉ dùng cho mượn chứng từ,7436,Chứng từ Ngân hàng hàng ngày,"Mục đích vốn (nếu có phát sinh bản giấy), Xác nhận người thụ hưởng không có TKNH với (HĐ vay 100 triệu), Chứng từ thu nhập + Năng lực tài chính (khi CIMB yêu cầu)",Giải ngân CIMB,GIAI_NGAN_CIMB,2026-06-15
6068365813100175502437,PGD 8245 chưa tồn tại hoặc là PGD chỉ dùng cho mượn chứng từ,8245,Chứng từ Ngân hàng hàng ngày,"Mục đích vốn (nếu có phát sinh bản giấy), Xác nhận người thụ hưởng không có TKNH với (HĐ vay 100 triệu), Chứng từ thu nhập + Năng lực tài chính (khi CIMB yêu cầu)",Giải ngân CIMB,GIAI_NGAN_CIMB,2026-06-15
5115596399175434040,Trùng parent_document_code trong nguồn Oracle,9104,Chứng từ Vận hành hàng ngày,"BB tất toán/thanh lý, Phiếu thu đóng hợp đồng, Biên bản chấm dứt thỏa thuận sử dụng TS và hoàn trả TS",Đóng HĐCC nợ xấu chủ động,DONG_HDCC_CDNX,2026-06-15
6066921945100175515512,PGD 2311 chưa tồn tại hoặc là PGD chỉ dùng cho mượn chứng từ,2311,Chứng từ Ngân hàng hàng ngày,"Mục đích vốn (nếu có phát sinh bản giấy), Xác nhận người thụ hưởng không có TKNH với (HĐ vay 100 triệu), Chứng từ thu nhập + Năng lực tài chính (khi CIMB yêu cầu)",Giải ngân CIMB,GIAI_NGAN_CIMB,2026-06-15
6053322317400175502773,PGD 2302 chưa tồn tại hoặc là PGD chỉ dùng cho mượn chứng từ,2302,Chứng từ Vận hành hàng ngày,Phiếu thu đóng hợp đồng,Đóng hợp đồng chủ động,DONG_HD_CD,2026-06-15
6060759827500175503022,PGD 2304 chưa tồn tại hoặc là PGD chỉ dùng cho mượn chứng từ,2304,Chứng từ Ngân hàng hàng ngày,"Mục đích vốn (nếu có phát sinh bản giấy), Xác nhận người thụ hưởng không có TKNH với (HĐ vay 100 triệu), Chứng từ thu nhập + Năng lực tài chính (khi CIMB yêu cầu)",Giải ngân CIMB,GIAI_NGAN_CIMB,2026-06-15
6061680395000175477275,PGD 7827 chưa tồn tại hoặc là PGD chỉ dùng cho mượn chứng từ,7827,Chứng từ Ngân hàng hàng ngày,"Mục đích vốn (nếu có phát sinh bản giấy), Xác nhận người thụ hưởng không có TKNH với (HĐ vay 100 triệu), Chứng từ thu nhập + Năng lực tài chính (khi CIMB yêu cầu)",Giải ngân CIMB,GIAI_NGAN_CIMB,2026-06-15
4060237816900275488803,PGD 4827 chưa tồn tại hoặc là PGD chỉ dùng cho mượn chứng từ,4827,Chứng từ Vận hành hàng ngày,Phiếu thu đóng hợp đồng,Đóng hợp đồng nợ xấu chủ động,DONG_HD_CDNX,2026-06-15
7532633175326331,PGD 2311 chưa tồn tại hoặc là PGD chỉ dùng cho mượn chứng từ,2311,Chứng từ Vận hành hàng ngày,"Phiếu chi, Hóa đơn (nếu có)",Điện,,2026-06-15
7532644675326446,PGD 2307 chưa tồn tại hoặc là PGD chỉ dùng cho mượn chứng từ,2307,Chứng từ Vận hành hàng ngày,"Phiếu chi, Biên lai / Phiếu yêu cầu dịch vụ/ Giấy nộp tiền (theo từng đơn vị chuyển tiền)",Chuyển quỹ,,2026-06-15
6065251785800175494801,PGD 7767 chưa tồn tại hoặc là PGD chỉ dùng cho mượn chứng từ,7767,Chứng từ Ngân hàng hàng ngày,"Mục đích vốn (nếu có phát sinh bản giấy), Xác nhận người thụ hưởng không có TKNH với (HĐ vay 100 triệu), Chứng từ thu nhập + Năng lực tài chính (khi CIMB yêu cầu)",Giải ngân CIMB,GIAI_NGAN_CIMB,2026-06-15
7533118875331188,PGD 8631 chưa tồn tại hoặc là PGD chỉ dùng cho mượn chứng từ,8631,Chứng từ Vận hành hàng ngày,"Phiếu chi, Biên lai / Phiếu yêu cầu dịch vụ/ Giấy nộp tiền (theo từng đơn vị chuyển tiền)",Chuyển quỹ,,2026-06-15
6063785842000175503737,PGD 5738 chưa tồn tại hoặc là PGD chỉ dùng cho mượn chứng từ,5738,Chứng từ Ngân hàng hàng ngày,"Mục đích vốn (nếu có phát sinh bản giấy), Xác nhận người thụ hưởng không có TKNH với (HĐ vay 100 triệu), Chứng từ thu nhập + Năng lực tài chính (khi CIMB yêu cầu)",Giải ngân CIMB,GIAI_NGAN_CIMB,2026-06-15
6062746978900175503314,PGD 4826 chưa tồn tại hoặc là PGD chỉ dùng cho mượn chứng từ,4826,Chứng từ Ngân hàng hàng ngày,"Mục đích vốn (nếu có phát sinh bản giấy), Xác nhận người thụ hưởng không có TKNH với (HĐ vay 100 triệu), Chứng từ thu nhập + Năng lực tài chính (khi CIMB yêu cầu)",Giải ngân CIMB,GIAI_NGAN_CIMB,2026-06-15
6067319521300175500685,PGD 8631 chưa tồn tại hoặc là PGD chỉ dùng cho mượn chứng từ,8631,Chứng từ Ngân hàng hàng ngày,"Mục đích vốn (nếu có phát sinh bản giấy), Xác nhận người thụ hưởng không có TKNH với (HĐ vay 100 triệu), Chứng từ thu nhập + Năng lực tài chính (khi CIMB yêu cầu)",Giải ngân CIMB,GIAI_NGAN_CIMB,2026-06-15
6061185960300175522795,PGD 7827 chưa tồn tại hoặc là PGD chỉ dùng cho mượn chứng từ,7827,Chứng từ Ngân hàng hàng ngày,"Mục đích vốn (nếu có phát sinh bản giấy), Xác nhận người thụ hưởng không có TKNH với (HĐ vay 100 triệu), Chứng từ thu nhập + Năng lực tài chính (khi CIMB yêu cầu)",Giải ngân CIMB,GIAI_NGAN_CIMB,2026-06-15
5119213861575400949,Không map được loại chứng từ: HĐ ký gửi tài sản,9117,Chứng từ Vận hành hàng ngày,HĐ ký gửi tài sản,Đóng HĐCC chủ động,DONG_HDCC_CD,2026-06-15
7533231275332312,PGD 1286 chưa tồn tại hoặc là PGD chỉ dùng cho mượn chứng từ,1286,Chứng từ Vận hành hàng ngày,"Phiếu chi, Biên lai / Phiếu yêu cầu dịch vụ/ Giấy nộp tiền (theo từng đơn vị chuyển tiền)",Chuyển quỹ,,2026-06-15
5089908598475463611,Trùng parent_document_code trong nguồn Oracle,8514,Chứng từ Vận hành hàng ngày,"Giấy đề nghị, Phiếu chi giải ngân, Ủy quyền epay",Đóng HĐCC nợ xấu chủ động,DONG_HDCC_CDNX,2026-06-15
6068989288300175490353,PGD 2308 chưa tồn tại hoặc là PGD chỉ dùng cho mượn chứng từ,2308,Chứng từ Ngân hàng hàng ngày,"Mục đích vốn (nếu có phát sinh bản giấy), Xác nhận người thụ hưởng không có TKNH với (HĐ vay 100 triệu), Chứng từ thu nhập + Năng lực tài chính (khi CIMB yêu cầu)",Giải ngân CIMB,GIAI_NGAN_CIMB,2026-06-15
6065391629300175491231,PGD 8136 chưa tồn tại hoặc là PGD chỉ dùng cho mượn chứng từ,8136,Chứng từ Ngân hàng hàng ngày,"Mục đích vốn (nếu có phát sinh bản giấy), Xác nhận người thụ hưởng không có TKNH với (HĐ vay 100 triệu), Chứng từ thu nhập + Năng lực tài chính (khi CIMB yêu cầu)",Giải ngân CIMB,GIAI_NGAN_CIMB,2026-06-15
6048271948375480020,Trùng parent_document_code trong nguồn Oracle,4802,Chứng từ Vận hành hàng ngày,"BB tất toán/thanh lý, Phiếu thu đóng hợp đồng, Biên bản chấm dứt thỏa thuận sử dụng TS và hoàn trả TS",Đóng HĐCC chủ động,DONG_HDCC_CD,2026-06-15
7533150375331503,PGD 7827 chưa tồn tại hoặc là PGD chỉ dùng cho mượn chứng từ,7827,Chứng từ Vận hành hàng ngày,"Phiếu chi, Biên lai / Phiếu yêu cầu dịch vụ/ Giấy nộp tiền (theo từng đơn vị chuyển tiền)",Chuyển quỹ,,2026-06-15
7533477075334770,PGD 6219 chưa tồn tại hoặc là PGD chỉ dùng cho mượn chứng từ,6219,Chứng từ Vận hành hàng ngày,"Phiếu chi, Biên lai / Phiếu yêu cầu dịch vụ/ Giấy nộp tiền (theo từng đơn vị chuyển tiền)",Chuyển quỹ,,2026-06-15
6033847711175456483,PGD 6219 chưa tồn tại hoặc là PGD chỉ dùng cho mượn chứng từ,6219,Chứng từ Vận hành hàng ngày,Giấy đề nghị,Đóng HĐCC chủ động,DONG_HDCC_CD,2026-06-15
5045578003075471909,Trùng parent_document_code trong nguồn Oracle,7753,Chứng từ Vận hành hàng ngày,"Giấy đề nghị, Phiếu chi giải ngân",Đóng HĐCC nợ xấu chủ động,DONG_HDCC_CDNX,2026-06-15
6040327194475486799,Trùng parent_document_code trong nguồn Oracle,4906,Chứng từ Vận hành hàng ngày,"Giấy đề nghị, Phiếu chi giải ngân",Đóng HĐCC chủ động,DONG_HDCC_CD,2026-06-15
5107815619375440138,Trùng parent_document_code trong nguồn Oracle,9108,Chứng từ Vận hành hàng ngày,"BB tất toán/thanh lý, Phiếu thu đóng hợp đồng, Biên bản chấm dứt thỏa thuận sử dụng TS và hoàn trả TS",Đóng HĐCC nợ xấu chủ động,DONG_HDCC_CDNX,2026-06-15
7532802375328023,PGD 2308 chưa tồn tại hoặc là PGD chỉ dùng cho mượn chứng từ,2308,Chứng từ Vận hành hàng ngày,"Phiếu chi, Biên lai / Phiếu yêu cầu dịch vụ/ Giấy nộp tiền (theo từng đơn vị chuyển tiền)",Chuyển quỹ,,2026-06-15
6051178307675412276,PGD 5243 chưa tồn tại hoặc là PGD chỉ dùng cho mượn chứng từ,5243,Chứng từ Vận hành hàng ngày,"Giấy đề nghị, Phiếu chi giải ngân, Ủy quyền epay",Đóng HĐCC chủ động,DONG_HDCC_CD,2026-06-15
6068466560575463231,PGD 2304 chưa tồn tại hoặc là PGD chỉ dùng cho mượn chứng từ,2304,Chứng từ Vận hành hàng ngày,"BB tất toán/thanh lý, Phiếu thu đóng hợp đồng, Biên bản chấm dứt thỏa thuận sử dụng TS và hoàn trả TS, Giấy đề nghị",Đóng HĐCC chủ động,DONG_HDCC_CD,2026-06-15
4052844223075509146,Không map được loại chứng từ: Giấy đề nghị tái tục giấy nhận nợ,8901,Chứng từ Vận hành hàng ngày,Giấy đề nghị tái tục giấy nhận nợ,Đáo hạn,DONG_HD_DH,2026-06-15
6067609249475467876,PGD 8516 chưa tồn tại hoặc là PGD chỉ dùng cho mượn chứng từ,8516,Chứng từ Vận hành hàng ngày,Giấy đề nghị,Đóng HĐCC chủ động,DONG_HDCC_CD,2026-06-15
5098037049575489518,Không map được loại chứng từ: HĐ ký gửi tài sản,7965,Chứng từ Vận hành hàng ngày,HĐ ký gửi tài sản,Đóng HĐCC chủ động,DONG_HDCC_CD,2026-06-15
6063155473900175470572,PGD 2303 chưa tồn tại hoặc là PGD chỉ dùng cho mượn chứng từ,2303,Chứng từ Ngân hàng hàng ngày,"Mục đích vốn (nếu có phát sinh bản giấy), Xác nhận người thụ hưởng không có TKNH với (HĐ vay 100 triệu), Chứng từ thu nhập + Năng lực tài chính (khi CIMB yêu cầu)",Giải ngân CIMB,GIAI_NGAN_CIMB,2026-06-15
5096200991675501239,Không map được loại chứng từ: HĐ ký gửi tài sản,2015,Chứng từ Vận hành hàng ngày,HĐ ký gửi tài sản,Đóng HĐCC chủ động,DONG_HDCC_CD,2026-06-15
6064591200900175482519,PGD 9322 chưa tồn tại hoặc là PGD chỉ dùng cho mượn chứng từ,9322,Chứng từ Ngân hàng hàng ngày,"Mục đích vốn (nếu có phát sinh bản giấy), Xác nhận người thụ hưởng không có TKNH với (HĐ vay 100 triệu), Chứng từ thu nhập + Năng lực tài chính (khi CIMB yêu cầu)",Giải ngân CIMB,GIAI_NGAN_CIMB,2026-06-15
7533029775330297,PGD 8135 chưa tồn tại hoặc là PGD chỉ dùng cho mượn chứng từ,8135,Chứng từ Vận hành hàng ngày,"Phiếu chi, Biên lai / Phiếu yêu cầu dịch vụ/ Giấy nộp tiền (theo từng đơn vị chuyển tiền)",Chuyển quỹ,,2026-06-15
6012636499075433480,PGD 9221 chưa tồn tại hoặc là PGD chỉ dùng cho mượn chứng từ,9221,Chứng từ Vận hành hàng ngày,Giấy đề nghị,Đóng HĐCC chủ động,DONG_HDCC_CD,2026-06-15
6066470971200175484418,PGD 2310 chưa tồn tại hoặc là PGD chỉ dùng cho mượn chứng từ,2310,Chứng từ Ngân hàng hàng ngày,"Mục đích vốn (nếu có phát sinh bản giấy), Xác nhận người thụ hưởng không có TKNH với (HĐ vay 100 triệu), Chứng từ thu nhập + Năng lực tài chính (khi CIMB yêu cầu)",Giải ngân CIMB,GIAI_NGAN_CIMB,2026-06-15
7532197675321976,PGD 4114 chưa tồn tại hoặc là PGD chỉ dùng cho mượn chứng từ,4114,Chứng từ Vận hành hàng ngày,"Phiếu chi, Biên lai / Phiếu yêu cầu dịch vụ/ Giấy nộp tiền (theo từng đơn vị chuyển tiền)",Chuyển quỹ,,2026-06-15
6068466560575463207,PGD 2304 chưa tồn tại hoặc là PGD chỉ dùng cho mượn chứng từ,2304,Chứng từ Vận hành hàng ngày,"Giấy đề nghị, Phiếu chi giải ngân, Ủy quyền epay",Đóng HĐCC chủ động,DONG_HDCC_CD,2026-06-15
211749399875484240,Trùng parent_document_code trong nguồn Oracle,1070,Chứng từ Vận hành hàng ngày,"HDCC, Giấy đề nghị, Phiếu chi giải ngân",Đóng HĐCC nợ xấu chủ động,DONG_HDCC_CDNX,2026-06-15
7533141975331419,PGD 8631 chưa tồn tại hoặc là PGD chỉ dùng cho mượn chứng từ,8631,Chứng từ Vận hành hàng ngày,"Phiếu chi, Biên lai / Phiếu yêu cầu dịch vụ/ Giấy nộp tiền (theo từng đơn vị chuyển tiền)",Chuyển quỹ,,2026-06-15
7533199975331999,PGD 6731 chưa tồn tại hoặc là PGD chỉ dùng cho mượn chứng từ,6731,Chứng từ Vận hành hàng ngày,"Phiếu chi, Biên lai / Phiếu yêu cầu dịch vụ/ Giấy nộp tiền (theo từng đơn vị chuyển tiền)",Chuyển quỹ,,2026-06-15
4060237816900375488801,PGD 4827 chưa tồn tại hoặc là PGD chỉ dùng cho mượn chứng từ,4827,Chứng từ Vận hành hàng ngày,Phiếu thu đóng hợp đồng,Đóng hợp đồng nợ xấu chủ động,DONG_HD_CDNX,2026-06-15
6063377748800175496043,PGD 5132 chưa tồn tại hoặc là PGD chỉ dùng cho mượn chứng từ,5132,Chứng từ Ngân hàng hàng ngày,"Mục đích vốn (nếu có phát sinh bản giấy), Xác nhận người thụ hưởng không có TKNH với (HĐ vay 100 triệu), Chứng từ thu nhập + Năng lực tài chính (khi CIMB yêu cầu)",Giải ngân CIMB,GIAI_NGAN_CIMB,2026-06-15
2115449276475443287,Trùng parent_document_code trong nguồn Oracle,6321,Chứng từ Vận hành hàng ngày,"BB tất toán/thanh lý, Phiếu thu đóng hợp đồng",Đóng HĐCC nợ xấu chủ động,DONG_HDCC_CDNX,2026-06-15
6024276831100175486849,Không map được loại chứng từ: Giấy đề nghị tái tục giấy nhận nợ,9201,Chứng từ Vận hành hàng ngày,Giấy đề nghị tái tục giấy nhận nợ,Đáo hạn,DONG_HD_DH,2026-06-15
7533498675334986,PGD 5132 chưa tồn tại hoặc là PGD chỉ dùng cho mượn chứng từ,5132,Chứng từ Vận hành hàng ngày,"Phiếu chi, Biên lai / Phiếu yêu cầu dịch vụ/ Giấy nộp tiền (theo từng đơn vị chuyển tiền)",Chuyển quỹ,,2026-06-15
5122594043575398151,PGD 1278 chưa tồn tại hoặc là PGD chỉ dùng cho mượn chứng từ,1278,Chứng từ Vận hành hàng ngày,"Giấy đề nghị, Bản cam kết TS riêng, Phiếu chi giải ngân, HĐUQ bản F88 in",Đóng HĐCC chủ động,DONG_HDCC_CD,2026-06-15
6069747569400175482441,PGD 7767 chưa tồn tại hoặc là PGD chỉ dùng cho mượn chứng từ,7767,Chứng từ Ngân hàng hàng ngày,"Mục đích vốn (nếu có phát sinh bản giấy), Xác nhận người thụ hưởng không có TKNH với (HĐ vay 100 triệu), Chứng từ thu nhập + Năng lực tài chính (khi CIMB yêu cầu)",Giải ngân CIMB,GIAI_NGAN_CIMB,2026-06-15
6069495395100175501479,PGD 5738 chưa tồn tại hoặc là PGD chỉ dùng cho mượn chứng từ,5738,Chứng từ Ngân hàng hàng ngày,"Mục đích vốn (nếu có phát sinh bản giấy), Xác nhận người thụ hưởng không có TKNH với (HĐ vay 100 triệu), Chứng từ thu nhập + Năng lực tài chính (khi CIMB yêu cầu)",Giải ngân CIMB,GIAI_NGAN_CIMB,2026-06-15
6061694449475482087,Trùng parent_document_code trong nguồn Oracle,5615,Chứng từ Vận hành hàng ngày,"BB tất toán/thanh lý, Phiếu thu đóng hợp đồng, Biên bản chấm dứt thỏa thuận sử dụng TS và hoàn trả TS",Đóng HĐCC chủ động,DONG_HDCC_CD,2026-06-15
6061778257100175486927,PGD 2312 chưa tồn tại hoặc là PGD chỉ dùng cho mượn chứng từ,2312,Chứng từ Ngân hàng hàng ngày,"Mục đích vốn (nếu có phát sinh bản giấy), Xác nhận người thụ hưởng không có TKNH với (HĐ vay 100 triệu), Chứng từ thu nhập + Năng lực tài chính (khi CIMB yêu cầu)",Giải ngân CIMB,GIAI_NGAN_CIMB,2026-06-15
6067608166500175485372,PGD 2308 chưa tồn tại hoặc là PGD chỉ dùng cho mượn chứng từ,2308,Chứng từ Ngân hàng hàng ngày,"Mục đích vốn (nếu có phát sinh bản giấy), Xác nhận người thụ hưởng không có TKNH với (HĐ vay 100 triệu), Chứng từ thu nhập + Năng lực tài chính (khi CIMB yêu cầu)",Giải ngân CIMB,GIAI_NGAN_CIMB,2026-06-15
6068756526175485675,PGD 4826 chưa tồn tại hoặc là PGD chỉ dùng cho mượn chứng từ,4826,Chứng từ Vận hành hàng ngày,Giấy đề nghị,Đóng HĐCC chủ động,DONG_HDCC_CD,2026-06-15
6065362793600175481386,PGD 4826 chưa tồn tại hoặc là PGD chỉ dùng cho mượn chứng từ,4826,Chứng từ Ngân hàng hàng ngày,"Mục đích vốn (nếu có phát sinh bản giấy), Xác nhận người thụ hưởng không có TKNH với (HĐ vay 100 triệu), Chứng từ thu nhập + Năng lực tài chính (khi CIMB yêu cầu)",Giải ngân CIMB,GIAI_NGAN_CIMB,2026-06-15
7533336975333369,PGD 2308 chưa tồn tại hoặc là PGD chỉ dùng cho mượn chứng từ,2308,Chứng từ Vận hành hàng ngày,"Phiếu chi, Biên lai / Phiếu yêu cầu dịch vụ/ Giấy nộp tiền (theo từng đơn vị chuyển tiền)",Chuyển quỹ,,2026-06-15
7532303175323031,PGD 4114 chưa tồn tại hoặc là PGD chỉ dùng cho mượn chứng từ,4114,Chứng từ Vận hành hàng ngày,"Phiếu chi, Biên lai / Phiếu yêu cầu dịch vụ/ Giấy nộp tiền (theo từng đơn vị chuyển tiền)",Chuyển quỹ,,2026-06-15
6060322802900175503185,PGD 7968 chưa tồn tại hoặc là PGD chỉ dùng cho mượn chứng từ,7968,Chứng từ Ngân hàng hàng ngày,"Mục đích vốn (nếu có phát sinh bản giấy), Xác nhận người thụ hưởng không có TKNH với (HĐ vay 100 triệu), Chứng từ thu nhập + Năng lực tài chính (khi CIMB yêu cầu)",Giải ngân CIMB,GIAI_NGAN_CIMB,2026-06-15
6061184814300175503993,PGD 6219 chưa tồn tại hoặc là PGD chỉ dùng cho mượn chứng từ,6219,Chứng từ Ngân hàng hàng ngày,"Mục đích vốn (nếu có phát sinh bản giấy), Xác nhận người thụ hưởng không có TKNH với (HĐ vay 100 triệu), Chứng từ thu nhập + Năng lực tài chính (khi CIMB yêu cầu)",Giải ngân CIMB,GIAI_NGAN_CIMB,2026-06-15
5011200436675404224,Trùng parent_document_code trong nguồn Oracle,7960,Chứng từ Vận hành hàng ngày,"Giấy đề nghị, Phiếu chi giải ngân, Ủy quyền epay",Đóng HĐCC nợ xấu chủ động,DONG_HDCC_CDNX,2026-06-15
5128061408875498590,Trùng parent_document_code trong nguồn Oracle,5710,Chứng từ Vận hành hàng ngày,"BB tất toán/thanh lý, Phiếu thu đóng hợp đồng, Biên bản chấm dứt thỏa thuận sử dụng TS và hoàn trả TS",Đóng HĐCC chủ động,DONG_HDCC_CD,2026-06-15
6069619691700175498097,PGD 1284 chưa tồn tại hoặc là PGD chỉ dùng cho mượn chứng từ,1284,Chứng từ Ngân hàng hàng ngày,"Mục đích vốn (nếu có phát sinh bản giấy), Xác nhận người thụ hưởng không có TKNH với (HĐ vay 100 triệu), Chứng từ thu nhập + Năng lực tài chính (khi CIMB yêu cầu)",Giải ngân CIMB,GIAI_NGAN_CIMB,2026-06-15
5123677990475416450,Trùng parent_document_code trong nguồn Oracle,4404,Chứng từ Vận hành hàng ngày,"Giấy đề nghị, Phiếu chi giải ngân, Ủy quyền epay",Đóng HĐCC nợ xấu chủ động,DONG_HDCC_CDNX,2026-06-15
6012636499075433353,PGD 9221 chưa tồn tại hoặc là PGD chỉ dùng cho mượn chứng từ,9221,Chứng từ Vận hành hàng ngày,"Giấy đề nghị, Phiếu chi giải ngân, Ủy quyền epay",Đóng HĐCC chủ động,DONG_HDCC_CD,2026-06-15
6051178307675412291,PGD 5243 chưa tồn tại hoặc là PGD chỉ dùng cho mượn chứng từ,5243,Chứng từ Vận hành hàng ngày,Giấy đề nghị,Đóng HĐCC chủ động,DONG_HDCC_CD,2026-06-15
4117457833600275468809,Không map được loại chứng từ: Giấy đề nghị tái tục giấy nhận nợ,8901,Chứng từ Vận hành hàng ngày,Giấy đề nghị tái tục giấy nhận nợ,Đáo hạn,DONG_HD_DH,2026-06-15
5064479021975493281,Trùng parent_document_code trong nguồn Oracle,4809,Chứng từ Vận hành hàng ngày,"Giấy đề nghị, Phiếu chi giải ngân",Đóng HĐCC chủ động,DONG_HDCC_CD,2026-06-15
6034029920775426602,PGD 5435 chưa tồn tại hoặc là PGD chỉ dùng cho mượn chứng từ,5435,Chứng từ Vận hành hàng ngày,Giấy đề nghị,Đóng HĐCC chủ động,DONG_HDCC_CD,2026-06-15
6065932612800175494369,PGD 9221 chưa tồn tại hoặc là PGD chỉ dùng cho mượn chứng từ,9221,Chứng từ Ngân hàng hàng ngày,"Mục đích vốn (nếu có phát sinh bản giấy), Xác nhận người thụ hưởng không có TKNH với (HĐ vay 100 triệu), Chứng từ thu nhập + Năng lực tài chính (khi CIMB yêu cầu)",Giải ngân CIMB,GIAI_NGAN_CIMB,2026-06-15
6060743428900175483325,PGD 8516 chưa tồn tại hoặc là PGD chỉ dùng cho mượn chứng từ,8516,Chứng từ Ngân hàng hàng ngày,"Mục đích vốn (nếu có phát sinh bản giấy), Xác nhận người thụ hưởng không có TKNH với (HĐ vay 100 triệu), Chứng từ thu nhập + Năng lực tài chính (khi CIMB yêu cầu)",Giải ngân CIMB,GIAI_NGAN_CIMB,2026-06-15
6056599664575651456,PGD 5552 chưa tồn tại hoặc là PGD chỉ dùng cho mượn chứng từ,5552,Chứng từ Vận hành hàng ngày,"Giấy đề nghị, Phiếu chi giải ngân, Ủy quyền epay",Đóng HĐCC chủ động,DONG_HDCC_CD,2026-06-16
6057311017800275746943,PGD 6731 chưa tồn tại hoặc là PGD chỉ dùng cho mượn chứng từ,6731,Chứng từ Ngân hàng hàng ngày,"Mục đích vốn (nếu có phát sinh bản giấy), Xác nhận người thụ hưởng không có TKNH với (HĐ vay 100 triệu), Chứng từ thu nhập + Năng lực tài chính (khi CIMB yêu cầu)",Giải ngân CIMB,GIAI_NGAN_CIMB,2026-06-16
6054172419075703279,Không map được loại chứng từ: HĐ ký gửi tài sản,1239,Chứng từ Vận hành hàng ngày,HĐ ký gửi tài sản,Đóng HĐCC chủ động,DONG_HDCC_CD,2026-06-16
6060630322800175774156,PGD 2302 chưa tồn tại hoặc là PGD chỉ dùng cho mượn chứng từ,2302,Chứng từ Ngân hàng hàng ngày,"Mục đích vốn (nếu có phát sinh bản giấy), Xác nhận người thụ hưởng không có TKNH với (HĐ vay 100 triệu), Chứng từ thu nhập + Năng lực tài chính (khi CIMB yêu cầu)",Giải ngân CIMB,GIAI_NGAN_CIMB,2026-06-16
6063095870875709500,Không map được loại chứng từ: HĐ ký gửi tài sản,8515,Chứng từ Vận hành hàng ngày,HĐ ký gửi tài sản,Đóng HĐCC chủ động,DONG_HDCC_CD,2026-06-16
6064731086000175741774,PGD 2306 chưa tồn tại hoặc là PGD chỉ dùng cho mượn chứng từ,2306,Chứng từ Ngân hàng hàng ngày,"Mục đích vốn (nếu có phát sinh bản giấy), Xác nhận người thụ hưởng không có TKNH với (HĐ vay 100 triệu), Chứng từ thu nhập + Năng lực tài chính (khi CIMB yêu cầu)",Giải ngân CIMB,GIAI_NGAN_CIMB,2026-06-16
6042752712775713181,Trùng parent_document_code trong nguồn Oracle,9303,Chứng từ Vận hành hàng ngày,"BB tất toán/thanh lý, Phiếu thu đóng hợp đồng, Biên bản chấm dứt thỏa thuận sử dụng TS và hoàn trả TS",Đóng HĐCC chủ động,DONG_HDCC_CD,2026-06-16
7559287075592870,PGD 5738 chưa tồn tại hoặc là PGD chỉ dùng cho mượn chứng từ,5738,Chứng từ Vận hành hàng ngày,"Phiếu chi, Biên lai / Phiếu yêu cầu dịch vụ/ Giấy nộp tiền (theo từng đơn vị chuyển tiền)",Chuyển quỹ,,2026-06-16
7559401275594012,PGD 2302 chưa tồn tại hoặc là PGD chỉ dùng cho mượn chứng từ,2302,Chứng từ Vận hành hàng ngày,"Phiếu chi, Biên lai / Phiếu yêu cầu dịch vụ/ Giấy nộp tiền (theo từng đơn vị chuyển tiền)",Chuyển quỹ,,2026-06-16
6063259155275668648,PGD 4827 chưa tồn tại hoặc là PGD chỉ dùng cho mượn chứng từ,4827,Chứng từ Vận hành hàng ngày,Giấy đề nghị,Đóng HĐCC chủ động,DONG_HDCC_CD,2026-06-16
6067692665900175732253,PGD 8244 chưa tồn tại hoặc là PGD chỉ dùng cho mượn chứng từ,8244,Chứng từ Ngân hàng hàng ngày,"Mục đích vốn (nếu có phát sinh bản giấy), Xác nhận người thụ hưởng không có TKNH với (HĐ vay 100 triệu), Chứng từ thu nhập + Năng lực tài chính (khi CIMB yêu cầu)",Giải ngân CIMB,GIAI_NGAN_CIMB,2026-06-16
6063995708300175784320,PGD 8244 chưa tồn tại hoặc là PGD chỉ dùng cho mượn chứng từ,8244,Chứng từ Ngân hàng hàng ngày,"Mục đích vốn (nếu có phát sinh bản giấy), Xác nhận người thụ hưởng không có TKNH với (HĐ vay 100 triệu), Chứng từ thu nhập + Năng lực tài chính (khi CIMB yêu cầu)",Giải ngân CIMB,GIAI_NGAN_CIMB,2026-06-16
7560231575602315,PGD 1286 chưa tồn tại hoặc là PGD chỉ dùng cho mượn chứng từ,1286,Chứng từ Vận hành hàng ngày,"Phiếu chi, Biên lai / Phiếu yêu cầu dịch vụ/ Giấy nộp tiền (theo từng đơn vị chuyển tiền)",Chuyển quỹ,,2026-06-16
7560773575607735,PGD 5243 chưa tồn tại hoặc là PGD chỉ dùng cho mượn chứng từ,5243,Chứng từ Vận hành hàng ngày,"Phiếu chi, Biên lai / Phiếu yêu cầu dịch vụ/ Giấy nộp tiền (theo từng đơn vị chuyển tiền)",Chuyển quỹ,,2026-06-16
7560070975600709,PGD 5132 chưa tồn tại hoặc là PGD chỉ dùng cho mượn chứng từ,5132,Chứng từ Vận hành hàng ngày,"Phiếu chi, Biên lai / Phiếu yêu cầu dịch vụ/ Giấy nộp tiền (theo từng đơn vị chuyển tiền)",Chuyển quỹ,,2026-06-16
7559123875591238,PGD 8631 chưa tồn tại hoặc là PGD chỉ dùng cho mượn chứng từ,8631,Chứng từ Vận hành hàng ngày,"Phiếu chi, Biên lai / Phiếu yêu cầu dịch vụ/ Giấy nộp tiền (theo từng đơn vị chuyển tiền)",Chuyển quỹ,,2026-06-16
5090511151975692113,Không map được loại chứng từ: HĐ ký gửi tài sản,1245,Chứng từ Vận hành hàng ngày,HĐ ký gửi tài sản,Đóng HĐCC chủ động,DONG_HDCC_CD,2026-06-16
6042715677475683973,PGD 4827 chưa tồn tại hoặc là PGD chỉ dùng cho mượn chứng từ,4827,Chứng từ Vận hành hàng ngày,"Giấy đề nghị, Phiếu chi giải ngân",Đóng HĐCC chủ động,DONG_HDCC_CD,2026-06-16
6066830314800175773510,PGD 2304 chưa tồn tại hoặc là PGD chỉ dùng cho mượn chứng từ,2304,Chứng từ Ngân hàng hàng ngày,"Mục đích vốn (nếu có phát sinh bản giấy), Xác nhận người thụ hưởng không có TKNH với (HĐ vay 100 triệu), Chứng từ thu nhập + Năng lực tài chính (khi CIMB yêu cầu)",Giải ngân CIMB,GIAI_NGAN_CIMB,2026-06-16
6056599664575651469,PGD 5552 chưa tồn tại hoặc là PGD chỉ dùng cho mượn chứng từ,5552,Chứng từ Vận hành hàng ngày,Giấy đề nghị,Đóng HĐCC chủ động,DONG_HDCC_CD,2026-06-16
6058386554675697017,PGD 6731 chưa tồn tại hoặc là PGD chỉ dùng cho mượn chứng từ,6731,Chứng từ Vận hành hàng ngày,"Giấy đề nghị, Phiếu chi giải ngân, Ủy quyền epay",Đóng HĐCC chủ động,DONG_HDCC_CD,2026-06-16
6058386554675697227,PGD 6731 chưa tồn tại hoặc là PGD chỉ dùng cho mượn chứng từ,6731,Chứng từ Vận hành hàng ngày,Giấy đề nghị,Đóng HĐCC chủ động,DONG_HDCC_CD,2026-06-16
5108491022575692863,Trùng parent_document_code trong nguồn Oracle,9301,Chứng từ Vận hành hàng ngày,"Giấy đề nghị, Phiếu chi giải ngân, Ủy quyền epay",Đóng HĐCC chủ động,DONG_HDCC_CD,2026-06-16
4014315576000375766846,Không map được loại chứng từ: Giấy đề nghị tái tục giấy nhận nợ,9201,Chứng từ Vận hành hàng ngày,Giấy đề nghị tái tục giấy nhận nợ,Đáo hạn,DONG_HD_DH,2026-06-16
6011785128675707440,PGD 8245 chưa tồn tại hoặc là PGD chỉ dùng cho mượn chứng từ,8245,Chứng từ Vận hành hàng ngày,Giấy đề nghị,Đóng HĐCC chủ động,DONG_HDCC_CD,2026-06-16
7559002375590023,PGD 7827 chưa tồn tại hoặc là PGD chỉ dùng cho mượn chứng từ,7827,Chứng từ Vận hành hàng ngày,"Phiếu chi, Biên lai / Phiếu yêu cầu dịch vụ/ Giấy nộp tiền (theo từng đơn vị chuyển tiền)",Chuyển quỹ,,2026-06-16
6063352195900175747766,PGD 2304 chưa tồn tại hoặc là PGD chỉ dùng cho mượn chứng từ,2304,Chứng từ Ngân hàng hàng ngày,"Mục đích vốn (nếu có phát sinh bản giấy), Xác nhận người thụ hưởng không có TKNH với (HĐ vay 100 triệu), Chứng từ thu nhập + Năng lực tài chính (khi CIMB yêu cầu)",Giải ngân CIMB,GIAI_NGAN_CIMB,2026-06-16
6056086318175657887,PGD 2308 chưa tồn tại hoặc là PGD chỉ dùng cho mượn chứng từ,2308,Chứng từ Vận hành hàng ngày,Giấy đề nghị,Đóng HĐCC chủ động,DONG_HDCC_CD,2026-06-16
5128402015975680908,PGD 8244 chưa tồn tại hoặc là PGD chỉ dùng cho mượn chứng từ,8244,Chứng từ Vận hành hàng ngày,"Giấy đề nghị, Phiếu chi giải ngân, Ủy quyền epay",Đóng HĐCC chủ động,DONG_HDCC_CD,2026-06-16
5090511151975690324,Không map được loại chứng từ: HĐ ký gửi tài sản,1245,Chứng từ Vận hành hàng ngày,HĐ ký gửi tài sản,Đóng HĐCC chủ động,DONG_HDCC_CD,2026-06-16
7559593175595931,PGD 9322 chưa tồn tại hoặc là PGD chỉ dùng cho mượn chứng từ,9322,Chứng từ Vận hành hàng ngày,"Phiếu chi, Biên lai / Phiếu yêu cầu dịch vụ/ Giấy nộp tiền (theo từng đơn vị chuyển tiền)",Chuyển quỹ,,2026-06-16
6063095870875709485,Không map được loại chứng từ: HĐ ký gửi tài sản,8515,Chứng từ Vận hành hàng ngày,HĐ ký gửi tài sản,Đóng HĐCC chủ động,DONG_HDCC_CD,2026-06-16
6053276977575689450,PGD 5552 chưa tồn tại hoặc là PGD chỉ dùng cho mượn chứng từ,5552,Chứng từ Vận hành hàng ngày,"Biên bản bàn giao TS cầm cố, Thỏa thuận sử dụng TS, Biên bản bàn giao TS cho mượn, HDCC, Giấy đề nghị, Phiếu chi giải ngân, Giấy nhận nợ",Đóng HĐCC chủ động,DONG_HDCC_CD,2026-06-16
7559976575599765,PGD 6731 chưa tồn tại hoặc là PGD chỉ dùng cho mượn chứng từ,6731,Chứng từ Vận hành hàng ngày,"Phiếu chi, Biên lai / Phiếu yêu cầu dịch vụ/ Giấy nộp tiền (theo từng đơn vị chuyển tiền)",Chuyển quỹ,,2026-06-16
6060311697000175728754,PGD 2302 chưa tồn tại hoặc là PGD chỉ dùng cho mượn chứng từ,2302,Chứng từ Ngân hàng hàng ngày,"Mục đích vốn (nếu có phát sinh bản giấy), Xác nhận người thụ hưởng không có TKNH với (HĐ vay 100 triệu), Chứng từ thu nhập + Năng lực tài chính (khi CIMB yêu cầu)",Giải ngân CIMB,GIAI_NGAN_CIMB,2026-06-16
7559965575599655,PGD 9322 chưa tồn tại hoặc là PGD chỉ dùng cho mượn chứng từ,9322,Chứng từ Vận hành hàng ngày,"Phiếu chi, Biên lai / Phiếu yêu cầu dịch vụ/ Giấy nộp tiền (theo từng đơn vị chuyển tiền)",Chuyển quỹ,,2026-06-16
6066618147000175732118,PGD 2304 chưa tồn tại hoặc là PGD chỉ dùng cho mượn chứng từ,2304,Chứng từ Ngân hàng hàng ngày,"Mục đích vốn (nếu có phát sinh bản giấy), Xác nhận người thụ hưởng không có TKNH với (HĐ vay 100 triệu), Chứng từ thu nhập + Năng lực tài chính (khi CIMB yêu cầu)",Giải ngân CIMB,GIAI_NGAN_CIMB,2026-06-16
5091132459475705493,Không map được loại chứng từ: HĐ ký gửi tài sản,6904,Chứng từ Vận hành hàng ngày,HĐ ký gửi tài sản,Đóng HĐCC chủ động,DONG_HDCC_CD,2026-06-16
6020089694200175771094,PGD 2304 chưa tồn tại hoặc là PGD chỉ dùng cho mượn chứng từ,2304,Chứng từ Vận hành hàng ngày,"Phiếu yêu cầu miễn giảm (nếu có), Phiếu yêu cầu miễn giảm (nếu có)",Miễn giảm đóng HĐ,MIEN_GIAM_DONG_HD,2026-06-16
7559759375597593,PGD 8245 chưa tồn tại hoặc là PGD chỉ dùng cho mượn chứng từ,8245,Chứng từ Vận hành hàng ngày,Phiếu thu,Nhận quỹ,,2026-06-16
7559840575598405,PGD 5552 chưa tồn tại hoặc là PGD chỉ dùng cho mượn chứng từ,5552,Chứng từ Vận hành hàng ngày,"Phiếu chi, Biên lai / Phiếu yêu cầu dịch vụ/ Giấy nộp tiền (theo từng đơn vị chuyển tiền)",Chuyển quỹ,,2026-06-16
6044305816675709731,Trùng parent_document_code trong nguồn Oracle,4408,Chứng từ Vận hành hàng ngày,"Giấy đề nghị, Phiếu chi giải ngân",Đóng HĐCC chủ động,DONG_HDCC_CD,2026-06-16
7560506175605061,PGD 5244 chưa tồn tại hoặc là PGD chỉ dùng cho mượn chứng từ,5244,Chứng từ Vận hành hàng ngày,"Phiếu chi, Biên lai / Phiếu yêu cầu dịch vụ/ Giấy nộp tiền (theo từng đơn vị chuyển tiền)",Chuyển quỹ,,2026-06-16
7560607075606070,PGD 5552 chưa tồn tại hoặc là PGD chỉ dùng cho mượn chứng từ,5552,Chứng từ Vận hành hàng ngày,"Phiếu chi, Biên lai / Phiếu yêu cầu dịch vụ/ Giấy nộp tiền (theo từng đơn vị chuyển tiền)",Chuyển quỹ,,2026-06-16
6062476624375673278,PGD 8516 chưa tồn tại hoặc là PGD chỉ dùng cho mượn chứng từ,8516,Chứng từ Vận hành hàng ngày,"Giấy đề nghị, Phiếu chi giải ngân",Đóng HĐCC chủ động,DONG_HDCC_CD,2026-06-16
6063938830200175749354,PGD 8631 chưa tồn tại hoặc là PGD chỉ dùng cho mượn chứng từ,8631,Chứng từ Ngân hàng hàng ngày,"Mục đích vốn (nếu có phát sinh bản giấy), Xác nhận người thụ hưởng không có TKNH với (HĐ vay 100 triệu), Chứng từ thu nhập + Năng lực tài chính (khi CIMB yêu cầu)",Giải ngân CIMB,GIAI_NGAN_CIMB,2026-06-16
6064919292600175780673,PGD 5132 chưa tồn tại hoặc là PGD chỉ dùng cho mượn chứng từ,5132,Chứng từ Ngân hàng hàng ngày,"Mục đích vốn (nếu có phát sinh bản giấy), Xác nhận người thụ hưởng không có TKNH với (HĐ vay 100 triệu), Chứng từ thu nhập + Năng lực tài chính (khi CIMB yêu cầu)",Giải ngân CIMB,GIAI_NGAN_CIMB,2026-06-16
6067664883600175762405,PGD 2311 chưa tồn tại hoặc là PGD chỉ dùng cho mượn chứng từ,2311,Chứng từ Ngân hàng hàng ngày,"Mục đích vốn (nếu có phát sinh bản giấy), Xác nhận người thụ hưởng không có TKNH với (HĐ vay 100 triệu), Chứng từ thu nhập + Năng lực tài chính (khi CIMB yêu cầu)",Giải ngân CIMB,GIAI_NGAN_CIMB,2026-06-16
6050682104300175726859,PGD 7827 chưa tồn tại hoặc là PGD chỉ dùng cho mượn chứng từ,7827,Chứng từ Vận hành hàng ngày,Phiếu thu đóng hợp đồng,Đóng hợp đồng chủ động,DONG_HD_CD,2026-06-16
6051904777275674038,PGD 1278 chưa tồn tại hoặc là PGD chỉ dùng cho mượn chứng từ,1278,Chứng từ Vận hành hàng ngày,Giấy đề nghị,Đóng HĐCC chủ động,DONG_HDCC_CD,2026-06-16
6047252478675697859,PGD 4827 chưa tồn tại hoặc là PGD chỉ dùng cho mượn chứng từ,4827,Chứng từ Vận hành hàng ngày,"Giấy đề nghị, Phiếu chi giải ngân, Ủy quyền epay",Đóng HĐCC chủ động,DONG_HDCC_CD,2026-06-16
6064959167900175731743,PGD 5132 chưa tồn tại hoặc là PGD chỉ dùng cho mượn chứng từ,5132,Chứng từ Ngân hàng hàng ngày,"Mục đích vốn (nếu có phát sinh bản giấy), Xác nhận người thụ hưởng không có TKNH với (HĐ vay 100 triệu), Chứng từ thu nhập + Năng lực tài chính (khi CIMB yêu cầu)",Giải ngân CIMB,GIAI_NGAN_CIMB,2026-06-16
6061887801300175754305,PGD 2311 chưa tồn tại hoặc là PGD chỉ dùng cho mượn chứng từ,2311,Chứng từ Ngân hàng hàng ngày,"Mục đích vốn (nếu có phát sinh bản giấy), Xác nhận người thụ hưởng không có TKNH với (HĐ vay 100 triệu), Chứng từ thu nhập + Năng lực tài chính (khi CIMB yêu cầu)",Giải ngân CIMB,GIAI_NGAN_CIMB,2026-06-16
6063807741100175740631,PGD 2304 chưa tồn tại hoặc là PGD chỉ dùng cho mượn chứng từ,2304,Chứng từ Ngân hàng hàng ngày,"Mục đích vốn (nếu có phát sinh bản giấy), Xác nhận người thụ hưởng không có TKNH với (HĐ vay 100 triệu), Chứng từ thu nhập + Năng lực tài chính (khi CIMB yêu cầu)",Giải ngân CIMB,GIAI_NGAN_CIMB,2026-06-16
6066188283675696141,PGD 5243 chưa tồn tại hoặc là PGD chỉ dùng cho mượn chứng từ,5243,Chứng từ Vận hành hàng ngày,"Giấy đề nghị, Phiếu chi giải ngân, Ủy quyền epay",Đóng HĐCC chủ động,DONG_HDCC_CD,2026-06-16
6020089694200175771096,PGD 2304 chưa tồn tại hoặc là PGD chỉ dùng cho mượn chứng từ,2304,Chứng từ Vận hành hàng ngày,Phiếu thu đóng hợp đồng,Đóng hợp đồng chủ động,DONG_HD_CD,2026-06-16
6067890070500175772016,PGD 4114 chưa tồn tại hoặc là PGD chỉ dùng cho mượn chứng từ,4114,Chứng từ Ngân hàng hàng ngày,"Mục đích vốn (nếu có phát sinh bản giấy), Xác nhận người thụ hưởng không có TKNH với (HĐ vay 100 triệu), Chứng từ thu nhập + Năng lực tài chính (khi CIMB yêu cầu)",Giải ngân CIMB,GIAI_NGAN_CIMB,2026-06-16
6063337118400175783265,PGD 2309 chưa tồn tại hoặc là PGD chỉ dùng cho mượn chứng từ,2309,Chứng từ Ngân hàng hàng ngày,"Mục đích vốn (nếu có phát sinh bản giấy), Xác nhận người thụ hưởng không có TKNH với (HĐ vay 100 triệu), Chứng từ thu nhập + Năng lực tài chính (khi CIMB yêu cầu)",Giải ngân CIMB,GIAI_NGAN_CIMB,2026-06-16
5129136516700175768499,Không map được loại chứng từ: Giấy đề nghị tái tục giấy nhận nợ,1247,Chứng từ Vận hành hàng ngày,Giấy đề nghị tái tục giấy nhận nợ,Đáo hạn,DONG_HD_DH,2026-06-16
6066357948800175769892,PGD 8245 chưa tồn tại hoặc là PGD chỉ dùng cho mượn chứng từ,8245,Chứng từ Ngân hàng hàng ngày,"Mục đích vốn (nếu có phát sinh bản giấy), Xác nhận người thụ hưởng không có TKNH với (HĐ vay 100 triệu), Chứng từ thu nhập + Năng lực tài chính (khi CIMB yêu cầu)",Giải ngân CIMB,GIAI_NGAN_CIMB,2026-06-16
7560231875602318,PGD 2303 chưa tồn tại hoặc là PGD chỉ dùng cho mượn chứng từ,2303,Chứng từ Vận hành hàng ngày,"Phiếu chi, Biên lai / Phiếu yêu cầu dịch vụ/ Giấy nộp tiền (theo từng đơn vị chuyển tiền)",Chuyển quỹ,,2026-06-16
6044349593500975737581,PGD 7827 chưa tồn tại hoặc là PGD chỉ dùng cho mượn chứng từ,7827,Chứng từ Ngân hàng hàng ngày,"Mục đích vốn (nếu có phát sinh bản giấy), Xác nhận người thụ hưởng không có TKNH với (HĐ vay 100 triệu), Chứng từ thu nhập + Năng lực tài chính (khi CIMB yêu cầu)",Giải ngân CIMB,GIAI_NGAN_CIMB,2026-06-16
7560547775605477,PGD 9322 chưa tồn tại hoặc là PGD chỉ dùng cho mượn chứng từ,9322,Chứng từ Vận hành hàng ngày,"Phiếu chi, Biên lai / Phiếu yêu cầu dịch vụ/ Giấy nộp tiền (theo từng đơn vị chuyển tiền)",Chuyển quỹ,,2026-06-16
6069239230800175745559,PGD 7436 chưa tồn tại hoặc là PGD chỉ dùng cho mượn chứng từ,7436,Chứng từ Ngân hàng hàng ngày,"Mục đích vốn (nếu có phát sinh bản giấy), Xác nhận người thụ hưởng không có TKNH với (HĐ vay 100 triệu), Chứng từ thu nhập + Năng lực tài chính (khi CIMB yêu cầu)",Giải ngân CIMB,GIAI_NGAN_CIMB,2026-06-16
6067008656800175740886,PGD 1284 chưa tồn tại hoặc là PGD chỉ dùng cho mượn chứng từ,1284,Chứng từ Ngân hàng hàng ngày,"Mục đích vốn (nếu có phát sinh bản giấy), Xác nhận người thụ hưởng không có TKNH với (HĐ vay 100 triệu), Chứng từ thu nhập + Năng lực tài chính (khi CIMB yêu cầu)",Giải ngân CIMB,GIAI_NGAN_CIMB,2026-06-16
6056086318175657818,PGD 2308 chưa tồn tại hoặc là PGD chỉ dùng cho mượn chứng từ,2308,Chứng từ Vận hành hàng ngày,"Giấy đề nghị, Phiếu chi giải ngân, Ủy quyền epay",Đóng HĐCC chủ động,DONG_HDCC_CD,2026-06-16
6066188283675696158,PGD 5243 chưa tồn tại hoặc là PGD chỉ dùng cho mượn chứng từ,5243,Chứng từ Vận hành hàng ngày,Giấy đề nghị,Đóng HĐCC chủ động,DONG_HDCC_CD,2026-06-16
6067701207900175739423,PGD 2305 chưa tồn tại hoặc là PGD chỉ dùng cho mượn chứng từ,2305,Chứng từ Ngân hàng hàng ngày,"Mục đích vốn (nếu có phát sinh bản giấy), Xác nhận người thụ hưởng không có TKNH với (HĐ vay 100 triệu), Chứng từ thu nhập + Năng lực tài chính (khi CIMB yêu cầu)",Giải ngân CIMB,GIAI_NGAN_CIMB,2026-06-16
6020089694275692862,PGD 2304 chưa tồn tại hoặc là PGD chỉ dùng cho mượn chứng từ,2304,Chứng từ Vận hành hàng ngày,"BB tất toán/thanh lý, Phiếu thu đóng hợp đồng, Biên bản chấm dứt thỏa thuận sử dụng TS và hoàn trả TS, Giấy đề nghị",Đóng HĐCC chủ động,DONG_HDCC_CD,2026-06-16
6065848389900175780551,PGD 5132 chưa tồn tại hoặc là PGD chỉ dùng cho mượn chứng từ,5132,Chứng từ Ngân hàng hàng ngày,"Mục đích vốn (nếu có phát sinh bản giấy), Xác nhận người thụ hưởng không có TKNH với (HĐ vay 100 triệu), Chứng từ thu nhập + Năng lực tài chính (khi CIMB yêu cầu)",Giải ngân CIMB,GIAI_NGAN_CIMB,2026-06-16
7559421775594217,PGD 5552 chưa tồn tại hoặc là PGD chỉ dùng cho mượn chứng từ,5552,Chứng từ Vận hành hàng ngày,"Phiếu chi, Biên lai / Phiếu yêu cầu dịch vụ/ Giấy nộp tiền (theo từng đơn vị chuyển tiền)",Chuyển quỹ,,2026-06-16
6045180798700175778901,PGD 5132 chưa tồn tại hoặc là PGD chỉ dùng cho mượn chứng từ,5132,Chứng từ Vận hành hàng ngày,"Phiếu yêu cầu miễn giảm (nếu có), Phiếu yêu cầu miễn giảm (nếu có)",Miễn giảm đóng HĐ,MIEN_GIAM_DONG_HD,2026-06-16
7559990475599904,PGD 7968 chưa tồn tại hoặc là PGD chỉ dùng cho mượn chứng từ,7968,Chứng từ Vận hành hàng ngày,"Phiếu chi, Biên lai / Phiếu yêu cầu dịch vụ/ Giấy nộp tiền (theo từng đơn vị chuyển tiền)",Chuyển quỹ,,2026-06-16
6069941133000175743851,PGD 6219 chưa tồn tại hoặc là PGD chỉ dùng cho mượn chứng từ,6219,Chứng từ Ngân hàng hàng ngày,"Mục đích vốn (nếu có phát sinh bản giấy), Xác nhận người thụ hưởng không có TKNH với (HĐ vay 100 triệu), Chứng từ thu nhập + Năng lực tài chính (khi CIMB yêu cầu)",Giải ngân CIMB,GIAI_NGAN_CIMB,2026-06-16
7559178975591789,PGD 8244 chưa tồn tại hoặc là PGD chỉ dùng cho mượn chứng từ,8244,Chứng từ Vận hành hàng ngày,"Phiếu chi, Biên lai / Phiếu yêu cầu dịch vụ/ Giấy nộp tiền (theo từng đơn vị chuyển tiền)",Chuyển quỹ,,2026-06-16
6063259155275668624,PGD 4827 chưa tồn tại hoặc là PGD chỉ dùng cho mượn chứng từ,4827,Chứng từ Vận hành hàng ngày,"Giấy đề nghị, Phiếu chi giải ngân, Ủy quyền epay",Đóng HĐCC chủ động,DONG_HDCC_CD,2026-06-16
5126939457475669699,Trùng parent_document_code trong nguồn Oracle,5229,Chứng từ Vận hành hàng ngày,"Giấy đề nghị, Phiếu chi giải ngân",Đóng HĐCC nợ xấu chủ động,DONG_HDCC_CDNX,2026-06-16
5091132459475705482,Không map được loại chứng từ: HĐ ký gửi tài sản,6904,Chứng từ Vận hành hàng ngày,HĐ ký gửi tài sản,Đóng HĐCC chủ động,DONG_HDCC_CD,2026-06-16
6065464932200175779937,Không map được loại chứng từ: Mục đích sử dụng vốn cho khoản vay trên 100 triệu (MB yêu cầu),2072,Chứng từ Ngân hàng hàng ngày,Mục đích sử dụng vốn cho khoản vay trên 100 triệu (MB yêu cầu),Giải ngân MB,GIAI_NGAN_MB,2026-06-16
5097586141975701970,Không map được loại chứng từ: HĐ ký gửi tài sản,1075,Chứng từ Vận hành hàng ngày,HĐ ký gửi tài sản,Đóng HĐCC chủ động,DONG_HDCC_CD,2026-06-16
7559817275598172,PGD 5737 chưa tồn tại hoặc là PGD chỉ dùng cho mượn chứng từ,5737,Chứng từ Vận hành hàng ngày,"Phiếu chi, Biên lai / Phiếu yêu cầu dịch vụ/ Giấy nộp tiền (theo từng đơn vị chuyển tiền)",Chuyển quỹ,,2026-06-16
7559902075599020,PGD 9221 chưa tồn tại hoặc là PGD chỉ dùng cho mượn chứng từ,9221,Chứng từ Vận hành hàng ngày,Phiếu thu,Nhận quỹ,,2026-06-16
6063544222300175783446,PGD 5132 chưa tồn tại hoặc là PGD chỉ dùng cho mượn chứng từ,5132,Chứng từ Ngân hàng hàng ngày,"Mục đích vốn (nếu có phát sinh bản giấy), Xác nhận người thụ hưởng không có TKNH với (HĐ vay 100 triệu), Chứng từ thu nhập + Năng lực tài chính (khi CIMB yêu cầu)",Giải ngân CIMB,GIAI_NGAN_CIMB,2026-06-16
6060373308500175775183,PGD 7767 chưa tồn tại hoặc là PGD chỉ dùng cho mượn chứng từ,7767,Chứng từ Ngân hàng hàng ngày,"Mục đích vốn (nếu có phát sinh bản giấy), Xác nhận người thụ hưởng không có TKNH với (HĐ vay 100 triệu), Chứng từ thu nhập + Năng lực tài chính (khi CIMB yêu cầu)",Giải ngân CIMB,GIAI_NGAN_CIMB,2026-06-16
3091926094875683471,Trùng parent_document_code trong nguồn Oracle,4207,Chứng từ Vận hành hàng ngày,"BB tất toán/thanh lý, Phiếu thu đóng hợp đồng, Biên bản chấm dứt thỏa thuận sử dụng TS và hoàn trả TS",Đóng HĐCC nợ xấu chủ động,DONG_HDCC_CDNX,2026-06-16
3085745157075691830,Trùng parent_document_code trong nguồn Oracle,1006,Chứng từ Vận hành hàng ngày,"Giấy đề nghị, Phiếu chi giải ngân",Đóng HĐCC nợ xấu chủ động,DONG_HDCC_CDNX,2026-06-16
7560113775601137,PGD 5245 chưa tồn tại hoặc là PGD chỉ dùng cho mượn chứng từ,5245,Chứng từ Vận hành hàng ngày,"Phiếu chi, Biên lai / Phiếu yêu cầu dịch vụ/ Giấy nộp tiền (theo từng đơn vị chuyển tiền)",Chuyển quỹ,,2026-06-16
6063625717000175767533,PGD 8631 chưa tồn tại hoặc là PGD chỉ dùng cho mượn chứng từ,8631,Chứng từ Ngân hàng hàng ngày,"Mục đích vốn (nếu có phát sinh bản giấy), Xác nhận người thụ hưởng không có TKNH với (HĐ vay 100 triệu), Chứng từ thu nhập + Năng lực tài chính (khi CIMB yêu cầu)",Giải ngân CIMB,GIAI_NGAN_CIMB,2026-06-16
5097215585275671110,Trùng parent_document_code trong nguồn Oracle,7719,Chứng từ Vận hành hàng ngày,"Biên bản bàn giao TS cầm cố, Thỏa thuận sử dụng TS, Biên bản bàn giao TS cho mượn, HDCC, Giấy đề nghị, Phiếu chi giải ngân, Giấy nhận nợ",Đóng HĐCC nợ xấu chủ động,DONG_HDCC_CDNX,2026-06-16
5063764153575673120,Không map được loại chứng từ: HĐ ký gửi tài sản,8411,Chứng từ Vận hành hàng ngày,HĐ ký gửi tài sản,Đóng HĐCC chủ động,DONG_HDCC_CD,2026-06-16
5063764153575673133,Không map được loại chứng từ: HĐ ký gửi tài sản,8411,Chứng từ Vận hành hàng ngày,HĐ ký gửi tài sản,Đóng HĐCC chủ động,DONG_HDCC_CD,2026-06-16
6060388706400175783818,PGD 2308 chưa tồn tại hoặc là PGD chỉ dùng cho mượn chứng từ,2308,Chứng từ Ngân hàng hàng ngày,"Mục đích vốn (nếu có phát sinh bản giấy), Xác nhận người thụ hưởng không có TKNH với (HĐ vay 100 triệu), Chứng từ thu nhập + Năng lực tài chính (khi CIMB yêu cầu)",Giải ngân CIMB,GIAI_NGAN_CIMB,2026-06-16
7560121675601216,PGD 8516 chưa tồn tại hoặc là PGD chỉ dùng cho mượn chứng từ,8516,Chứng từ Vận hành hàng ngày,"Phiếu chi, Biên lai / Phiếu yêu cầu dịch vụ/ Giấy nộp tiền (theo từng đơn vị chuyển tiền)",Chuyển quỹ,,2026-06-16
6060238991700175783586,PGD 2308 chưa tồn tại hoặc là PGD chỉ dùng cho mượn chứng từ,2308,Chứng từ Ngân hàng hàng ngày,"Mục đích vốn (nếu có phát sinh bản giấy), Xác nhận người thụ hưởng không có TKNH với (HĐ vay 100 triệu), Chứng từ thu nhập + Năng lực tài chính (khi CIMB yêu cầu)",Giải ngân CIMB,GIAI_NGAN_CIMB,2026-06-16
5062771050275652618,Trùng parent_document_code trong nguồn Oracle,3408,Chứng từ Vận hành hàng ngày,"BB tất toán/thanh lý, Phiếu thu đóng hợp đồng, Biên bản chấm dứt thỏa thuận sử dụng TS và hoàn trả TS",Đóng HĐCC nợ xấu chủ động,DONG_HDCC_CDNX,2026-06-16
6062723691000175774509,PGD 6219 chưa tồn tại hoặc là PGD chỉ dùng cho mượn chứng từ,6219,Chứng từ Ngân hàng hàng ngày,"Mục đích vốn (nếu có phát sinh bản giấy), Xác nhận người thụ hưởng không có TKNH với (HĐ vay 100 triệu), Chứng từ thu nhập + Năng lực tài chính (khi CIMB yêu cầu)",Giải ngân CIMB,GIAI_NGAN_CIMB,2026-06-16
7560356075603560,PGD 2306 chưa tồn tại hoặc là PGD chỉ dùng cho mượn chứng từ,2306,Chứng từ Vận hành hàng ngày,"Phiếu chi, Biên lai / Phiếu yêu cầu dịch vụ/ Giấy nộp tiền (theo từng đơn vị chuyển tiền)",Chuyển quỹ,,2026-06-16
7560034575600345,PGD 8245 chưa tồn tại hoặc là PGD chỉ dùng cho mượn chứng từ,8245,Chứng từ Vận hành hàng ngày,"Phiếu chi, Biên lai / Phiếu yêu cầu dịch vụ/ Giấy nộp tiền (theo từng đơn vị chuyển tiền)",Chuyển quỹ,,2026-06-16
6068807899600175781998,PGD 8025 chưa tồn tại hoặc là PGD chỉ dùng cho mượn chứng từ,8025,Chứng từ Ngân hàng hàng ngày,"Mục đích vốn (nếu có phát sinh bản giấy), Xác nhận người thụ hưởng không có TKNH với (HĐ vay 100 triệu), Chứng từ thu nhập + Năng lực tài chính (khi CIMB yêu cầu)",Giải ngân CIMB,GIAI_NGAN_CIMB,2026-06-16
6058511266275648074,PGD 5243 chưa tồn tại hoặc là PGD chỉ dùng cho mượn chứng từ,5243,Chứng từ Vận hành hàng ngày,"Giấy đề nghị, Phiếu chi giải ngân",Đóng HĐCC chủ động,DONG_HDCC_CD,2026-06-16
5128628893575701962,Trùng parent_document_code trong nguồn Oracle,5624,Chứng từ Vận hành hàng ngày,"Giấy đề nghị, Bản cam kết TS riêng, Phiếu chi giải ngân, HĐUQ bản F88 in",Đóng HĐCC chủ động,DONG_HDCC_CD,2026-06-16
6067867246400175770048,PGD 7827 chưa tồn tại hoặc là PGD chỉ dùng cho mượn chứng từ,7827,Chứng từ Ngân hàng hàng ngày,"Mục đích vốn (nếu có phát sinh bản giấy), Xác nhận người thụ hưởng không có TKNH với (HĐ vay 100 triệu), Chứng từ thu nhập + Năng lực tài chính (khi CIMB yêu cầu)",Giải ngân CIMB,GIAI_NGAN_CIMB,2026-06-16
6061706754100175770062,PGD 7767 chưa tồn tại hoặc là PGD chỉ dùng cho mượn chứng từ,7767,Chứng từ Ngân hàng hàng ngày,"Mục đích vốn (nếu có phát sinh bản giấy), Xác nhận người thụ hưởng không có TKNH với (HĐ vay 100 triệu), Chứng từ thu nhập + Năng lực tài chính (khi CIMB yêu cầu)",Giải ngân CIMB,GIAI_NGAN_CIMB,2026-06-16
6061788056800175785261,PGD 8136 chưa tồn tại hoặc là PGD chỉ dùng cho mượn chứng từ,8136,Chứng từ Ngân hàng hàng ngày,"Mục đích vốn (nếu có phát sinh bản giấy), Xác nhận người thụ hưởng không có TKNH với (HĐ vay 100 triệu), Chứng từ thu nhập + Năng lực tài chính (khi CIMB yêu cầu)",Giải ngân CIMB,GIAI_NGAN_CIMB,2026-06-16
7560326375603263,PGD 5132 chưa tồn tại hoặc là PGD chỉ dùng cho mượn chứng từ,5132,Chứng từ Vận hành hàng ngày,"Phiếu chi, Biên lai / Phiếu yêu cầu dịch vụ/ Giấy nộp tiền (theo từng đơn vị chuyển tiền)",Chuyển quỹ,,2026-06-16
6047252478675697891,PGD 4827 chưa tồn tại hoặc là PGD chỉ dùng cho mượn chứng từ,4827,Chứng từ Vận hành hàng ngày,Giấy đề nghị,Đóng HĐCC chủ động,DONG_HDCC_CD,2026-06-16
6011785128675707328,PGD 8245 chưa tồn tại hoặc là PGD chỉ dùng cho mượn chứng từ,8245,Chứng từ Vận hành hàng ngày,"Giấy đề nghị, Phiếu chi giải ngân, Ủy quyền epay",Đóng HĐCC chủ động,DONG_HDCC_CD,2026-06-16
5100787801775693025,Trùng parent_document_code trong nguồn Oracle,5208,Chứng từ Vận hành hàng ngày,"Giấy đề nghị, Phiếu chi giải ngân",Đóng HĐCC nợ xấu chủ động,DONG_HDCC_CDNX,2026-06-16
6065889457200175774489,PGD 1278 chưa tồn tại hoặc là PGD chỉ dùng cho mượn chứng từ,1278,Chứng từ Ngân hàng hàng ngày,"Mục đích vốn (nếu có phát sinh bản giấy), Xác nhận người thụ hưởng không có TKNH với (HĐ vay 100 triệu), Chứng từ thu nhập + Năng lực tài chính (khi CIMB yêu cầu)",Giải ngân CIMB,GIAI_NGAN_CIMB,2026-06-16
5017124233875655542,Trùng parent_document_code trong nguồn Oracle,5734,Chứng từ Vận hành hàng ngày,"BB tất toán/thanh lý, Phiếu thu đóng hợp đồng, Biên bản chấm dứt thỏa thuận sử dụng TS và hoàn trả TS",Đóng HĐCC nợ xấu chủ động,DONG_HDCC_CDNX,2026-06-16
5097586141975702032,Không map được loại chứng từ: HĐ ký gửi tài sản,1075,Chứng từ Vận hành hàng ngày,HĐ ký gửi tài sản,Đóng HĐCC chủ động,DONG_HDCC_CD,2026-06-16
6054172419075703247,Không map được loại chứng từ: HĐ ký gửi tài sản,1239,Chứng từ Vận hành hàng ngày,HĐ ký gửi tài sản,Đóng HĐCC chủ động,DONG_HDCC_CD,2026-06-16
7560277475602774,PGD 9322 chưa tồn tại hoặc là PGD chỉ dùng cho mượn chứng từ,9322,Chứng từ Vận hành hàng ngày,"Phiếu chi, Biên lai / Phiếu yêu cầu dịch vụ/ Giấy nộp tiền (theo từng đơn vị chuyển tiền)",Chuyển quỹ,,2026-06-16
7560336275603362,PGD 5132 chưa tồn tại hoặc là PGD chỉ dùng cho mượn chứng từ,5132,Chứng từ Vận hành hàng ngày,"Phiếu chi, Biên lai / Phiếu yêu cầu dịch vụ/ Giấy nộp tiền (theo từng đơn vị chuyển tiền)",Chuyển quỹ,,2026-06-16
6063316416700175779727,Không map được loại chứng từ: Mục đích sử dụng vốn cho khoản vay trên 100 triệu (MB yêu cầu),5205,Chứng từ Ngân hàng hàng ngày,Mục đích sử dụng vốn cho khoản vay trên 100 triệu (MB yêu cầu),Giải ngân MB,GIAI_NGAN_MB,2026-06-16
5128402015975681121,PGD 8244 chưa tồn tại hoặc là PGD chỉ dùng cho mượn chứng từ,8244,Chứng từ Vận hành hàng ngày,Giấy đề nghị,Đóng HĐCC chủ động,DONG_HDCC_CD,2026-06-16
6065395706600175783045,Không map được loại chứng từ: Mục đích sử dụng vốn cho khoản vay trên 100 triệu (MB yêu cầu),1043,Chứng từ Ngân hàng hàng ngày,Mục đích sử dụng vốn cho khoản vay trên 100 triệu (MB yêu cầu),Giải ngân MB,GIAI_NGAN_MB,2026-06-16
7559263175592631,PGD 6731 chưa tồn tại hoặc là PGD chỉ dùng cho mượn chứng từ,6731,Chứng từ Vận hành hàng ngày,"Phiếu chi, Biên lai / Phiếu yêu cầu dịch vụ/ Giấy nộp tiền (theo từng đơn vị chuyển tiền)",Chuyển quỹ,,2026-06-16
4123023635300275749473,Không map được loại chứng từ: Giấy đề nghị tái tục giấy nhận nợ,9317,Chứng từ Vận hành hàng ngày,Giấy đề nghị tái tục giấy nhận nợ,Đáo hạn,DONG_HD_DH,2026-06-16
6020089694275692845,PGD 2304 chưa tồn tại hoặc là PGD chỉ dùng cho mượn chứng từ,2304,Chứng từ Vận hành hàng ngày,"Giấy đề nghị, Phiếu chi giải ngân, Ủy quyền epay",Đóng HĐCC chủ động,DONG_HDCC_CD,2026-06-16
6069052158700175729585,PGD 7827 chưa tồn tại hoặc là PGD chỉ dùng cho mượn chứng từ,7827,Chứng từ Ngân hàng hàng ngày,"Mục đích vốn (nếu có phát sinh bản giấy), Xác nhận người thụ hưởng không có TKNH với (HĐ vay 100 triệu), Chứng từ thu nhập + Năng lực tài chính (khi CIMB yêu cầu)",Giải ngân CIMB,GIAI_NGAN_CIMB,2026-06-16
6063641424500175784344,PGD 2307 chưa tồn tại hoặc là PGD chỉ dùng cho mượn chứng từ,2307,Chứng từ Ngân hàng hàng ngày,"Mục đích vốn (nếu có phát sinh bản giấy), Xác nhận người thụ hưởng không có TKNH với (HĐ vay 100 triệu), Chứng từ thu nhập + Năng lực tài chính (khi CIMB yêu cầu)",Giải ngân CIMB,GIAI_NGAN_CIMB,2026-06-16
6060220759500175755792,Không map được loại chứng từ: Mục đích sử dụng vốn cho khoản vay trên 100 triệu (MB yêu cầu),1245,Chứng từ Ngân hàng hàng ngày,Mục đích sử dụng vốn cho khoản vay trên 100 triệu (MB yêu cầu),Giải ngân MB,GIAI_NGAN_MB,2026-06-16
6061303218000175782500,PGD 5737 chưa tồn tại hoặc là PGD chỉ dùng cho mượn chứng từ,5737,Chứng từ Ngân hàng hàng ngày,"Mục đích vốn (nếu có phát sinh bản giấy), Xác nhận người thụ hưởng không có TKNH với (HĐ vay 100 triệu), Chứng từ thu nhập + Năng lực tài chính (khi CIMB yêu cầu)",Giải ngân CIMB,GIAI_NGAN_CIMB,2026-06-16
6063293741500175729833,PGD 2308 chưa tồn tại hoặc là PGD chỉ dùng cho mượn chứng từ,2308,Chứng từ Ngân hàng hàng ngày,"Mục đích vốn (nếu có phát sinh bản giấy), Xác nhận người thụ hưởng không có TKNH với (HĐ vay 100 triệu), Chứng từ thu nhập + Năng lực tài chính (khi CIMB yêu cầu)",Giải ngân CIMB,GIAI_NGAN_CIMB,2026-06-16
6051904777275673973,PGD 1278 chưa tồn tại hoặc là PGD chỉ dùng cho mượn chứng từ,1278,Chứng từ Vận hành hàng ngày,"Giấy đề nghị, Phiếu chi giải ngân, Ủy quyền epay",Đóng HĐCC chủ động,DONG_HDCC_CD,2026-06-16
4033134247100875986957,Không map được loại chứng từ: Giấy đề nghị tái tục giấy nhận nợ,4209,Chứng từ Vận hành hàng ngày,Giấy đề nghị tái tục giấy nhận nợ,Đáo hạn,DONG_HD_DH,2026-06-17
6062790411800175987394,PGD 2312 chưa tồn tại hoặc là PGD chỉ dùng cho mượn chứng từ,2312,Chứng từ Ngân hàng hàng ngày,"Mục đích vốn (nếu có phát sinh bản giấy), Xác nhận người thụ hưởng không có TKNH với (HĐ vay 100 triệu), Chứng từ thu nhập + Năng lực tài chính (khi CIMB yêu cầu)",Giải ngân CIMB,GIAI_NGAN_CIMB,2026-06-17
6061158460200175987881,PGD 2311 chưa tồn tại hoặc là PGD chỉ dùng cho mượn chứng từ,2311,Chứng từ Ngân hàng hàng ngày,"Mục đích vốn (nếu có phát sinh bản giấy), Xác nhận người thụ hưởng không có TKNH với (HĐ vay 100 triệu), Chứng từ thu nhập + Năng lực tài chính (khi CIMB yêu cầu)",Giải ngân CIMB,GIAI_NGAN_CIMB,2026-06-17
6061152098200175995796,PGD 7968 chưa tồn tại hoặc là PGD chỉ dùng cho mượn chứng từ,7968,Chứng từ Ngân hàng hàng ngày,"Mục đích vốn (nếu có phát sinh bản giấy), Xác nhận người thụ hưởng không có TKNH với (HĐ vay 100 triệu), Chứng từ thu nhập + Năng lực tài chính (khi CIMB yêu cầu)",Giải ngân CIMB,GIAI_NGAN_CIMB,2026-06-17
6064993443300176002955,PGD 2309 chưa tồn tại hoặc là PGD chỉ dùng cho mượn chứng từ,2309,Chứng từ Ngân hàng hàng ngày,"Mục đích vốn (nếu có phát sinh bản giấy), Xác nhận người thụ hưởng không có TKNH với (HĐ vay 100 triệu), Chứng từ thu nhập + Năng lực tài chính (khi CIMB yêu cầu)",Giải ngân CIMB,GIAI_NGAN_CIMB,2026-06-17
6053336906475928348,Không map được loại chứng từ: HĐ ký gửi tài sản,5412,Chứng từ Vận hành hàng ngày,HĐ ký gửi tài sản,Đóng HĐCC chủ động,DONG_HDCC_CD,2026-06-17
6024824741475889142,PGD 8631 chưa tồn tại hoặc là PGD chỉ dùng cho mượn chứng từ,8631,Chứng từ Vận hành hàng ngày,"Giấy đề nghị, Phiếu chi giải ngân, Ủy quyền epay",Đóng HĐCC chủ động,DONG_HDCC_CD,2026-06-17
7582356575823565,PGD 7437 chưa tồn tại hoặc là PGD chỉ dùng cho mượn chứng từ,7437,Chứng từ Vận hành hàng ngày,"Phiếu chi, Biên lai / Phiếu yêu cầu dịch vụ/ Giấy nộp tiền (theo từng đơn vị chuyển tiền)",Chuyển quỹ,,2026-06-17
6061788056875881940,PGD 8136 chưa tồn tại hoặc là PGD chỉ dùng cho mượn chứng từ,8136,Chứng từ Vận hành hàng ngày,"Giấy đề nghị, Phiếu chi giải ngân, Ủy quyền epay",Đóng HĐCC chủ động,DONG_HDCC_CD,2026-06-17
7582554475825544,PGD 4826 chưa tồn tại hoặc là PGD chỉ dùng cho mượn chứng từ,4826,Chứng từ Vận hành hàng ngày,"Phiếu chi, Biên lai / Phiếu yêu cầu dịch vụ/ Giấy nộp tiền (theo từng đơn vị chuyển tiền)",Chuyển quỹ,,2026-06-17
6066607999000175986486,PGD 8631 chưa tồn tại hoặc là PGD chỉ dùng cho mượn chứng từ,8631,Chứng từ Ngân hàng hàng ngày,"Mục đích vốn (nếu có phát sinh bản giấy), Xác nhận người thụ hưởng không có TKNH với (HĐ vay 100 triệu), Chứng từ thu nhập + Năng lực tài chính (khi CIMB yêu cầu)",Giải ngân CIMB,GIAI_NGAN_CIMB,2026-06-17
5095290167675930286,Không map được loại chứng từ: HĐ ký gửi tài sản,2085,Chứng từ Vận hành hàng ngày,HĐ ký gửi tài sản,Đóng HĐCC chủ động,DONG_HDCC_CD,2026-06-17
6061862975000175985550,PGD 5739 chưa tồn tại hoặc là PGD chỉ dùng cho mượn chứng từ,5739,Chứng từ Ngân hàng hàng ngày,"Mục đích vốn (nếu có phát sinh bản giấy), Xác nhận người thụ hưởng không có TKNH với (HĐ vay 100 triệu), Chứng từ thu nhập + Năng lực tài chính (khi CIMB yêu cầu)",Giải ngân CIMB,GIAI_NGAN_CIMB,2026-06-17
6062791862700175985858,PGD 7827 chưa tồn tại hoặc là PGD chỉ dùng cho mượn chứng từ,7827,Chứng từ Ngân hàng hàng ngày,"Mục đích vốn (nếu có phát sinh bản giấy), Xác nhận người thụ hưởng không có TKNH với (HĐ vay 100 triệu), Chứng từ thu nhập + Năng lực tài chính (khi CIMB yêu cầu)",Giải ngân CIMB,GIAI_NGAN_CIMB,2026-06-17
6060388214000175986046,PGD 5552 chưa tồn tại hoặc là PGD chỉ dùng cho mượn chứng từ,5552,Chứng từ Ngân hàng hàng ngày,"Mục đích vốn (nếu có phát sinh bản giấy), Xác nhận người thụ hưởng không có TKNH với (HĐ vay 100 triệu), Chứng từ thu nhập + Năng lực tài chính (khi CIMB yêu cầu)",Giải ngân CIMB,GIAI_NGAN_CIMB,2026-06-17
7582517975825179,PGD 9322 chưa tồn tại hoặc là PGD chỉ dùng cho mượn chứng từ,9322,Chứng từ Vận hành hàng ngày,"Phiếu chi, Biên lai / Phiếu yêu cầu dịch vụ/ Giấy nộp tiền (theo từng đơn vị chuyển tiền)",Chuyển quỹ,,2026-06-17
5121989262275911417,PGD 1278 chưa tồn tại hoặc là PGD chỉ dùng cho mượn chứng từ,1278,Chứng từ Vận hành hàng ngày,"Giấy đề nghị, Phiếu chi giải ngân",Đóng HĐCC chủ động,DONG_HDCC_CD,2026-06-17
6065905551500176001116,PGD 2312 chưa tồn tại hoặc là PGD chỉ dùng cho mượn chứng từ,2312,Chứng từ Ngân hàng hàng ngày,"Mục đích vốn (nếu có phát sinh bản giấy), Xác nhận người thụ hưởng không có TKNH với (HĐ vay 100 triệu), Chứng từ thu nhập + Năng lực tài chính (khi CIMB yêu cầu)",Giải ngân CIMB,GIAI_NGAN_CIMB,2026-06-17
6051902856775912918,PGD 5435 chưa tồn tại hoặc là PGD chỉ dùng cho mượn chứng từ,5435,Chứng từ Vận hành hàng ngày,Giấy đề nghị,Đóng HĐCC chủ động,DONG_HDCC_CD,2026-06-17
6061447918900175998689,PGD 8631 chưa tồn tại hoặc là PGD chỉ dùng cho mượn chứng từ,8631,Chứng từ Ngân hàng hàng ngày,"Mục đích vốn (nếu có phát sinh bản giấy), Xác nhận người thụ hưởng không có TKNH với (HĐ vay 100 triệu), Chứng từ thu nhập + Năng lực tài chính (khi CIMB yêu cầu)",Giải ngân CIMB,GIAI_NGAN_CIMB,2026-06-17
6063744533400175987312,PGD 8516 chưa tồn tại hoặc là PGD chỉ dùng cho mượn chứng từ,8516,Chứng từ Ngân hàng hàng ngày,"Mục đích vốn (nếu có phát sinh bản giấy), Xác nhận người thụ hưởng không có TKNH với (HĐ vay 100 triệu), Chứng từ thu nhập + Năng lực tài chính (khi CIMB yêu cầu)",Giải ngân CIMB,GIAI_NGAN_CIMB,2026-06-17
7582185975821859,PGD 2310 chưa tồn tại hoặc là PGD chỉ dùng cho mượn chứng từ,2310,Chứng từ Vận hành hàng ngày,Phiếu thu,Nhận quỹ,,2026-06-17
6065715670175910000,PGD 4826 chưa tồn tại hoặc là PGD chỉ dùng cho mượn chứng từ,4826,Chứng từ Vận hành hàng ngày,Phiếu chi giải ngân,Đóng HĐCC chủ động,DONG_HDCC_CD,2026-06-17
2125363417675916674,Trùng parent_document_code trong nguồn Oracle,5813,Chứng từ Vận hành hàng ngày,"BB tất toán/thanh lý, Phiếu thu đóng hợp đồng",Đóng HĐCC nợ xấu chủ động,DONG_HDCC_CDNX,2026-06-17
6043449487975886280,PGD 2302 chưa tồn tại hoặc là PGD chỉ dùng cho mượn chứng từ,2302,Chứng từ Vận hành hàng ngày,"Giấy đề nghị, Phiếu chi giải ngân, Ủy quyền epay",Đóng HĐCC chủ động,DONG_HDCC_CD,2026-06-17
5095290167675930355,Không map được loại chứng từ: HĐ ký gửi tài sản,2085,Chứng từ Vận hành hàng ngày,HĐ ký gửi tài sản,Đóng HĐCC chủ động,DONG_HDCC_CD,2026-06-17
6067128053200176002559,PGD 2307 chưa tồn tại hoặc là PGD chỉ dùng cho mượn chứng từ,2307,Chứng từ Ngân hàng hàng ngày,"Mục đích vốn (nếu có phát sinh bản giấy), Xác nhận người thụ hưởng không có TKNH với (HĐ vay 100 triệu), Chứng từ thu nhập + Năng lực tài chính (khi CIMB yêu cầu)",Giải ngân CIMB,GIAI_NGAN_CIMB,2026-06-17
5126660552900575969110,PGD 8244 chưa tồn tại hoặc là PGD chỉ dùng cho mượn chứng từ,8244,Chứng từ Ngân hàng hàng ngày,"Mục đích vốn (nếu có phát sinh bản giấy), Xác nhận người thụ hưởng không có TKNH với (HĐ vay 100 triệu), Chứng từ thu nhập + Năng lực tài chính (khi CIMB yêu cầu)",Giải ngân CIMB,GIAI_NGAN_CIMB,2026-06-17
6032594289375914460,PGD 6219 chưa tồn tại hoặc là PGD chỉ dùng cho mượn chứng từ,6219,Chứng từ Vận hành hàng ngày,"Giấy đề nghị, Phiếu chi giải ngân, Ủy quyền epay",Đóng HĐCC chủ động,DONG_HDCC_CD,2026-06-17
6062843357200175999868,PGD 4827 chưa tồn tại hoặc là PGD chỉ dùng cho mượn chứng từ,4827,Chứng từ Ngân hàng hàng ngày,"Mục đích vốn (nếu có phát sinh bản giấy), Xác nhận người thụ hưởng không có TKNH với (HĐ vay 100 triệu), Chứng từ thu nhập + Năng lực tài chính (khi CIMB yêu cầu)",Giải ngân CIMB,GIAI_NGAN_CIMB,2026-06-17
7582235675822356,PGD 5244 chưa tồn tại hoặc là PGD chỉ dùng cho mượn chứng từ,5244,Chứng từ Vận hành hàng ngày,"Phiếu chi, Biên lai / Phiếu yêu cầu dịch vụ/ Giấy nộp tiền (theo từng đơn vị chuyển tiền)",Chuyển quỹ,,2026-06-17
6042826851175884382,Không map được loại chứng từ: HĐ ký gửi tài sản,3410,Chứng từ Vận hành hàng ngày,HĐ ký gửi tài sản,Đóng HĐCC chủ động,DONG_HDCC_CD,2026-06-17
6065094259175885285,PGD 5245 chưa tồn tại hoặc là PGD chỉ dùng cho mượn chứng từ,5245,Chứng từ Vận hành hàng ngày,"Giấy đề nghị, Phiếu chi giải ngân",Đóng HĐCC chủ động,DONG_HDCC_CD,2026-06-17
6052897864975896986,PGD 2310 chưa tồn tại hoặc là PGD chỉ dùng cho mượn chứng từ,2310,Chứng từ Vận hành hàng ngày,Giấy đề nghị,Đóng HĐCC chủ động,DONG_HDCC_CD,2026-06-17
6067610047800175991063,PGD 2310 chưa tồn tại hoặc là PGD chỉ dùng cho mượn chứng từ,2310,Chứng từ Ngân hàng hàng ngày,"Mục đích vốn (nếu có phát sinh bản giấy), Xác nhận người thụ hưởng không có TKNH với (HĐ vay 100 triệu), Chứng từ thu nhập + Năng lực tài chính (khi CIMB yêu cầu)",Giải ngân CIMB,GIAI_NGAN_CIMB,2026-06-17
6050923532975872878,PGD 5132 chưa tồn tại hoặc là PGD chỉ dùng cho mượn chứng từ,5132,Chứng từ Vận hành hàng ngày,Giấy đề nghị,Đóng HĐCC chủ động,DONG_HDCC_CD,2026-06-17
5037548347575893640,Trùng parent_document_code trong nguồn Oracle,5512,Chứng từ Vận hành hàng ngày,"BB tất toán/thanh lý, Phiếu thu đóng hợp đồng, Biên bản chấm dứt thỏa thuận sử dụng TS và hoàn trả TS",Đóng HĐCC chủ động,DONG_HDCC_CD,2026-06-17
6052897864975896967,PGD 2310 chưa tồn tại hoặc là PGD chỉ dùng cho mượn chứng từ,2310,Chứng từ Vận hành hàng ngày,"Giấy đề nghị, Phiếu chi giải ngân, Ủy quyền epay",Đóng HĐCC chủ động,DONG_HDCC_CD,2026-06-17
7582257475822574,PGD 2310 chưa tồn tại hoặc là PGD chỉ dùng cho mượn chứng từ,2310,Chứng từ Vận hành hàng ngày,"Phiếu chi, Biên lai / Phiếu yêu cầu dịch vụ/ Giấy nộp tiền (theo từng đơn vị chuyển tiền)",Chuyển quỹ,,2026-06-17
6026940334675904925,Trùng parent_document_code trong nguồn Oracle,8837,Chứng từ Vận hành hàng ngày,"Giấy đề nghị, Phiếu chi giải ngân, Ủy quyền epay",Đóng HĐCC chủ động,DONG_HDCC_CD,2026-06-17
6032594289375914480,PGD 6219 chưa tồn tại hoặc là PGD chỉ dùng cho mượn chứng từ,6219,Chứng từ Vận hành hàng ngày,Giấy đề nghị,Đóng HĐCC chủ động,DONG_HDCC_CD,2026-06-17
5071047396375922394,PGD 1278 chưa tồn tại hoặc là PGD chỉ dùng cho mượn chứng từ,1278,Chứng từ Vận hành hàng ngày,"Giấy đề nghị, Phiếu chi giải ngân",Đóng HĐCC chủ động,DONG_HDCC_CD,2026-06-17
6063594284100175986514,PGD 8631 chưa tồn tại hoặc là PGD chỉ dùng cho mượn chứng từ,8631,Chứng từ Ngân hàng hàng ngày,"Mục đích vốn (nếu có phát sinh bản giấy), Xác nhận người thụ hưởng không có TKNH với (HĐ vay 100 triệu), Chứng từ thu nhập + Năng lực tài chính (khi CIMB yêu cầu)",Giải ngân CIMB,GIAI_NGAN_CIMB,2026-06-17
6066518769200175996573,PGD 7827 chưa tồn tại hoặc là PGD chỉ dùng cho mượn chứng từ,7827,Chứng từ Ngân hàng hàng ngày,"Mục đích vốn (nếu có phát sinh bản giấy), Xác nhận người thụ hưởng không có TKNH với (HĐ vay 100 triệu), Chứng từ thu nhập + Năng lực tài chính (khi CIMB yêu cầu)",Giải ngân CIMB,GIAI_NGAN_CIMB,2026-06-17
7582280075822800,PGD 5552 chưa tồn tại hoặc là PGD chỉ dùng cho mượn chứng từ,5552,Chứng từ Vận hành hàng ngày,"Phiếu chi, Biên lai / Phiếu yêu cầu dịch vụ/ Giấy nộp tiền (theo từng đơn vị chuyển tiền)",Chuyển quỹ,,2026-06-17
7582443275824432,PGD 5435 chưa tồn tại hoặc là PGD chỉ dùng cho mượn chứng từ,5435,Chứng từ Vận hành hàng ngày,"Phiếu chi, Biên lai / Phiếu yêu cầu dịch vụ/ Giấy nộp tiền (theo từng đơn vị chuyển tiền)",Chuyển quỹ,,2026-06-17
7582726575827265,PGD 7968 chưa tồn tại hoặc là PGD chỉ dùng cho mượn chứng từ,7968,Chứng từ Vận hành hàng ngày,"Phiếu chi, Biên lai / Phiếu yêu cầu dịch vụ/ Giấy nộp tiền (theo từng đơn vị chuyển tiền)",Chuyển quỹ,,2026-06-17
3115625211600375995231,Không map được loại chứng từ: Giấy đề nghị tái tục giấy nhận nợ,7201,Chứng từ Vận hành hàng ngày,Giấy đề nghị tái tục giấy nhận nợ,Đáo hạn,DONG_HD_DH,2026-06-17
6065865694700175998786,PGD 8025 chưa tồn tại hoặc là PGD chỉ dùng cho mượn chứng từ,8025,Chứng từ Ngân hàng hàng ngày,"Mục đích vốn (nếu có phát sinh bản giấy), Xác nhận người thụ hưởng không có TKNH với (HĐ vay 100 triệu), Chứng từ thu nhập + Năng lực tài chính (khi CIMB yêu cầu)",Giải ngân CIMB,GIAI_NGAN_CIMB,2026-06-17
5013858793275877543,Trùng parent_document_code trong nguồn Oracle,8606,Chứng từ Vận hành hàng ngày,"Giấy đề nghị, Phiếu chi giải ngân",Đóng HĐCC nợ xấu chủ động,DONG_HDCC_CDNX,2026-06-17
6053336906475928328,Không map được loại chứng từ: HĐ ký gửi tài sản,5412,Chứng từ Vận hành hàng ngày,HĐ ký gửi tài sản,Đóng HĐCC chủ động,DONG_HDCC_CD,2026-06-17
5066260822375903441,Trùng parent_document_code trong nguồn Oracle,2040,Chứng từ Vận hành hàng ngày,"Giấy đề nghị, Phiếu chi giải ngân",Đóng HĐCC nợ xấu chủ động,DONG_HDCC_CDNX,2026-06-17
7582924975829249,PGD 1286 chưa tồn tại hoặc là PGD chỉ dùng cho mượn chứng từ,1286,Chứng từ Vận hành hàng ngày,"Phiếu chi, Biên lai / Phiếu yêu cầu dịch vụ/ Giấy nộp tiền (theo từng đơn vị chuyển tiền)",Chuyển quỹ,,2026-06-17
6033428402175921235,PGD 5552 chưa tồn tại hoặc là PGD chỉ dùng cho mượn chứng từ,5552,Chứng từ Vận hành hàng ngày,Giấy đề nghị,Đóng HĐCC chủ động,DONG_HDCC_CD,2026-06-17
3082842652175903420,Trùng parent_document_code trong nguồn Oracle,8712,Chứng từ Vận hành hàng ngày,"BB tất toán/thanh lý, Phiếu thu đóng hợp đồng, Biên bản chấm dứt thỏa thuận sử dụng TS và hoàn trả TS",Đóng HĐCC nợ xấu chủ động,DONG_HDCC_CDNX,2026-06-17
7582778475827784,PGD 2302 chưa tồn tại hoặc là PGD chỉ dùng cho mượn chứng từ,2302,Chứng từ Vận hành hàng ngày,"Phiếu chi, Biên lai / Phiếu yêu cầu dịch vụ/ Giấy nộp tiền (theo từng đơn vị chuyển tiền)",Chuyển quỹ,,2026-06-17
6067392970400175998235,PGD 2306 chưa tồn tại hoặc là PGD chỉ dùng cho mượn chứng từ,2306,Chứng từ Ngân hàng hàng ngày,"Mục đích vốn (nếu có phát sinh bản giấy), Xác nhận người thụ hưởng không có TKNH với (HĐ vay 100 triệu), Chứng từ thu nhập + Năng lực tài chính (khi CIMB yêu cầu)",Giải ngân CIMB,GIAI_NGAN_CIMB,2026-06-17
6065161354100176002421,PGD 7767 chưa tồn tại hoặc là PGD chỉ dùng cho mượn chứng từ,7767,Chứng từ Ngân hàng hàng ngày,"Mục đích vốn (nếu có phát sinh bản giấy), Xác nhận người thụ hưởng không có TKNH với (HĐ vay 100 triệu), Chứng từ thu nhập + Năng lực tài chính (khi CIMB yêu cầu)",Giải ngân CIMB,GIAI_NGAN_CIMB,2026-06-17
5042648651575906082,Trùng parent_document_code trong nguồn Oracle,4434,Chứng từ Vận hành hàng ngày,"Giấy đề nghị, Phiếu chi giải ngân",Đóng HĐCC chủ động,DONG_HDCC_CD,2026-06-17
6067165754400175980347,PGD 5738 chưa tồn tại hoặc là PGD chỉ dùng cho mượn chứng từ,5738,Chứng từ Ngân hàng hàng ngày,"Mục đích vốn (nếu có phát sinh bản giấy), Xác nhận người thụ hưởng không có TKNH với (HĐ vay 100 triệu), Chứng từ thu nhập + Năng lực tài chính (khi CIMB yêu cầu)",Giải ngân CIMB,GIAI_NGAN_CIMB,2026-06-17
6060036090800175983081,PGD 2310 chưa tồn tại hoặc là PGD chỉ dùng cho mượn chứng từ,2310,Chứng từ Ngân hàng hàng ngày,"Mục đích vốn (nếu có phát sinh bản giấy), Xác nhận người thụ hưởng không có TKNH với (HĐ vay 100 triệu), Chứng từ thu nhập + Năng lực tài chính (khi CIMB yêu cầu)",Giải ngân CIMB,GIAI_NGAN_CIMB,2026-06-17
5081982974000175987054,PGD 9221 chưa tồn tại hoặc là PGD chỉ dùng cho mượn chứng từ,9221,Chứng từ Vận hành hàng ngày,"Phiếu yêu cầu miễn giảm (nếu có), Phiếu yêu cầu miễn giảm (nếu có)",Miễn giảm đóng HĐ,MIEN_GIAM_DONG_HD,2026-06-17
5081982974000175987056,PGD 9221 chưa tồn tại hoặc là PGD chỉ dùng cho mượn chứng từ,9221,Chứng từ Vận hành hàng ngày,Phiếu thu đóng hợp đồng,Đóng hợp đồng chủ động,DONG_HD_CD,2026-06-17
6063193671500175978519,PGD 2311 chưa tồn tại hoặc là PGD chỉ dùng cho mượn chứng từ,2311,Chứng từ Ngân hàng hàng ngày,"Mục đích vốn (nếu có phát sinh bản giấy), Xác nhận người thụ hưởng không có TKNH với (HĐ vay 100 triệu), Chứng từ thu nhập + Năng lực tài chính (khi CIMB yêu cầu)",Giải ngân CIMB,GIAI_NGAN_CIMB,2026-06-17
5097640461575913090,Trùng parent_document_code trong nguồn Oracle,8209,Chứng từ Vận hành hàng ngày,"BB tất toán/thanh lý, Phiếu thu đóng hợp đồng, Biên bản chấm dứt thỏa thuận sử dụng TS và hoàn trả TS",Đóng HĐCC nợ xấu chủ động,DONG_HDCC_CDNX,2026-06-17
6065437217900175974336,PGD 9322 chưa tồn tại hoặc là PGD chỉ dùng cho mượn chứng từ,9322,Chứng từ Ngân hàng hàng ngày,"Mục đích vốn (nếu có phát sinh bản giấy), Xác nhận người thụ hưởng không có TKNH với (HĐ vay 100 triệu), Chứng từ thu nhập + Năng lực tài chính (khi CIMB yêu cầu)",Giải ngân CIMB,GIAI_NGAN_CIMB,2026-06-17
6061160558400175975635,PGD 5435 chưa tồn tại hoặc là PGD chỉ dùng cho mượn chứng từ,5435,Chứng từ Ngân hàng hàng ngày,"Mục đích vốn (nếu có phát sinh bản giấy), Xác nhận người thụ hưởng không có TKNH với (HĐ vay 100 triệu), Chứng từ thu nhập + Năng lực tài chính (khi CIMB yêu cầu)",Giải ngân CIMB,GIAI_NGAN_CIMB,2026-06-17
6052897864900175987727,PGD 2310 chưa tồn tại hoặc là PGD chỉ dùng cho mượn chứng từ,2310,Chứng từ Vận hành hàng ngày,"Phiếu yêu cầu miễn giảm (nếu có), Phiếu yêu cầu miễn giảm (nếu có)",Miễn giảm đóng HĐ,MIEN_GIAM_DONG_HD,2026-06-17
6060630108700175994831,PGD 4827 chưa tồn tại hoặc là PGD chỉ dùng cho mượn chứng từ,4827,Chứng từ Ngân hàng hàng ngày,"Mục đích vốn (nếu có phát sinh bản giấy), Xác nhận người thụ hưởng không có TKNH với (HĐ vay 100 triệu), Chứng từ thu nhập + Năng lực tài chính (khi CIMB yêu cầu)",Giải ngân CIMB,GIAI_NGAN_CIMB,2026-06-17
6045594575500475990611,PGD 1278 chưa tồn tại hoặc là PGD chỉ dùng cho mượn chứng từ,1278,Chứng từ Ngân hàng hàng ngày,"Mục đích vốn (nếu có phát sinh bản giấy), Xác nhận người thụ hưởng không có TKNH với (HĐ vay 100 triệu), Chứng từ thu nhập + Năng lực tài chính (khi CIMB yêu cầu)",Giải ngân CIMB,GIAI_NGAN_CIMB,2026-06-17
6049085229175885927,PGD 5132 chưa tồn tại hoặc là PGD chỉ dùng cho mượn chứng từ,5132,Chứng từ Vận hành hàng ngày,"Giấy đề nghị, Phiếu chi giải ngân",Đóng HĐCC chủ động,DONG_HDCC_CD,2026-06-17
5044402624675909399,Trùng parent_document_code trong nguồn Oracle,8623,Chứng từ Vận hành hàng ngày,"BB tất toán/thanh lý, Phiếu thu đóng hợp đồng, Biên bản chấm dứt thỏa thuận sử dụng TS và hoàn trả TS",Đóng HĐCC nợ xấu chủ động,DONG_HDCC_CDNX,2026-06-17
7582545675825456,PGD 8244 chưa tồn tại hoặc là PGD chỉ dùng cho mượn chứng từ,8244,Chứng từ Vận hành hàng ngày,"Phiếu chi, Biên lai / Phiếu yêu cầu dịch vụ/ Giấy nộp tiền (theo từng đơn vị chuyển tiền)",Chuyển quỹ,,2026-06-17
5060900970175905112,Trùng parent_document_code trong nguồn Oracle,2278,Chứng từ Vận hành hàng ngày,"Giấy đề nghị, Phiếu chi giải ngân",Đóng HĐCC nợ xấu chủ động,DONG_HDCC_CDNX,2026-06-17
5034425015075913294,Trùng parent_document_code trong nguồn Oracle,2022,Chứng từ Vận hành hàng ngày,"Giấy đề nghị, Phiếu chi giải ngân, Ủy quyền epay",Đóng HĐCC nợ xấu chủ động,DONG_HDCC_CDNX,2026-06-17
6050923532975872862,PGD 5132 chưa tồn tại hoặc là PGD chỉ dùng cho mượn chứng từ,5132,Chứng từ Vận hành hàng ngày,"Giấy đề nghị, Phiếu chi giải ngân, Ủy quyền epay",Đóng HĐCC chủ động,DONG_HDCC_CD,2026-06-17
6012216943875879748,PGD 7767 chưa tồn tại hoặc là PGD chỉ dùng cho mượn chứng từ,7767,Chứng từ Vận hành hàng ngày,"Giấy đề nghị, Phiếu chi giải ngân, Ủy quyền epay",Đóng HĐCC chủ động,DONG_HDCC_CD,2026-06-17
6060077424600175973912,PGD 8135 chưa tồn tại hoặc là PGD chỉ dùng cho mượn chứng từ,8135,Chứng từ Ngân hàng hàng ngày,"Mục đích vốn (nếu có phát sinh bản giấy), Xác nhận người thụ hưởng không có TKNH với (HĐ vay 100 triệu), Chứng từ thu nhập + Năng lực tài chính (khi CIMB yêu cầu)",Giải ngân CIMB,GIAI_NGAN_CIMB,2026-06-17
6063126915300175974211,Không map được loại chứng từ: Giấy đề nghị tái tục giấy nhận nợ,4404,Chứng từ Vận hành hàng ngày,Giấy đề nghị tái tục giấy nhận nợ,Đáo hạn,DONG_HD_DH,2026-06-17
7581940675819406,PGD 8244 chưa tồn tại hoặc là PGD chỉ dùng cho mượn chứng từ,8244,Chứng từ Vận hành hàng ngày,"Phiếu chi, Biên lai / Phiếu yêu cầu dịch vụ/ Giấy nộp tiền (theo từng đơn vị chuyển tiền)",Chuyển quỹ,,2026-06-17
6060059052200175988831,PGD 8516 chưa tồn tại hoặc là PGD chỉ dùng cho mượn chứng từ,8516,Chứng từ Ngân hàng hàng ngày,"Mục đích vốn (nếu có phát sinh bản giấy), Xác nhận người thụ hưởng không có TKNH với (HĐ vay 100 triệu), Chứng từ thu nhập + Năng lực tài chính (khi CIMB yêu cầu)",Giải ngân CIMB,GIAI_NGAN_CIMB,2026-06-17
5076781088975874853,Trùng parent_document_code trong nguồn Oracle,8805,Chứng từ Vận hành hàng ngày,"BB tất toán/thanh lý, Phiếu thu đóng hợp đồng, Biên bản chấm dứt thỏa thuận sử dụng TS và hoàn trả TS",Đóng HĐCC chủ động,DONG_HDCC_CD,2026-06-17
6066558700875882386,PGD 1284 chưa tồn tại hoặc là PGD chỉ dùng cho mượn chứng từ,1284,Chứng từ Vận hành hàng ngày,"Giấy đề nghị, Phiếu chi giải ngân",Đóng HĐCC chủ động,DONG_HDCC_CD,2026-06-17
6042826851175884409,Không map được loại chứng từ: HĐ ký gửi tài sản,3410,Chứng từ Vận hành hàng ngày,HĐ ký gửi tài sản,Đóng HĐCC chủ động,DONG_HDCC_CD,2026-06-17
6063520431300175988275,PGD 2310 chưa tồn tại hoặc là PGD chỉ dùng cho mượn chứng từ,2310,Chứng từ Ngân hàng hàng ngày,"Mục đích vốn (nếu có phát sinh bản giấy), Xác nhận người thụ hưởng không có TKNH với (HĐ vay 100 triệu), Chứng từ thu nhập + Năng lực tài chính (khi CIMB yêu cầu)",Giải ngân CIMB,GIAI_NGAN_CIMB,2026-06-17
6064233927300176001619,PGD 8025 chưa tồn tại hoặc là PGD chỉ dùng cho mượn chứng từ,8025,Chứng từ Ngân hàng hàng ngày,"Mục đích vốn (nếu có phát sinh bản giấy), Xác nhận người thụ hưởng không có TKNH với (HĐ vay 100 triệu), Chứng từ thu nhập + Năng lực tài chính (khi CIMB yêu cầu)",Giải ngân CIMB,GIAI_NGAN_CIMB,2026-06-17
6043449487975886291,PGD 2302 chưa tồn tại hoặc là PGD chỉ dùng cho mượn chứng từ,2302,Chứng từ Vận hành hàng ngày,Giấy đề nghị,Đóng HĐCC chủ động,DONG_HDCC_CD,2026-06-17
5095013500675923662,Không map được loại chứng từ: HĐ ký gửi tài sản,7942,Chứng từ Vận hành hàng ngày,HĐ ký gửi tài sản,Đóng HĐCC chủ động,DONG_HDCC_CD,2026-06-17
5086086287175873333,PGD 1278 chưa tồn tại hoặc là PGD chỉ dùng cho mượn chứng từ,1278,Chứng từ Vận hành hàng ngày,Giấy đề nghị,Đóng HĐCC chủ động,DONG_HDCC_CD,2026-06-17
6039440194175882114,Trùng parent_document_code trong nguồn Oracle,7120,Chứng từ Vận hành hàng ngày,"Giấy đề nghị, Phiếu chi giải ngân",Đóng HĐCC chủ động,DONG_HDCC_CD,2026-06-17
4116192570075904912,Trùng parent_document_code trong nguồn Oracle,4102,Chứng từ Vận hành hàng ngày,"Giấy đề nghị, Phiếu chi giải ngân, Ủy quyền epay",Đóng HĐCC nợ xấu chủ động,DONG_HDCC_CDNX,2026-06-17
6066095957500175993234,PGD 8244 chưa tồn tại hoặc là PGD chỉ dùng cho mượn chứng từ,8244,Chứng từ Ngân hàng hàng ngày,"Mục đích vốn (nếu có phát sinh bản giấy), Xác nhận người thụ hưởng không có TKNH với (HĐ vay 100 triệu), Chứng từ thu nhập + Năng lực tài chính (khi CIMB yêu cầu)",Giải ngân CIMB,GIAI_NGAN_CIMB,2026-06-17
6069111801200175986141,PGD 8245 chưa tồn tại hoặc là PGD chỉ dùng cho mượn chứng từ,8245,Chứng từ Ngân hàng hàng ngày,"Mục đích vốn (nếu có phát sinh bản giấy), Xác nhận người thụ hưởng không có TKNH với (HĐ vay 100 triệu), Chứng từ thu nhập + Năng lực tài chính (khi CIMB yêu cầu)",Giải ngân CIMB,GIAI_NGAN_CIMB,2026-06-17
6060994182100175999265,PGD 1287 chưa tồn tại hoặc là PGD chỉ dùng cho mượn chứng từ,1287,Chứng từ Ngân hàng hàng ngày,"Mục đích vốn (nếu có phát sinh bản giấy), Xác nhận người thụ hưởng không có TKNH với (HĐ vay 100 triệu), Chứng từ thu nhập + Năng lực tài chính (khi CIMB yêu cầu)",Giải ngân CIMB,GIAI_NGAN_CIMB,2026-06-17
7582255075822550,PGD 5244 chưa tồn tại hoặc là PGD chỉ dùng cho mượn chứng từ,5244,Chứng từ Vận hành hàng ngày,"Phiếu chi, Biên lai / Phiếu yêu cầu dịch vụ/ Giấy nộp tiền (theo từng đơn vị chuyển tiền)",Chuyển quỹ,,2026-06-17
6038412309175928555,Không map được loại chứng từ: HĐ ký gửi tài sản,3615,Chứng từ Vận hành hàng ngày,HĐ ký gửi tài sản,Đóng HĐCC chủ động,DONG_HDCC_CD,2026-06-17
3123350599500475976628,Không map được loại chứng từ: Giấy đề nghị tái tục giấy nhận nợ,7801,Chứng từ Vận hành hàng ngày,Giấy đề nghị tái tục giấy nhận nợ,Đáo hạn,DONG_HD_DH,2026-06-17
6063755339800175992986,PGD 7767 chưa tồn tại hoặc là PGD chỉ dùng cho mượn chứng từ,7767,Chứng từ Ngân hàng hàng ngày,"Mục đích vốn (nếu có phát sinh bản giấy), Xác nhận người thụ hưởng không có TKNH với (HĐ vay 100 triệu), Chứng từ thu nhập + Năng lực tài chính (khi CIMB yêu cầu)",Giải ngân CIMB,GIAI_NGAN_CIMB,2026-06-17
4080681348575931499,Trùng parent_document_code trong nguồn Oracle,8928,Chứng từ Vận hành hàng ngày,"Giấy đề nghị, Phiếu chi giải ngân",Đóng HĐCC nợ xấu chủ động,DONG_HDCC_CDNX,2026-06-17
6048018919000175983086,PGD 5244 chưa tồn tại hoặc là PGD chỉ dùng cho mượn chứng từ,5244,Chứng từ Vận hành hàng ngày,Phiếu thu đóng hợp đồng,Đóng hợp đồng chủ động,DONG_HD_CD,2026-06-17
5120962029975891722,Trùng parent_document_code trong nguồn Oracle,4412,Chứng từ Vận hành hàng ngày,"Giấy đề nghị, Phiếu chi giải ngân",Đóng HĐCC nợ xấu chủ động,DONG_HDCC_CDNX,2026-06-17
6067189870100175996186,PGD 9221 chưa tồn tại hoặc là PGD chỉ dùng cho mượn chứng từ,9221,Chứng từ Ngân hàng hàng ngày,"Mục đích vốn (nếu có phát sinh bản giấy), Xác nhận người thụ hưởng không có TKNH với (HĐ vay 100 triệu), Chứng từ thu nhập + Năng lực tài chính (khi CIMB yêu cầu)",Giải ngân CIMB,GIAI_NGAN_CIMB,2026-06-17
6064866788800175971249,PGD 4114 chưa tồn tại hoặc là PGD chỉ dùng cho mượn chứng từ,4114,Chứng từ Ngân hàng hàng ngày,"Mục đích vốn (nếu có phát sinh bản giấy), Xác nhận người thụ hưởng không có TKNH với (HĐ vay 100 triệu), Chứng từ thu nhập + Năng lực tài chính (khi CIMB yêu cầu)",Giải ngân CIMB,GIAI_NGAN_CIMB,2026-06-17
6044055240575876522,Không map được loại chứng từ: HĐ ký gửi tài sản,4320,Chứng từ Vận hành hàng ngày,HĐ ký gửi tài sản,Đóng HĐCC chủ động,DONG_HDCC_CD,2026-06-17
6044055240575876541,Không map được loại chứng từ: HĐ ký gửi tài sản,4320,Chứng từ Vận hành hàng ngày,HĐ ký gửi tài sản,Đóng HĐCC chủ động,DONG_HDCC_CD,2026-06-17
7580951875809518,PGD 5552 chưa tồn tại hoặc là PGD chỉ dùng cho mượn chứng từ,5552,Chứng từ Vận hành hàng ngày,Phiếu chi,Rút tiền dư từ CIF,RUT_TIEN_DU_KH,2026-06-17
5086086287175873263,PGD 1278 chưa tồn tại hoặc là PGD chỉ dùng cho mượn chứng từ,1278,Chứng từ Vận hành hàng ngày,"Giấy đề nghị, Phiếu chi giải ngân, Ủy quyền epay",Đóng HĐCC chủ động,DONG_HDCC_CD,2026-06-17
5050626824675873616,Trùng parent_document_code trong nguồn Oracle,2041,Chứng từ Vận hành hàng ngày,"Giấy đề nghị, Phiếu chi giải ngân",Đóng HĐCC nợ xấu chủ động,DONG_HDCC_CDNX,2026-06-17
6042006069175874439,Trùng parent_document_code trong nguồn Oracle,6731,Chứng từ Vận hành hàng ngày,"Giấy đề nghị, Phiếu chi giải ngân, Ủy quyền epay",Đóng HĐCC chủ động,DONG_HDCC_CD,2026-06-17
6042006069175874452,PGD 6731 chưa tồn tại hoặc là PGD chỉ dùng cho mượn chứng từ,6731,Chứng từ Vận hành hàng ngày,"BB tất toán/thanh lý, Phiếu thu đóng hợp đồng, Biên bản chấm dứt thỏa thuận sử dụng TS và hoàn trả TS, Giấy đề nghị",Đóng HĐCC chủ động,DONG_HDCC_CD,2026-06-17
6033428402175921206,PGD 5552 chưa tồn tại hoặc là PGD chỉ dùng cho mượn chứng từ,5552,Chứng từ Vận hành hàng ngày,"Giấy đề nghị, Phiếu chi giải ngân, Ủy quyền epay",Đóng HĐCC chủ động,DONG_HDCC_CD,2026-06-17
6012216943875879758,PGD 7767 chưa tồn tại hoặc là PGD chỉ dùng cho mượn chứng từ,7767,Chứng từ Vận hành hàng ngày,Giấy đề nghị,Đóng HĐCC chủ động,DONG_HDCC_CD,2026-06-17
6048018919075884812,PGD 5244 chưa tồn tại hoặc là PGD chỉ dùng cho mượn chứng từ,5244,Chứng từ Vận hành hàng ngày,"Giấy đề nghị, Phiếu chi giải ngân",Đóng HĐCC chủ động,DONG_HDCC_CD,2026-06-17
6056313482475888136,PGD 5552 chưa tồn tại hoặc là PGD chỉ dùng cho mượn chứng từ,5552,Chứng từ Vận hành hàng ngày,"Giấy đề nghị, Phiếu chi giải ngân",Đóng HĐCC chủ động,DONG_HDCC_CD,2026-06-17
5103346986075896287,Trùng parent_document_code trong nguồn Oracle,4805,Chứng từ Vận hành hàng ngày,"BB tất toán/thanh lý, Phiếu thu đóng hợp đồng, Biên bản chấm dứt thỏa thuận sử dụng TS và hoàn trả TS",Đóng HĐCC nợ xấu chủ động,DONG_HDCC_CDNX,2026-06-17
6061788056875882102,PGD 8136 chưa tồn tại hoặc là PGD chỉ dùng cho mượn chứng từ,8136,Chứng từ Vận hành hàng ngày,Giấy đề nghị,Đóng HĐCC chủ động,DONG_HDCC_CD,2026-06-17
2106321519575919548,Trùng parent_document_code trong nguồn Oracle,2116,Chứng từ Vận hành hàng ngày,"Giấy đề nghị, Phiếu chi giải ngân",Đóng HĐCC nợ xấu chủ động,DONG_HDCC_CDNX,2026-06-17
5095013500675923632,Không map được loại chứng từ: HĐ ký gửi tài sản,7942,Chứng từ Vận hành hàng ngày,HĐ ký gửi tài sản,Đóng HĐCC chủ động,DONG_HDCC_CD,2026-06-17
5117540917075925809,Trùng parent_document_code trong nguồn Oracle,4610,Chứng từ Vận hành hàng ngày,"BB tất toán/thanh lý, Phiếu thu đóng hợp đồng, Biên bản chấm dứt thỏa thuận sử dụng TS và hoàn trả TS",Đóng HĐCC chủ động,DONG_HDCC_CD,2026-06-17
6024824741475889171,PGD 8631 chưa tồn tại hoặc là PGD chỉ dùng cho mượn chứng từ,8631,Chứng từ Vận hành hàng ngày,Giấy đề nghị,Đóng HĐCC chủ động,DONG_HDCC_CD,2026-06-17
6051902856775912905,PGD 5435 chưa tồn tại hoặc là PGD chỉ dùng cho mượn chứng từ,5435,Chứng từ Vận hành hàng ngày,"Giấy đề nghị, Phiếu chi giải ngân, Ủy quyền epay",Đóng HĐCC chủ động,DONG_HDCC_CD,2026-06-17
6064764714800175995682,PGD 5132 chưa tồn tại hoặc là PGD chỉ dùng cho mượn chứng từ,5132,Chứng từ Ngân hàng hàng ngày,"Mục đích vốn (nếu có phát sinh bản giấy), Xác nhận người thụ hưởng không có TKNH với (HĐ vay 100 triệu), Chứng từ thu nhập + Năng lực tài chính (khi CIMB yêu cầu)",Giải ngân CIMB,GIAI_NGAN_CIMB,2026-06-17
6065719066700176183886,Không map được loại chứng từ: Mục đích sử dụng vốn cho khoản vay trên 100 triệu (MB yêu cầu),1013,Chứng từ Ngân hàng hàng ngày,Mục đích sử dụng vốn cho khoản vay trên 100 triệu (MB yêu cầu),Giải ngân MB,GIAI_NGAN_MB,2026-06-18
6061138560200176179709,PGD 7767 chưa tồn tại hoặc là PGD chỉ dùng cho mượn chứng từ,7767,Chứng từ Ngân hàng hàng ngày,"Mục đích vốn (nếu có phát sinh bản giấy), Xác nhận người thụ hưởng không có TKNH với (HĐ vay 100 triệu), Chứng từ thu nhập + Năng lực tài chính (khi CIMB yêu cầu)",Giải ngân CIMB,GIAI_NGAN_CIMB,2026-06-18
6039980978776110495,PGD 2303 chưa tồn tại hoặc là PGD chỉ dùng cho mượn chứng từ,2303,Chứng từ Vận hành hàng ngày,"Giấy đề nghị, Phiếu chi giải ngân, Ủy quyền epay",Đóng HĐCC chủ động,DONG_HDCC_CD,2026-06-18
6047858348800376189708,PGD 8135 chưa tồn tại hoặc là PGD chỉ dùng cho mượn chứng từ,8135,Chứng từ Ngân hàng hàng ngày,"Mục đích vốn (nếu có phát sinh bản giấy), Xác nhận người thụ hưởng không có TKNH với (HĐ vay 100 triệu), Chứng từ thu nhập + Năng lực tài chính (khi CIMB yêu cầu)",Giải ngân CIMB,GIAI_NGAN_CIMB,2026-06-18
6010110611500276177114,Không map được loại chứng từ: Giấy đề nghị tái tục giấy nhận nợ,9201,Chứng từ Vận hành hàng ngày,Giấy đề nghị tái tục giấy nhận nợ,Đáo hạn,DONG_HD_DH,2026-06-18
7603306376033063,PGD 8631 chưa tồn tại hoặc là PGD chỉ dùng cho mượn chứng từ,8631,Chứng từ Vận hành hàng ngày,Phiếu thu,Nhận quỹ,,2026-06-18
6063241446100176198700,Không map được loại chứng từ: Mục đích sử dụng vốn cho khoản vay trên 100 triệu (MB yêu cầu),4303,Chứng từ Ngân hàng hàng ngày,Mục đích sử dụng vốn cho khoản vay trên 100 triệu (MB yêu cầu),Giải ngân MB,GIAI_NGAN_MB,2026-06-18
5061664671900376198949,Không map được loại chứng từ: Giấy đề nghị tái tục giấy nhận nợ,4517,Chứng từ Vận hành hàng ngày,Giấy đề nghị tái tục giấy nhận nợ,Đáo hạn,DONG_HD_DH,2026-06-18
6066504866200176182299,PGD 8631 chưa tồn tại hoặc là PGD chỉ dùng cho mượn chứng từ,8631,Chứng từ Ngân hàng hàng ngày,"Mục đích vốn (nếu có phát sinh bản giấy), Xác nhận người thụ hưởng không có TKNH với (HĐ vay 100 triệu), Chứng từ thu nhập + Năng lực tài chính (khi CIMB yêu cầu)",Giải ngân CIMB,GIAI_NGAN_CIMB,2026-06-18
7603594776035947,PGD 5132 chưa tồn tại hoặc là PGD chỉ dùng cho mượn chứng từ,5132,Chứng từ Vận hành hàng ngày,"Phiếu chi, Biên lai / Phiếu yêu cầu dịch vụ/ Giấy nộp tiền (theo từng đơn vị chuyển tiền)",Chuyển quỹ,,2026-06-18
6053782010976097969,PGD 6731 chưa tồn tại hoặc là PGD chỉ dùng cho mượn chứng từ,6731,Chứng từ Vận hành hàng ngày,"Giấy đề nghị, Phiếu chi giải ngân, Ủy quyền epay",Đóng HĐCC chủ động,DONG_HDCC_CD,2026-06-18
6065528906700176185988,PGD 8244 chưa tồn tại hoặc là PGD chỉ dùng cho mượn chứng từ,8244,Chứng từ Ngân hàng hàng ngày,"Mục đích vốn (nếu có phát sinh bản giấy), Xác nhận người thụ hưởng không có TKNH với (HĐ vay 100 triệu), Chứng từ thu nhập + Năng lực tài chính (khi CIMB yêu cầu)",Giải ngân CIMB,GIAI_NGAN_CIMB,2026-06-18
6060427188400176197136,PGD 5243 chưa tồn tại hoặc là PGD chỉ dùng cho mượn chứng từ,5243,Chứng từ Ngân hàng hàng ngày,"Mục đích vốn (nếu có phát sinh bản giấy), Xác nhận người thụ hưởng không có TKNH với (HĐ vay 100 triệu), Chứng từ thu nhập + Năng lực tài chính (khi CIMB yêu cầu)",Giải ngân CIMB,GIAI_NGAN_CIMB,2026-06-18
6058928117076079669,PGD 6731 chưa tồn tại hoặc là PGD chỉ dùng cho mượn chứng từ,6731,Chứng từ Vận hành hàng ngày,Giấy đề nghị,Đóng HĐCC chủ động,DONG_HDCC_CD,2026-06-18
6066419888276131342,PGD 5132 chưa tồn tại hoặc là PGD chỉ dùng cho mượn chứng từ,5132,Chứng từ Vận hành hàng ngày,Giấy đề nghị,Đóng HĐCC chủ động,DONG_HDCC_CD,2026-06-18
6055109818076085140,PGD 2309 chưa tồn tại hoặc là PGD chỉ dùng cho mượn chứng từ,2309,Chứng từ Vận hành hàng ngày,"Giấy đề nghị, Phiếu chi giải ngân, Ủy quyền epay",Đóng HĐCC chủ động,DONG_HDCC_CD,2026-06-18
6059732894900176186746,PGD 1286 chưa tồn tại hoặc là PGD chỉ dùng cho mượn chứng từ,1286,Chứng từ Vận hành hàng ngày,"Phiếu yêu cầu miễn giảm (nếu có), Phiếu yêu cầu miễn giảm (nếu có)",Miễn giảm,MIEN_GIAM,2026-06-18
7603351276033512,PGD 8631 chưa tồn tại hoặc là PGD chỉ dùng cho mượn chứng từ,8631,Chứng từ Vận hành hàng ngày,Phiếu thu,Nhận quỹ,,2026-06-18
6027700348076095790,Không map được loại chứng từ: HĐ ký gửi tài sản,6701,Chứng từ Vận hành hàng ngày,HĐ ký gửi tài sản,Đóng HĐCC chủ động,DONG_HDCC_CD,2026-06-18
6065271696900176187413,PGD 8136 chưa tồn tại hoặc là PGD chỉ dùng cho mượn chứng từ,8136,Chứng từ Ngân hàng hàng ngày,"Mục đích vốn (nếu có phát sinh bản giấy), Xác nhận người thụ hưởng không có TKNH với (HĐ vay 100 triệu), Chứng từ thu nhập + Năng lực tài chính (khi CIMB yêu cầu)",Giải ngân CIMB,GIAI_NGAN_CIMB,2026-06-18
6039211159276103687,Không map được loại chứng từ: HĐ ký gửi tài sản,1202,Chứng từ Vận hành hàng ngày,HĐ ký gửi tài sản,Đóng HĐCC chủ động,DONG_HDCC_CD,2026-06-18
6060085779300176183714,PGD 8631 chưa tồn tại hoặc là PGD chỉ dùng cho mượn chứng từ,8631,Chứng từ Ngân hàng hàng ngày,"Mục đích vốn (nếu có phát sinh bản giấy), Xác nhận người thụ hưởng không có TKNH với (HĐ vay 100 triệu), Chứng từ thu nhập + Năng lực tài chính (khi CIMB yêu cầu)",Giải ngân CIMB,GIAI_NGAN_CIMB,2026-06-18
7604221376042213,PGD 5132 chưa tồn tại hoặc là PGD chỉ dùng cho mượn chứng từ,5132,Chứng từ Vận hành hàng ngày,"Phiếu chi, Biên lai / Phiếu yêu cầu dịch vụ/ Giấy nộp tiền (theo từng đơn vị chuyển tiền)",Chuyển quỹ,,2026-06-18
6053782010976098027,PGD 6731 chưa tồn tại hoặc là PGD chỉ dùng cho mượn chứng từ,6731,Chứng từ Vận hành hàng ngày,Giấy đề nghị,Đóng HĐCC chủ động,DONG_HDCC_CD,2026-06-18
6066464554200176178279,PGD 2309 chưa tồn tại hoặc là PGD chỉ dùng cho mượn chứng từ,2309,Chứng từ Ngân hàng hàng ngày,"Mục đích vốn (nếu có phát sinh bản giấy), Xác nhận người thụ hưởng không có TKNH với (HĐ vay 100 triệu), Chứng từ thu nhập + Năng lực tài chính (khi CIMB yêu cầu)",Giải ngân CIMB,GIAI_NGAN_CIMB,2026-06-18
5064416234076104197,Không map được loại chứng từ: HĐ ký gửi tài sản,6701,Chứng từ Vận hành hàng ngày,HĐ ký gửi tài sản,Đóng HĐCC chủ động,DONG_HDCC_CD,2026-06-18
5096472195900176181013,Không map được loại chứng từ: Giấy YCBH cho TSXM tổn thất toàn bộ (BSH1),8602,Chứng từ Vận hành hàng ngày,Giấy YCBH cho TSXM tổn thất toàn bộ (BSH1),Chuyển thanh lý,CHUYEN_THANH_LY,2026-06-18
5096472195900176181013,Không map được loại chứng từ: Giấy YCBH trợ cấp mất giảm thu nhập (BSH2),8602,Chứng từ Vận hành hàng ngày,Giấy YCBH trợ cấp mất giảm thu nhập (BSH2),Chuyển thanh lý,CHUYEN_THANH_LY,2026-06-18
6068216817400176181122,PGD 2305 chưa tồn tại hoặc là PGD chỉ dùng cho mượn chứng từ,2305,Chứng từ Ngân hàng hàng ngày,"Mục đích vốn (nếu có phát sinh bản giấy), Xác nhận người thụ hưởng không có TKNH với (HĐ vay 100 triệu), Chứng từ thu nhập + Năng lực tài chính (khi CIMB yêu cầu)",Giải ngân CIMB,GIAI_NGAN_CIMB,2026-06-18
6061902587800176185140,PGD 8025 chưa tồn tại hoặc là PGD chỉ dùng cho mượn chứng từ,8025,Chứng từ Ngân hàng hàng ngày,"Mục đích vốn (nếu có phát sinh bản giấy), Xác nhận người thụ hưởng không có TKNH với (HĐ vay 100 triệu), Chứng từ thu nhập + Năng lực tài chính (khi CIMB yêu cầu)",Giải ngân CIMB,GIAI_NGAN_CIMB,2026-06-18
3110059398800476194510,Không map được loại chứng từ: Giấy đề nghị tái tục giấy nhận nợ,9102,Chứng từ Vận hành hàng ngày,Giấy đề nghị tái tục giấy nhận nợ,Đáo hạn,DONG_HD_DH,2026-06-18
7604519776045197,PGD 8631 chưa tồn tại hoặc là PGD chỉ dùng cho mượn chứng từ,8631,Chứng từ Vận hành hàng ngày,Phiếu thu,Nhận quỹ,,2026-06-18
7604052976040529,PGD 5245 chưa tồn tại hoặc là PGD chỉ dùng cho mượn chứng từ,5245,Chứng từ Vận hành hàng ngày,"Phiếu chi, Biên lai / Phiếu yêu cầu dịch vụ/ Giấy nộp tiền (theo từng đơn vị chuyển tiền)",Chuyển quỹ,,2026-06-18
6060851723876088379,Không map được loại chứng từ: HĐ ký gửi tài sản,8119,Chứng từ Vận hành hàng ngày,HĐ ký gửi tài sản,Đóng HĐCC chủ động,DONG_HDCC_CD,2026-06-18
6069277787200176176693,PGD 9221 chưa tồn tại hoặc là PGD chỉ dùng cho mượn chứng từ,9221,Chứng từ Ngân hàng hàng ngày,"Mục đích vốn (nếu có phát sinh bản giấy), Xác nhận người thụ hưởng không có TKNH với (HĐ vay 100 triệu), Chứng từ thu nhập + Năng lực tài chính (khi CIMB yêu cầu)",Giải ngân CIMB,GIAI_NGAN_CIMB,2026-06-18
6039980978776110564,PGD 2303 chưa tồn tại hoặc là PGD chỉ dùng cho mượn chứng từ,2303,Chứng từ Vận hành hàng ngày,Giấy đề nghị,Đóng HĐCC chủ động,DONG_HDCC_CD,2026-06-18
6062442063700176185722,PGD 5132 chưa tồn tại hoặc là PGD chỉ dùng cho mượn chứng từ,5132,Chứng từ Ngân hàng hàng ngày,"Mục đích vốn (nếu có phát sinh bản giấy), Xác nhận người thụ hưởng không có TKNH với (HĐ vay 100 triệu), Chứng từ thu nhập + Năng lực tài chính (khi CIMB yêu cầu)",Giải ngân CIMB,GIAI_NGAN_CIMB,2026-06-18
6066236264500176189730,PGD 7436 chưa tồn tại hoặc là PGD chỉ dùng cho mượn chứng từ,7436,Chứng từ Ngân hàng hàng ngày,"Mục đích vốn (nếu có phát sinh bản giấy), Xác nhận người thụ hưởng không có TKNH với (HĐ vay 100 triệu), Chứng từ thu nhập + Năng lực tài chính (khi CIMB yêu cầu)",Giải ngân CIMB,GIAI_NGAN_CIMB,2026-06-18
6063934485900176194980,PGD 7827 chưa tồn tại hoặc là PGD chỉ dùng cho mượn chứng từ,7827,Chứng từ Ngân hàng hàng ngày,"Mục đích vốn (nếu có phát sinh bản giấy), Xác nhận người thụ hưởng không có TKNH với (HĐ vay 100 triệu), Chứng từ thu nhập + Năng lực tài chính (khi CIMB yêu cầu)",Giải ngân CIMB,GIAI_NGAN_CIMB,2026-06-18
6015012264976130601,PGD 5737 chưa tồn tại hoặc là PGD chỉ dùng cho mượn chứng từ,5737,Chứng từ Vận hành hàng ngày,Giấy đề nghị,Đóng HĐCC chủ động,DONG_HDCC_CD,2026-06-18
6067319521376131692,PGD 8631 chưa tồn tại hoặc là PGD chỉ dùng cho mượn chứng từ,8631,Chứng từ Vận hành hàng ngày,"Giấy đề nghị, Bản cam kết TS riêng, Phiếu chi giải ngân, Ủy quyền epay, HĐUQ bản F88 in",Đóng HĐCC chủ động,DONG_HDCC_CD,2026-06-18
6059862599276120932,PGD 5244 chưa tồn tại hoặc là PGD chỉ dùng cho mượn chứng từ,5244,Chứng từ Vận hành hàng ngày,Giấy đề nghị,Đóng HĐCC chủ động,DONG_HDCC_CD,2026-06-18
6062354548800176188402,PGD 8631 chưa tồn tại hoặc là PGD chỉ dùng cho mượn chứng từ,8631,Chứng từ Ngân hàng hàng ngày,"Mục đích vốn (nếu có phát sinh bản giấy), Xác nhận người thụ hưởng không có TKNH với (HĐ vay 100 triệu), Chứng từ thu nhập + Năng lực tài chính (khi CIMB yêu cầu)",Giải ngân CIMB,GIAI_NGAN_CIMB,2026-06-18
6062985532300176194059,PGD 2311 chưa tồn tại hoặc là PGD chỉ dùng cho mượn chứng từ,2311,Chứng từ Vận hành hàng ngày,Phiếu thu đóng hợp đồng,Đóng hợp đồng chủ động,DONG_HD_CD,2026-06-18
6067962103100176197923,PGD 7827 chưa tồn tại hoặc là PGD chỉ dùng cho mượn chứng từ,7827,Chứng từ Ngân hàng hàng ngày,"Mục đích vốn (nếu có phát sinh bản giấy), Xác nhận người thụ hưởng không có TKNH với (HĐ vay 100 triệu), Chứng từ thu nhập + Năng lực tài chính (khi CIMB yêu cầu)",Giải ngân CIMB,GIAI_NGAN_CIMB,2026-06-18
6059862599276120913,PGD 5244 chưa tồn tại hoặc là PGD chỉ dùng cho mượn chứng từ,5244,Chứng từ Vận hành hàng ngày,"Giấy đề nghị, Phiếu chi giải ngân, Ủy quyền epay",Đóng HĐCC chủ động,DONG_HDCC_CD,2026-06-18
4072937090900476185881,Không map được loại chứng từ: Giấy đề nghị tái tục giấy nhận nợ,8603,Chứng từ Vận hành hàng ngày,Giấy đề nghị tái tục giấy nhận nợ,Đáo hạn,DONG_HD_DH,2026-06-18
6067588886600176198323,PGD 7968 chưa tồn tại hoặc là PGD chỉ dùng cho mượn chứng từ,7968,Chứng từ Ngân hàng hàng ngày,"Mục đích vốn (nếu có phát sinh bản giấy), Xác nhận người thụ hưởng không có TKNH với (HĐ vay 100 triệu), Chứng từ thu nhập + Năng lực tài chính (khi CIMB yêu cầu)",Giải ngân CIMB,GIAI_NGAN_CIMB,2026-06-18
6031398144876117530,PGD 7827 chưa tồn tại hoặc là PGD chỉ dùng cho mượn chứng từ,7827,Chứng từ Vận hành hàng ngày,"Giấy đề nghị, Phiếu chi giải ngân, Ủy quyền epay",Đóng HĐCC chủ động,DONG_HDCC_CD,2026-06-18
6031817884576096813,PGD 1283 chưa tồn tại hoặc là PGD chỉ dùng cho mượn chứng từ,1283,Chứng từ Vận hành hàng ngày,"Giấy đề nghị, Phiếu chi giải ngân",Đóng HĐCC chủ động,DONG_HDCC_CD,2026-06-18
7603177276031772,PGD 7767 chưa tồn tại hoặc là PGD chỉ dùng cho mượn chứng từ,7767,Chứng từ Vận hành hàng ngày,Phiếu thu,Nhận quỹ,,2026-06-18
6065615770176080468,Trùng parent_document_code trong nguồn Oracle,8119,Chứng từ Vận hành hàng ngày,"Giấy đề nghị, Phiếu chi giải ngân",Đóng HĐCC chủ động,DONG_HDCC_CD,2026-06-18
6068765334300176183445,PGD 9322 chưa tồn tại hoặc là PGD chỉ dùng cho mượn chứng từ,9322,Chứng từ Ngân hàng hàng ngày,"Mục đích vốn (nếu có phát sinh bản giấy), Xác nhận người thụ hưởng không có TKNH với (HĐ vay 100 triệu), Chứng từ thu nhập + Năng lực tài chính (khi CIMB yêu cầu)",Giải ngân CIMB,GIAI_NGAN_CIMB,2026-06-18
6066045900100176177202,PGD 2309 chưa tồn tại hoặc là PGD chỉ dùng cho mượn chứng từ,2309,Chứng từ Ngân hàng hàng ngày,"Mục đích vốn (nếu có phát sinh bản giấy), Xác nhận người thụ hưởng không có TKNH với (HĐ vay 100 triệu), Chứng từ thu nhập + Năng lực tài chính (khi CIMB yêu cầu)",Giải ngân CIMB,GIAI_NGAN_CIMB,2026-06-18
6066677703900176192682,PGD 8136 chưa tồn tại hoặc là PGD chỉ dùng cho mượn chứng từ,8136,Chứng từ Ngân hàng hàng ngày,"Mục đích vốn (nếu có phát sinh bản giấy), Xác nhận người thụ hưởng không có TKNH với (HĐ vay 100 triệu), Chứng từ thu nhập + Năng lực tài chính (khi CIMB yêu cầu)",Giải ngân CIMB,GIAI_NGAN_CIMB,2026-06-18
6063385754600176193465,PGD 2302 chưa tồn tại hoặc là PGD chỉ dùng cho mượn chứng từ,2302,Chứng từ Ngân hàng hàng ngày,"Mục đích vốn (nếu có phát sinh bản giấy), Xác nhận người thụ hưởng không có TKNH với (HĐ vay 100 triệu), Chứng từ thu nhập + Năng lực tài chính (khi CIMB yêu cầu)",Giải ngân CIMB,GIAI_NGAN_CIMB,2026-06-18
6067750583100176179595,PGD 8631 chưa tồn tại hoặc là PGD chỉ dùng cho mượn chứng từ,8631,Chứng từ Ngân hàng hàng ngày,"Mục đích vốn (nếu có phát sinh bản giấy), Xác nhận người thụ hưởng không có TKNH với (HĐ vay 100 triệu), Chứng từ thu nhập + Năng lực tài chính (khi CIMB yêu cầu)",Giải ngân CIMB,GIAI_NGAN_CIMB,2026-06-18
6061816683000176176447,PGD 5739 chưa tồn tại hoặc là PGD chỉ dùng cho mượn chứng từ,5739,Chứng từ Ngân hàng hàng ngày,"Mục đích vốn (nếu có phát sinh bản giấy), Xác nhận người thụ hưởng không có TKNH với (HĐ vay 100 triệu), Chứng từ thu nhập + Năng lực tài chính (khi CIMB yêu cầu)",Giải ngân CIMB,GIAI_NGAN_CIMB,2026-06-18
6060243445700176180204,PGD 9322 chưa tồn tại hoặc là PGD chỉ dùng cho mượn chứng từ,9322,Chứng từ Ngân hàng hàng ngày,"Mục đích vốn (nếu có phát sinh bản giấy), Xác nhận người thụ hưởng không có TKNH với (HĐ vay 100 triệu), Chứng từ thu nhập + Năng lực tài chính (khi CIMB yêu cầu)",Giải ngân CIMB,GIAI_NGAN_CIMB,2026-06-18
6055109818076085213,PGD 2309 chưa tồn tại hoặc là PGD chỉ dùng cho mượn chứng từ,2309,Chứng từ Vận hành hàng ngày,"BB tất toán/thanh lý, Phiếu thu đóng hợp đồng, Biên bản chấm dứt thỏa thuận sử dụng TS và hoàn trả TS, Giấy đề nghị",Đóng HĐCC chủ động,DONG_HDCC_CD,2026-06-18
6068623102900176184036,PGD 6219 chưa tồn tại hoặc là PGD chỉ dùng cho mượn chứng từ,6219,Chứng từ Ngân hàng hàng ngày,"Mục đích vốn (nếu có phát sinh bản giấy), Xác nhận người thụ hưởng không có TKNH với (HĐ vay 100 triệu), Chứng từ thu nhập + Năng lực tài chính (khi CIMB yêu cầu)",Giải ngân CIMB,GIAI_NGAN_CIMB,2026-06-18
6066607999076096029,PGD 8631 chưa tồn tại hoặc là PGD chỉ dùng cho mượn chứng từ,8631,Chứng từ Vận hành hàng ngày,Giấy đề nghị,Đóng HĐCC chủ động,DONG_HDCC_CD,2026-06-18
6055109818000176179032,PGD 2309 chưa tồn tại hoặc là PGD chỉ dùng cho mượn chứng từ,2309,Chứng từ Vận hành hàng ngày,"Phiếu yêu cầu miễn giảm (nếu có), Phiếu yêu cầu miễn giảm (nếu có)",Miễn giảm đóng HĐ,MIEN_GIAM_DONG_HD,2026-06-18
7604534976045349,PGD 8631 chưa tồn tại hoặc là PGD chỉ dùng cho mượn chứng từ,8631,Chứng từ Vận hành hàng ngày,Phiếu thu,Nhận quỹ,,2026-06-18
5077099002076110972,Trùng parent_document_code trong nguồn Oracle,6301,Chứng từ Vận hành hàng ngày,"Giấy đề nghị, Phiếu chi giải ngân, Ủy quyền epay",Đóng HĐCC chủ động,DONG_HDCC_CD,2026-06-18
6015012264976130595,PGD 5737 chưa tồn tại hoặc là PGD chỉ dùng cho mượn chứng từ,5737,Chứng từ Vận hành hàng ngày,"Giấy đề nghị, Phiếu chi giải ngân, Ủy quyền epay",Đóng HĐCC chủ động,DONG_HDCC_CD,2026-06-18
2075015460376101014,Trùng parent_document_code trong nguồn Oracle,1187,Chứng từ Vận hành hàng ngày,"HDCC, Giấy đề nghị, Phiếu chi giải ngân",Đóng HĐCC nợ xấu chủ động,DONG_HDCC_CDNX,2026-06-18
6039211159276104065,Không map được loại chứng từ: HĐ ký gửi tài sản,1202,Chứng từ Vận hành hàng ngày,HĐ ký gửi tài sản,Đóng HĐCC chủ động,DONG_HDCC_CD,2026-06-18
6064492934676104341,Trùng parent_document_code trong nguồn Oracle,4306,Chứng từ Vận hành hàng ngày,"Giấy đề nghị, Phiếu chi giải ngân",Đóng HĐCC chủ động,DONG_HDCC_CD,2026-06-18
6066607999076096005,PGD 8631 chưa tồn tại hoặc là PGD chỉ dùng cho mượn chứng từ,8631,Chứng từ Vận hành hàng ngày,"Giấy đề nghị, Phiếu chi giải ngân, Ủy quyền epay",Đóng HĐCC chủ động,DONG_HDCC_CD,2026-06-18
6060972368800176190906,PGD 7436 chưa tồn tại hoặc là PGD chỉ dùng cho mượn chứng từ,7436,Chứng từ Ngân hàng hàng ngày,"Mục đích vốn (nếu có phát sinh bản giấy), Xác nhận người thụ hưởng không có TKNH với (HĐ vay 100 triệu), Chứng từ thu nhập + Năng lực tài chính (khi CIMB yêu cầu)",Giải ngân CIMB,GIAI_NGAN_CIMB,2026-06-18
6069420022776085579,Không map được loại chứng từ: HĐ ký gửi tài sản,4801,Chứng từ Vận hành hàng ngày,HĐ ký gửi tài sản,Đóng HĐCC chủ động,DONG_HDCC_CD,2026-06-18
6068085088400176198693,PGD 7827 chưa tồn tại hoặc là PGD chỉ dùng cho mượn chứng từ,7827,Chứng từ Ngân hàng hàng ngày,"Mục đích vốn (nếu có phát sinh bản giấy), Xác nhận người thụ hưởng không có TKNH với (HĐ vay 100 triệu), Chứng từ thu nhập + Năng lực tài chính (khi CIMB yêu cầu)",Giải ngân CIMB,GIAI_NGAN_CIMB,2026-06-18
6051293316976118291,Trùng parent_document_code trong nguồn Oracle,4434,Chứng từ Vận hành hàng ngày,"BB tất toán/thanh lý, Phiếu thu đóng hợp đồng, Biên bản chấm dứt thỏa thuận sử dụng TS và hoàn trả TS",Đóng HĐCC chủ động,DONG_HDCC_CD,2026-06-18
6062985532376120938,PGD 2308 chưa tồn tại hoặc là PGD chỉ dùng cho mượn chứng từ,2308,Chứng từ Vận hành hàng ngày,"Giấy đề nghị, Phiếu chi giải ngân",Đóng HĐCC chủ động,DONG_HDCC_CD,2026-06-18
5064416234076104184,Không map được loại chứng từ: HĐ ký gửi tài sản,6701,Chứng từ Vận hành hàng ngày,HĐ ký gửi tài sản,Đóng HĐCC chủ động,DONG_HDCC_CD,2026-06-18
6064902717700176177584,PGD 7767 chưa tồn tại hoặc là PGD chỉ dùng cho mượn chứng từ,7767,Chứng từ Ngân hàng hàng ngày,"Mục đích vốn (nếu có phát sinh bản giấy), Xác nhận người thụ hưởng không có TKNH với (HĐ vay 100 triệu), Chứng từ thu nhập + Năng lực tài chính (khi CIMB yêu cầu)",Giải ngân CIMB,GIAI_NGAN_CIMB,2026-06-18
5065260230376127368,Trùng parent_document_code trong nguồn Oracle,7207,Chứng từ Vận hành hàng ngày,"BB tất toán/thanh lý, Phiếu thu đóng hợp đồng, Biên bản chấm dứt thỏa thuận sử dụng TS và hoàn trả TS",Đóng HĐCC nợ xấu chủ động,DONG_HDCC_CDNX,2026-06-18
6065912276200176186308,PGD 8516 chưa tồn tại hoặc là PGD chỉ dùng cho mượn chứng từ,8516,Chứng từ Ngân hàng hàng ngày,"Mục đích vốn (nếu có phát sinh bản giấy), Xác nhận người thụ hưởng không có TKNH với (HĐ vay 100 triệu), Chứng từ thu nhập + Năng lực tài chính (khi CIMB yêu cầu)",Giải ngân CIMB,GIAI_NGAN_CIMB,2026-06-18
7603633976036339,PGD 8136 chưa tồn tại hoặc là PGD chỉ dùng cho mượn chứng từ,8136,Chứng từ Vận hành hàng ngày,"Phiếu chi, Biên lai / Phiếu yêu cầu dịch vụ/ Giấy nộp tiền (theo từng đơn vị chuyển tiền)",Chuyển quỹ,,2026-06-18
6040849530876120606,PGD 7827 chưa tồn tại hoặc là PGD chỉ dùng cho mượn chứng từ,7827,Chứng từ Vận hành hàng ngày,"Giấy đề nghị, Phiếu chi giải ngân, Ủy quyền epay",Đóng HĐCC chủ động,DONG_HDCC_CD,2026-06-18
6026252621976081766,PGD 6219 chưa tồn tại hoặc là PGD chỉ dùng cho mượn chứng từ,6219,Chứng từ Vận hành hàng ngày,"Giấy đề nghị, Phiếu chi giải ngân, Ủy quyền epay",Đóng HĐCC chủ động,DONG_HDCC_CD,2026-06-18
6062462897500176174818,PGD 5132 chưa tồn tại hoặc là PGD chỉ dùng cho mượn chứng từ,5132,Chứng từ Ngân hàng hàng ngày,"Mục đích vốn (nếu có phát sinh bản giấy), Xác nhận người thụ hưởng không có TKNH với (HĐ vay 100 triệu), Chứng từ thu nhập + Năng lực tài chính (khi CIMB yêu cầu)",Giải ngân CIMB,GIAI_NGAN_CIMB,2026-06-18
6055109818000176179034,PGD 2309 chưa tồn tại hoặc là PGD chỉ dùng cho mượn chứng từ,2309,Chứng từ Vận hành hàng ngày,Phiếu thu đóng hợp đồng,Đóng hợp đồng chủ động,DONG_HD_CD,2026-06-18
6065804212200176198207,PGD 4826 chưa tồn tại hoặc là PGD chỉ dùng cho mượn chứng từ,4826,Chứng từ Ngân hàng hàng ngày,"Mục đích vốn (nếu có phát sinh bản giấy), Xác nhận người thụ hưởng không có TKNH với (HĐ vay 100 triệu), Chứng từ thu nhập + Năng lực tài chính (khi CIMB yêu cầu)",Giải ngân CIMB,GIAI_NGAN_CIMB,2026-06-18
6034788906376105901,PGD 5132 chưa tồn tại hoặc là PGD chỉ dùng cho mượn chứng từ,5132,Chứng từ Vận hành hàng ngày,"Giấy đề nghị, Bản cam kết TS riêng, Phiếu chi giải ngân, HĐUQ bản F88 in",Đóng HĐCC chủ động,DONG_HDCC_CD,2026-06-18
6058928117076078911,PGD 6731 chưa tồn tại hoặc là PGD chỉ dùng cho mượn chứng từ,6731,Chứng từ Vận hành hàng ngày,"Giấy đề nghị, Phiếu chi giải ngân, Ủy quyền epay",Đóng HĐCC chủ động,DONG_HDCC_CD,2026-06-18
6066848817100176195084,Không map được loại chứng từ: Mục đích sử dụng vốn cho khoản vay trên 100 triệu (MB yêu cầu),1031,Chứng từ Ngân hàng hàng ngày,Mục đích sử dụng vốn cho khoản vay trên 100 triệu (MB yêu cầu),Giải ngân MB,GIAI_NGAN_MB,2026-06-18
6066783928600176185035,PGD 7767 chưa tồn tại hoặc là PGD chỉ dùng cho mượn chứng từ,7767,Chứng từ Ngân hàng hàng ngày,"Mục đích vốn (nếu có phát sinh bản giấy), Xác nhận người thụ hưởng không có TKNH với (HĐ vay 100 triệu), Chứng từ thu nhập + Năng lực tài chính (khi CIMB yêu cầu)",Giải ngân CIMB,GIAI_NGAN_CIMB,2026-06-18
4078402723376077447,Trùng parent_document_code trong nguồn Oracle,8602,Chứng từ Vận hành hàng ngày,"BB tất toán/thanh lý, Phiếu thu đóng hợp đồng, Biên bản chấm dứt thỏa thuận sử dụng TS và hoàn trả TS",Đóng HĐCC chủ động,DONG_HDCC_CD,2026-06-18
7603792076037920,PGD 5737 chưa tồn tại hoặc là PGD chỉ dùng cho mượn chứng từ,5737,Chứng từ Vận hành hàng ngày,"Phiếu chi, Biên lai / Phiếu yêu cầu dịch vụ/ Giấy nộp tiền (theo từng đơn vị chuyển tiền)",Chuyển quỹ,,2026-06-18
6060250799700176181515,PGD 1286 chưa tồn tại hoặc là PGD chỉ dùng cho mượn chứng từ,1286,Chứng từ Ngân hàng hàng ngày,"Mục đích vốn (nếu có phát sinh bản giấy), Xác nhận người thụ hưởng không có TKNH với (HĐ vay 100 triệu), Chứng từ thu nhập + Năng lực tài chính (khi CIMB yêu cầu)",Giải ngân CIMB,GIAI_NGAN_CIMB,2026-06-18
5116312683776102884,Trùng parent_document_code trong nguồn Oracle,8102,Chứng từ Vận hành hàng ngày,"Giấy đề nghị, Phiếu chi giải ngân",Đóng HĐCC nợ xấu chủ động,DONG_HDCC_CDNX,2026-06-18
6054610151576083265,PGD 5132 chưa tồn tại hoặc là PGD chỉ dùng cho mượn chứng từ,5132,Chứng từ Vận hành hàng ngày,"Giấy đề nghị, Phiếu chi giải ngân",Đóng HĐCC chủ động,DONG_HDCC_CD,2026-06-18
6067319521376131709,PGD 8631 chưa tồn tại hoặc là PGD chỉ dùng cho mượn chứng từ,8631,Chứng từ Vận hành hàng ngày,"BB tất toán/thanh lý, Phiếu thu đóng hợp đồng, Biên bản chấm dứt thỏa thuận sử dụng TS và hoàn trả TS, Giấy đề nghị, Bản cam kết TS riêng",Đóng HĐCC chủ động,DONG_HDCC_CD,2026-06-18
6027700348076095807,Không map được loại chứng từ: HĐ ký gửi tài sản,6701,Chứng từ Vận hành hàng ngày,HĐ ký gửi tài sản,Đóng HĐCC chủ động,DONG_HDCC_CD,2026-06-18
6063774091600176188894,PGD 8244 chưa tồn tại hoặc là PGD chỉ dùng cho mượn chứng từ,8244,Chứng từ Ngân hàng hàng ngày,"Mục đích vốn (nếu có phát sinh bản giấy), Xác nhận người thụ hưởng không có TKNH với (HĐ vay 100 triệu), Chứng từ thu nhập + Năng lực tài chính (khi CIMB yêu cầu)",Giải ngân CIMB,GIAI_NGAN_CIMB,2026-06-18
6062813230100176180142,PGD 2309 chưa tồn tại hoặc là PGD chỉ dùng cho mượn chứng từ,2309,Chứng từ Ngân hàng hàng ngày,"Mục đích vốn (nếu có phát sinh bản giấy), Xác nhận người thụ hưởng không có TKNH với (HĐ vay 100 triệu), Chứng từ thu nhập + Năng lực tài chính (khi CIMB yêu cầu)",Giải ngân CIMB,GIAI_NGAN_CIMB,2026-06-18
6060851723876088446,Không map được loại chứng từ: HĐ ký gửi tài sản,8119,Chứng từ Vận hành hàng ngày,HĐ ký gửi tài sản,Đóng HĐCC chủ động,DONG_HDCC_CD,2026-06-18
6066624043700176199525,PGD 8631 chưa tồn tại hoặc là PGD chỉ dùng cho mượn chứng từ,8631,Chứng từ Ngân hàng hàng ngày,"Mục đích vốn (nếu có phát sinh bản giấy), Xác nhận người thụ hưởng không có TKNH với (HĐ vay 100 triệu), Chứng từ thu nhập + Năng lực tài chính (khi CIMB yêu cầu)",Giải ngân CIMB,GIAI_NGAN_CIMB,2026-06-18
6067373306600176195539,Không map được loại chứng từ: Mục đích sử dụng vốn cho khoản vay trên 100 triệu (MB yêu cầu),1238,Chứng từ Ngân hàng hàng ngày,Mục đích sử dụng vốn cho khoản vay trên 100 triệu (MB yêu cầu),Giải ngân MB,GIAI_NGAN_MB,2026-06-18
6012603114276127455,Trùng parent_document_code trong nguồn Oracle,5229,Chứng từ Vận hành hàng ngày,"Giấy đề nghị, Phiếu chi giải ngân, Ủy quyền epay",Đóng HĐCC nợ xấu chủ động,DONG_HDCC_CDNX,2026-06-18
7603103576031035,PGD 7827 chưa tồn tại hoặc là PGD chỉ dùng cho mượn chứng từ,7827,Chứng từ Vận hành hàng ngày,"Phiếu chi, Biên lai / Phiếu yêu cầu dịch vụ/ Giấy nộp tiền (theo từng đơn vị chuyển tiền)",Chuyển quỹ,,2026-06-18
5127995681700176189215,Không map được loại chứng từ: Giấy YCBH cho TSXM tổn thất toàn bộ (BSH1),6202,Chứng từ Vận hành hàng ngày,Giấy YCBH cho TSXM tổn thất toàn bộ (BSH1),Chuyển thanh lý HĐ CIMB trước mua nợ,CHUYEN_THANH_LY_TMN,2026-06-18
5127995681700176189215,Không map được loại chứng từ: Giấy YCBH trợ cấp mất giảm thu nhập (BSH2),6202,Chứng từ Vận hành hàng ngày,Giấy YCBH trợ cấp mất giảm thu nhập (BSH2),Chuyển thanh lý HĐ CIMB trước mua nợ,CHUYEN_THANH_LY_TMN,2026-06-18
6066756145100176199423,Không map được loại chứng từ: Mục đích sử dụng vốn cho khoản vay trên 100 triệu (MB yêu cầu),4604,Chứng từ Ngân hàng hàng ngày,Mục đích sử dụng vốn cho khoản vay trên 100 triệu (MB yêu cầu),Giải ngân MB,GIAI_NGAN_MB,2026-06-18
5106983868176115760,Trùng parent_document_code trong nguồn Oracle,4824,Chứng từ Vận hành hàng ngày,"BB tất toán/thanh lý, Phiếu thu đóng hợp đồng, Biên bản chấm dứt thỏa thuận sử dụng TS và hoàn trả TS",Đóng HĐCC chủ động,DONG_HDCC_CD,2026-06-18
6031398144876117600,PGD 7827 chưa tồn tại hoặc là PGD chỉ dùng cho mượn chứng từ,7827,Chứng từ Vận hành hàng ngày,Giấy đề nghị,Đóng HĐCC chủ động,DONG_HDCC_CD,2026-06-18
6069420022776085635,Không map được loại chứng từ: HĐ ký gửi tài sản,4801,Chứng từ Vận hành hàng ngày,HĐ ký gửi tài sản,Đóng HĐCC chủ động,DONG_HDCC_CD,2026-06-18
7603981776039817,PGD 2302 chưa tồn tại hoặc là PGD chỉ dùng cho mượn chứng từ,2302,Chứng từ Vận hành hàng ngày,"Phiếu chi, Biên lai / Phiếu yêu cầu dịch vụ/ Giấy nộp tiền (theo từng đơn vị chuyển tiền)",Chuyển quỹ,,2026-06-18
6061603753600176195719,PGD 6219 chưa tồn tại hoặc là PGD chỉ dùng cho mượn chứng từ,6219,Chứng từ Ngân hàng hàng ngày,"Mục đích vốn (nếu có phát sinh bản giấy), Xác nhận người thụ hưởng không có TKNH với (HĐ vay 100 triệu), Chứng từ thu nhập + Năng lực tài chính (khi CIMB yêu cầu)",Giải ngân CIMB,GIAI_NGAN_CIMB,2026-06-18
5091970225776072454,Không map được loại chứng từ: HĐ ký gửi tài sản,1007,Chứng từ Vận hành hàng ngày,HĐ ký gửi tài sản,Đóng HĐCC chủ động,DONG_HDCC_CD,2026-06-18
6066419888276131333,PGD 5132 chưa tồn tại hoặc là PGD chỉ dùng cho mượn chứng từ,5132,Chứng từ Vận hành hàng ngày,"Giấy đề nghị, Phiếu chi giải ngân, Ủy quyền epay",Đóng HĐCC chủ động,DONG_HDCC_CD,2026-06-18
6026252621976081836,PGD 6219 chưa tồn tại hoặc là PGD chỉ dùng cho mượn chứng từ,6219,Chứng từ Vận hành hàng ngày,Giấy đề nghị,Đóng HĐCC chủ động,DONG_HDCC_CD,2026-06-18
7603956376039563,PGD 8245 chưa tồn tại hoặc là PGD chỉ dùng cho mượn chứng từ,8245,Chứng từ Vận hành hàng ngày,"Phiếu chi, Biên lai / Phiếu yêu cầu dịch vụ/ Giấy nộp tiền (theo từng đơn vị chuyển tiền)",Chuyển quỹ,,2026-06-18
7604077176040771,PGD 5737 chưa tồn tại hoặc là PGD chỉ dùng cho mượn chứng từ,5737,Chứng từ Vận hành hàng ngày,"Phiếu chi, Biên lai / Phiếu yêu cầu dịch vụ/ Giấy nộp tiền (theo từng đơn vị chuyển tiền)",Chuyển quỹ,,2026-06-18
6067319521300176198817,PGD 8631 chưa tồn tại hoặc là PGD chỉ dùng cho mượn chứng từ,8631,Chứng từ Vận hành hàng ngày,Phiếu thu đóng hợp đồng,Đóng hợp đồng chủ động,DONG_HD_CD,2026-06-18
6040849530876120624,PGD 7827 chưa tồn tại hoặc là PGD chỉ dùng cho mượn chứng từ,7827,Chứng từ Vận hành hàng ngày,Giấy đề nghị,Đóng HĐCC chủ động,DONG_HDCC_CD,2026-06-18
5075154486676111868,Trùng parent_document_code trong nguồn Oracle,1021,Chứng từ Vận hành hàng ngày,"BB tất toán/thanh lý, Phiếu thu đóng hợp đồng, Biên bản chấm dứt thỏa thuận sử dụng TS và hoàn trả TS",Đóng HĐCC chủ động,DONG_HDCC_CD,2026-06-18
6065873229500176366759,PGD 4827 chưa tồn tại hoặc là PGD chỉ dùng cho mượn chứng từ,4827,Chứng từ Ngân hàng hàng ngày,"Mục đích vốn (nếu có phát sinh bản giấy), Xác nhận người thụ hưởng không có TKNH với (HĐ vay 100 triệu), Chứng từ thu nhập + Năng lực tài chính (khi CIMB yêu cầu)",Giải ngân CIMB,GIAI_NGAN_CIMB,2026-06-19
6067903488800176361841,PGD 2306 chưa tồn tại hoặc là PGD chỉ dùng cho mượn chứng từ,2306,Chứng từ Ngân hàng hàng ngày,"Mục đích vốn (nếu có phát sinh bản giấy), Xác nhận người thụ hưởng không có TKNH với (HĐ vay 100 triệu), Chứng từ thu nhập + Năng lực tài chính (khi CIMB yêu cầu)",Giải ngân CIMB,GIAI_NGAN_CIMB,2026-06-19
6020334779276304350,PGD 5737 chưa tồn tại hoặc là PGD chỉ dùng cho mượn chứng từ,5737,Chứng từ Vận hành hàng ngày,Giấy đề nghị,Đóng HĐCC chủ động,DONG_HDCC_CD,2026-06-19
6044555166976284986,PGD 7437 chưa tồn tại hoặc là PGD chỉ dùng cho mượn chứng từ,7437,Chứng từ Vận hành hàng ngày,Giấy đề nghị,Đóng HĐCC chủ động,DONG_HDCC_CD,2026-06-19
6055413898276298454,PGD 6219 chưa tồn tại hoặc là PGD chỉ dùng cho mượn chứng từ,6219,Chứng từ Vận hành hàng ngày,"Giấy đề nghị, Phiếu chi giải ngân",Đóng HĐCC chủ động,DONG_HDCC_CD,2026-06-19
6061192729076264601,PGD 5132 chưa tồn tại hoặc là PGD chỉ dùng cho mượn chứng từ,5132,Chứng từ Vận hành hàng ngày,"Giấy đề nghị, Phiếu chi giải ngân",Đóng HĐCC chủ động,DONG_HDCC_CD,2026-06-19
7622998376229983,PGD 8245 chưa tồn tại hoặc là PGD chỉ dùng cho mượn chứng từ,8245,Chứng từ Vận hành hàng ngày,"Phiếu chi, Biên lai / Phiếu yêu cầu dịch vụ/ Giấy nộp tiền (theo từng đơn vị chuyển tiền)",Chuyển quỹ,,2026-06-19
6032271341900476358565,PGD 2302 chưa tồn tại hoặc là PGD chỉ dùng cho mượn chứng từ,2302,Chứng từ Ngân hàng hàng ngày,"Mục đích vốn (nếu có phát sinh bản giấy), Xác nhận người thụ hưởng không có TKNH với (HĐ vay 100 triệu), Chứng từ thu nhập + Năng lực tài chính (khi CIMB yêu cầu)",Giải ngân CIMB,GIAI_NGAN_CIMB,2026-06-19
7623277976232779,PGD 6219 chưa tồn tại hoặc là PGD chỉ dùng cho mượn chứng từ,6219,Chứng từ Vận hành hàng ngày,"Phiếu chi, Biên lai / Phiếu yêu cầu dịch vụ/ Giấy nộp tiền (theo từng đơn vị chuyển tiền)",Chuyển quỹ,,2026-06-19
5091043788376304469,Không map được loại chứng từ: HĐ ký gửi tài sản,7606,Chứng từ Vận hành hàng ngày,HĐ ký gửi tài sản,Đóng HĐCC chủ động,DONG_HDCC_CD,2026-06-19
6021340452176265846,PGD 9221 chưa tồn tại hoặc là PGD chỉ dùng cho mượn chứng từ,9221,Chứng từ Vận hành hàng ngày,"Giấy đề nghị, Phiếu chi giải ngân",Đóng HĐCC chủ động,DONG_HDCC_CD,2026-06-19
7623716576237165,PGD 5552 chưa tồn tại hoặc là PGD chỉ dùng cho mượn chứng từ,5552,Chứng từ Vận hành hàng ngày,"Phiếu chi, Biên lai / Phiếu yêu cầu dịch vụ/ Giấy nộp tiền (theo từng đơn vị chuyển tiền)",Chuyển quỹ,,2026-06-19
7623276576232765,PGD 6219 chưa tồn tại hoặc là PGD chỉ dùng cho mượn chứng từ,6219,Chứng từ Vận hành hàng ngày,"Phiếu chi, Biên lai / Phiếu yêu cầu dịch vụ/ Giấy nộp tiền (theo từng đơn vị chuyển tiền)",Chuyển quỹ,,2026-06-19
7623426176234261,PGD 1284 chưa tồn tại hoặc là PGD chỉ dùng cho mượn chứng từ,1284,Chứng từ Vận hành hàng ngày,"Phiếu chi, Biên lai / Phiếu yêu cầu dịch vụ/ Giấy nộp tiền (theo từng đơn vị chuyển tiền)",Chuyển quỹ,,2026-06-19
7622767176227671,PGD 2302 chưa tồn tại hoặc là PGD chỉ dùng cho mượn chứng từ,2302,Chứng từ Vận hành hàng ngày,"Phiếu chi, Biên lai / Phiếu yêu cầu dịch vụ/ Giấy nộp tiền (theo từng đơn vị chuyển tiền)",Chuyển quỹ,,2026-06-19
6044555166976284977,PGD 7437 chưa tồn tại hoặc là PGD chỉ dùng cho mượn chứng từ,7437,Chứng từ Vận hành hàng ngày,"Giấy đề nghị, Phiếu chi giải ngân, Ủy quyền epay",Đóng HĐCC chủ động,DONG_HDCC_CD,2026-06-19
7623717376237173,PGD 5552 chưa tồn tại hoặc là PGD chỉ dùng cho mượn chứng từ,5552,Chứng từ Vận hành hàng ngày,"Phiếu chi, Biên lai / Phiếu yêu cầu dịch vụ/ Giấy nộp tiền (theo từng đơn vị chuyển tiền)",Chuyển quỹ,,2026-06-19
6068708602500176350876,PGD 2312 chưa tồn tại hoặc là PGD chỉ dùng cho mượn chứng từ,2312,Chứng từ Vận hành hàng ngày,Phiếu thu đóng hợp đồng,Đóng hợp đồng chủ động,DONG_HD_CD,2026-06-19
6064494555900176360248,PGD 2302 chưa tồn tại hoặc là PGD chỉ dùng cho mượn chứng từ,2302,Chứng từ Ngân hàng hàng ngày,"Mục đích vốn (nếu có phát sinh bản giấy), Xác nhận người thụ hưởng không có TKNH với (HĐ vay 100 triệu), Chứng từ thu nhập + Năng lực tài chính (khi CIMB yêu cầu)",Giải ngân CIMB,GIAI_NGAN_CIMB,2026-06-19
6053468089776312930,PGD 4827 chưa tồn tại hoặc là PGD chỉ dùng cho mượn chứng từ,4827,Chứng từ Vận hành hàng ngày,"Giấy đề nghị, Phiếu chi giải ngân",Đóng HĐCC chủ động,DONG_HDCC_CD,2026-06-19
3126759299000476362781,Không map được loại chứng từ: Giấy đề nghị tái tục giấy nhận nợ,8816,Chứng từ Vận hành hàng ngày,Giấy đề nghị tái tục giấy nhận nợ,Đáo hạn,DONG_HD_DH,2026-06-19
6069039158200176362699,PGD 2303 chưa tồn tại hoặc là PGD chỉ dùng cho mượn chứng từ,2303,Chứng từ Ngân hàng hàng ngày,"Mục đích vốn (nếu có phát sinh bản giấy), Xác nhận người thụ hưởng không có TKNH với (HĐ vay 100 triệu), Chứng từ thu nhập + Năng lực tài chính (khi CIMB yêu cầu)",Giải ngân CIMB,GIAI_NGAN_CIMB,2026-06-19
7623406776234067,PGD 5737 chưa tồn tại hoặc là PGD chỉ dùng cho mượn chứng từ,5737,Chứng từ Vận hành hàng ngày,"Phiếu chi, Biên lai / Phiếu yêu cầu dịch vụ/ Giấy nộp tiền (theo từng đơn vị chuyển tiền)",Chuyển quỹ,,2026-06-19
6055413898200176364296,PGD 6219 chưa tồn tại hoặc là PGD chỉ dùng cho mượn chứng từ,6219,Chứng từ Vận hành hàng ngày,Phiếu thu đóng hợp đồng,Đóng hợp đồng chủ động,DONG_HD_CD,2026-06-19
6062727596000176355665,PGD 7436 chưa tồn tại hoặc là PGD chỉ dùng cho mượn chứng từ,7436,Chứng từ Ngân hàng hàng ngày,"Mục đích vốn (nếu có phát sinh bản giấy), Xác nhận người thụ hưởng không có TKNH với (HĐ vay 100 triệu), Chứng từ thu nhập + Năng lực tài chính (khi CIMB yêu cầu)",Giải ngân CIMB,GIAI_NGAN_CIMB,2026-06-19
6060004063000176371710,PGD 8516 chưa tồn tại hoặc là PGD chỉ dùng cho mượn chứng từ,8516,Chứng từ Ngân hàng hàng ngày,"Mục đích vốn (nếu có phát sinh bản giấy), Xác nhận người thụ hưởng không có TKNH với (HĐ vay 100 triệu), Chứng từ thu nhập + Năng lực tài chính (khi CIMB yêu cầu)",Giải ngân CIMB,GIAI_NGAN_CIMB,2026-06-19
6050607301876288373,PGD 1278 chưa tồn tại hoặc là PGD chỉ dùng cho mượn chứng từ,1278,Chứng từ Vận hành hàng ngày,"Giấy đề nghị, Phiếu chi giải ngân",Đóng HĐCC chủ động,DONG_HDCC_CD,2026-06-19
6028976334876310474,Trùng parent_document_code trong nguồn Oracle,4802,Chứng từ Vận hành hàng ngày,"BB tất toán/thanh lý, Phiếu thu đóng hợp đồng, Biên bản chấm dứt thỏa thuận sử dụng TS và hoàn trả TS",Đóng HĐCC chủ động,DONG_HDCC_CD,2026-06-19
7622615576226155,PGD 1283 chưa tồn tại hoặc là PGD chỉ dùng cho mượn chứng từ,1283,Chứng từ Vận hành hàng ngày,"Phiếu chi, Biên lai / Phiếu yêu cầu dịch vụ/ Giấy nộp tiền (theo từng đơn vị chuyển tiền)",Chuyển quỹ,,2026-06-19
5105517547176292028,Trùng parent_document_code trong nguồn Oracle,7957,Chứng từ Vận hành hàng ngày,"Giấy đề nghị, Phiếu chi giải ngân, Ủy quyền epay",Đóng HĐCC nợ xấu chủ động,DONG_HDCC_CDNX,2026-06-19
6068802091300176355047,PGD 8245 chưa tồn tại hoặc là PGD chỉ dùng cho mượn chứng từ,8245,Chứng từ Ngân hàng hàng ngày,"Mục đích vốn (nếu có phát sinh bản giấy), Xác nhận người thụ hưởng không có TKNH với (HĐ vay 100 triệu), Chứng từ thu nhập + Năng lực tài chính (khi CIMB yêu cầu)",Giải ngân CIMB,GIAI_NGAN_CIMB,2026-06-19
6063048591300176355926,PGD 9221 chưa tồn tại hoặc là PGD chỉ dùng cho mượn chứng từ,9221,Chứng từ Ngân hàng hàng ngày,"Mục đích vốn (nếu có phát sinh bản giấy), Xác nhận người thụ hưởng không có TKNH với (HĐ vay 100 triệu), Chứng từ thu nhập + Năng lực tài chính (khi CIMB yêu cầu)",Giải ngân CIMB,GIAI_NGAN_CIMB,2026-06-19
6062921188100176372271,PGD 7437 chưa tồn tại hoặc là PGD chỉ dùng cho mượn chứng từ,7437,Chứng từ Ngân hàng hàng ngày,"Mục đích vốn (nếu có phát sinh bản giấy), Xác nhận người thụ hưởng không có TKNH với (HĐ vay 100 triệu), Chứng từ thu nhập + Năng lực tài chính (khi CIMB yêu cầu)",Giải ngân CIMB,GIAI_NGAN_CIMB,2026-06-19
6068708602576274887,PGD 2312 chưa tồn tại hoặc là PGD chỉ dùng cho mượn chứng từ,2312,Chứng từ Vận hành hàng ngày,"BB tất toán/thanh lý, Phiếu thu đóng hợp đồng, Biên bản chấm dứt thỏa thuận sử dụng TS và hoàn trả TS, Giấy đề nghị",Đóng HĐCC chủ động,DONG_HDCC_CD,2026-06-19
6035407997376277629,Không map được loại chứng từ: HĐ ký gửi tài sản,5728,Chứng từ Vận hành hàng ngày,HĐ ký gửi tài sản,Đóng HĐCC chủ động,DONG_HDCC_CD,2026-06-19
7623942876239428,PGD 2304 chưa tồn tại hoặc là PGD chỉ dùng cho mượn chứng từ,2304,Chứng từ Vận hành hàng ngày,"Phiếu chi, Biên lai / Phiếu yêu cầu dịch vụ/ Giấy nộp tiền (theo từng đơn vị chuyển tiền)",Chuyển quỹ,,2026-06-19
6035407997376277643,Không map được loại chứng từ: HĐ ký gửi tài sản,5728,Chứng từ Vận hành hàng ngày,HĐ ký gửi tài sản,Đóng HĐCC chủ động,DONG_HDCC_CD,2026-06-19
6067568861000176362037,PGD 5435 chưa tồn tại hoặc là PGD chỉ dùng cho mượn chứng từ,5435,Chứng từ Ngân hàng hàng ngày,"Mục đích vốn (nếu có phát sinh bản giấy), Xác nhận người thụ hưởng không có TKNH với (HĐ vay 100 triệu), Chứng từ thu nhập + Năng lực tài chính (khi CIMB yêu cầu)",Giải ngân CIMB,GIAI_NGAN_CIMB,2026-06-19
6068996905200176365386,PGD 1285 chưa tồn tại hoặc là PGD chỉ dùng cho mượn chứng từ,1285,Chứng từ Ngân hàng hàng ngày,"Mục đích vốn (nếu có phát sinh bản giấy), Xác nhận người thụ hưởng không có TKNH với (HĐ vay 100 triệu), Chứng từ thu nhập + Năng lực tài chính (khi CIMB yêu cầu)",Giải ngân CIMB,GIAI_NGAN_CIMB,2026-06-19
6060316116800176367288,PGD 7436 chưa tồn tại hoặc là PGD chỉ dùng cho mượn chứng từ,7436,Chứng từ Ngân hàng hàng ngày,"Mục đích vốn (nếu có phát sinh bản giấy), Xác nhận người thụ hưởng không có TKNH với (HĐ vay 100 triệu), Chứng từ thu nhập + Năng lực tài chính (khi CIMB yêu cầu)",Giải ngân CIMB,GIAI_NGAN_CIMB,2026-06-19
7623133876231338,PGD 8245 chưa tồn tại hoặc là PGD chỉ dùng cho mượn chứng từ,8245,Chứng từ Vận hành hàng ngày,"Phiếu chi, Hóa đơn (nếu có)",Điện,,2026-06-19
6062720083076314571,PGD 8136 chưa tồn tại hoặc là PGD chỉ dùng cho mượn chứng từ,8136,Chứng từ Vận hành hàng ngày,Giấy đề nghị,Đóng HĐCC chủ động,DONG_HDCC_CD,2026-06-19
6055927834676278171,PGD 6219 chưa tồn tại hoặc là PGD chỉ dùng cho mượn chứng từ,6219,Chứng từ Vận hành hàng ngày,"Giấy đề nghị, Phiếu chi giải ngân, Ủy quyền epay",Đóng HĐCC chủ động,DONG_HDCC_CD,2026-06-19
6064544664400176346890,PGD 7437 chưa tồn tại hoặc là PGD chỉ dùng cho mượn chứng từ,7437,Chứng từ Ngân hàng hàng ngày,"Mục đích vốn (nếu có phát sinh bản giấy), Xác nhận người thụ hưởng không có TKNH với (HĐ vay 100 triệu), Chứng từ thu nhập + Năng lực tài chính (khi CIMB yêu cầu)",Giải ngân CIMB,GIAI_NGAN_CIMB,2026-06-19
6069921290800176365438,PGD 1278 chưa tồn tại hoặc là PGD chỉ dùng cho mượn chứng từ,1278,Chứng từ Ngân hàng hàng ngày,"Mục đích vốn (nếu có phát sinh bản giấy), Xác nhận người thụ hưởng không có TKNH với (HĐ vay 100 triệu), Chứng từ thu nhập + Năng lực tài chính (khi CIMB yêu cầu)",Giải ngân CIMB,GIAI_NGAN_CIMB,2026-06-19
6068708602576274822,PGD 2312 chưa tồn tại hoặc là PGD chỉ dùng cho mượn chứng từ,2312,Chứng từ Vận hành hàng ngày,"Giấy đề nghị, Phiếu chi giải ngân, Ủy quyền epay",Đóng HĐCC chủ động,DONG_HDCC_CD,2026-06-19
6069983104500176346629,PGD 8025 chưa tồn tại hoặc là PGD chỉ dùng cho mượn chứng từ,8025,Chứng từ Ngân hàng hàng ngày,"Mục đích vốn (nếu có phát sinh bản giấy), Xác nhận người thụ hưởng không có TKNH với (HĐ vay 100 triệu), Chứng từ thu nhập + Năng lực tài chính (khi CIMB yêu cầu)",Giải ngân CIMB,GIAI_NGAN_CIMB,2026-06-19
6063493540600176359210,PGD 2308 chưa tồn tại hoặc là PGD chỉ dùng cho mượn chứng từ,2308,Chứng từ Ngân hàng hàng ngày,"Mục đích vốn (nếu có phát sinh bản giấy), Xác nhận người thụ hưởng không có TKNH với (HĐ vay 100 triệu), Chứng từ thu nhập + Năng lực tài chính (khi CIMB yêu cầu)",Giải ngân CIMB,GIAI_NGAN_CIMB,2026-06-19
6068708602500176349443,PGD 2312 chưa tồn tại hoặc là PGD chỉ dùng cho mượn chứng từ,2312,Chứng từ Ngân hàng hàng ngày,"Mục đích vốn (nếu có phát sinh bản giấy), Xác nhận người thụ hưởng không có TKNH với (HĐ vay 100 triệu), Chứng từ thu nhập + Năng lực tài chính (khi CIMB yêu cầu)",Giải ngân CIMB,GIAI_NGAN_CIMB,2026-06-19
7623010976230109,PGD 8244 chưa tồn tại hoặc là PGD chỉ dùng cho mượn chứng từ,8244,Chứng từ Vận hành hàng ngày,Phiếu thu,Nhận quỹ,,2026-06-19
7623679176236791,PGD 6731 chưa tồn tại hoặc là PGD chỉ dùng cho mượn chứng từ,6731,Chứng từ Vận hành hàng ngày,"Phiếu chi, Biên lai / Phiếu yêu cầu dịch vụ/ Giấy nộp tiền (theo từng đơn vị chuyển tiền)",Chuyển quỹ,,2026-06-19
6062340916900176368731,PGD 7827 chưa tồn tại hoặc là PGD chỉ dùng cho mượn chứng từ,7827,Chứng từ Ngân hàng hàng ngày,"Mục đích vốn (nếu có phát sinh bản giấy), Xác nhận người thụ hưởng không có TKNH với (HĐ vay 100 triệu), Chứng từ thu nhập + Năng lực tài chính (khi CIMB yêu cầu)",Giải ngân CIMB,GIAI_NGAN_CIMB,2026-06-19
6068024648576287320,PGD 6219 chưa tồn tại hoặc là PGD chỉ dùng cho mượn chứng từ,6219,Chứng từ Vận hành hàng ngày,"Giấy đề nghị, Phiếu chi giải ngân",Đóng HĐCC chủ động,DONG_HDCC_CD,2026-06-19
6010306677276286442,Trùng parent_document_code trong nguồn Oracle,5241,Chứng từ Vận hành hàng ngày,"Giấy đề nghị, Phiếu chi giải ngân, Ủy quyền epay",Đóng HĐCC nợ xấu chủ động,DONG_HDCC_CDNX,2026-06-19
6063215885100176363834,PGD 7827 chưa tồn tại hoặc là PGD chỉ dùng cho mượn chứng từ,7827,Chứng từ Ngân hàng hàng ngày,"Mục đích vốn (nếu có phát sinh bản giấy), Xác nhận người thụ hưởng không có TKNH với (HĐ vay 100 triệu), Chứng từ thu nhập + Năng lực tài chính (khi CIMB yêu cầu)",Giải ngân CIMB,GIAI_NGAN_CIMB,2026-06-19
6055927834676278181,PGD 6219 chưa tồn tại hoặc là PGD chỉ dùng cho mượn chứng từ,6219,Chứng từ Vận hành hàng ngày,Giấy đề nghị,Đóng HĐCC chủ động,DONG_HDCC_CD,2026-06-19
4017805558576302968,Trùng parent_document_code trong nguồn Oracle,5229,Chứng từ Vận hành hàng ngày,"Giấy đề nghị, Phiếu chi giải ngân, Ủy quyền epay",Đóng HĐCC nợ xấu chủ động,DONG_HDCC_CDNX,2026-06-19
6069437082600176367297,PGD 5552 chưa tồn tại hoặc là PGD chỉ dùng cho mượn chứng từ,5552,Chứng từ Ngân hàng hàng ngày,"Mục đích vốn (nếu có phát sinh bản giấy), Xác nhận người thụ hưởng không có TKNH với (HĐ vay 100 triệu), Chứng từ thu nhập + Năng lực tài chính (khi CIMB yêu cầu)",Giải ngân CIMB,GIAI_NGAN_CIMB,2026-06-19
6062941880300176371948,PGD 9221 chưa tồn tại hoặc là PGD chỉ dùng cho mượn chứng từ,9221,Chứng từ Ngân hàng hàng ngày,"Mục đích vốn (nếu có phát sinh bản giấy), Xác nhận người thụ hưởng không có TKNH với (HĐ vay 100 triệu), Chứng từ thu nhập + Năng lực tài chính (khi CIMB yêu cầu)",Giải ngân CIMB,GIAI_NGAN_CIMB,2026-06-19
5049235397476303298,Trùng parent_document_code trong nguồn Oracle,3201,Chứng từ Vận hành hàng ngày,"BB tất toán/thanh lý, Phiếu thu đóng hợp đồng, Biên bản chấm dứt thỏa thuận sử dụng TS và hoàn trả TS",Đóng HĐCC nợ xấu chủ động,DONG_HDCC_CDNX,2026-06-19
6068205289900176360942,PGD 2311 chưa tồn tại hoặc là PGD chỉ dùng cho mượn chứng từ,2311,Chứng từ Ngân hàng hàng ngày,"Mục đích vốn (nếu có phát sinh bản giấy), Xác nhận người thụ hưởng không có TKNH với (HĐ vay 100 triệu), Chứng từ thu nhập + Năng lực tài chính (khi CIMB yêu cầu)",Giải ngân CIMB,GIAI_NGAN_CIMB,2026-06-19
5091043788376304334,Không map được loại chứng từ: HĐ ký gửi tài sản,7606,Chứng từ Vận hành hàng ngày,HĐ ký gửi tài sản,Đóng HĐCC chủ động,DONG_HDCC_CD,2026-06-19
3070034517576312117,Trùng parent_document_code trong nguồn Oracle,1081,Chứng từ Vận hành hàng ngày,"Biên bản bàn giao TS cầm cố, Thỏa thuận sử dụng TS, Biên bản bàn giao TS cho mượn, HDCC, Giấy đề nghị, Phiếu chi giải ngân",Đóng HĐCC nợ xấu chủ động,DONG_HDCC_CDNX,2026-06-19
6066039146876277990,PGD 5552 chưa tồn tại hoặc là PGD chỉ dùng cho mượn chứng từ,5552,Chứng từ Vận hành hàng ngày,"Giấy đề nghị, Phiếu chi giải ngân, Ủy quyền epay",Đóng HĐCC chủ động,DONG_HDCC_CD,2026-06-19
6062439925700176369747,PGD 5244 chưa tồn tại hoặc là PGD chỉ dùng cho mượn chứng từ,5244,Chứng từ Ngân hàng hàng ngày,"Mục đích vốn (nếu có phát sinh bản giấy), Xác nhận người thụ hưởng không có TKNH với (HĐ vay 100 triệu), Chứng từ thu nhập + Năng lực tài chính (khi CIMB yêu cầu)",Giải ngân CIMB,GIAI_NGAN_CIMB,2026-06-19
6053697772376298471,PGD 1278 chưa tồn tại hoặc là PGD chỉ dùng cho mượn chứng từ,1278,Chứng từ Vận hành hàng ngày,"Giấy đề nghị, Phiếu chi giải ngân",Đóng HĐCC chủ động,DONG_HDCC_CD,2026-06-19
6020334779276304221,PGD 5737 chưa tồn tại hoặc là PGD chỉ dùng cho mượn chứng từ,5737,Chứng từ Vận hành hàng ngày,"Giấy đề nghị, Phiếu chi giải ngân, Ủy quyền epay",Đóng HĐCC chủ động,DONG_HDCC_CD,2026-06-19
6061081919400176370128,PGD 2304 chưa tồn tại hoặc là PGD chỉ dùng cho mượn chứng từ,2304,Chứng từ Ngân hàng hàng ngày,"Mục đích vốn (nếu có phát sinh bản giấy), Xác nhận người thụ hưởng không có TKNH với (HĐ vay 100 triệu), Chứng từ thu nhập + Năng lực tài chính (khi CIMB yêu cầu)",Giải ngân CIMB,GIAI_NGAN_CIMB,2026-06-19
6063542519400176369808,PGD 2305 chưa tồn tại hoặc là PGD chỉ dùng cho mượn chứng từ,2305,Chứng từ Ngân hàng hàng ngày,"Mục đích vốn (nếu có phát sinh bản giấy), Xác nhận người thụ hưởng không có TKNH với (HĐ vay 100 triệu), Chứng từ thu nhập + Năng lực tài chính (khi CIMB yêu cầu)",Giải ngân CIMB,GIAI_NGAN_CIMB,2026-06-19
6057768735876298165,PGD 2303 chưa tồn tại hoặc là PGD chỉ dùng cho mượn chứng từ,2303,Chứng từ Vận hành hàng ngày,"Giấy đề nghị, Phiếu chi giải ngân",Đóng HĐCC chủ động,DONG_HDCC_CD,2026-06-19
6062720083076314239,PGD 8136 chưa tồn tại hoặc là PGD chỉ dùng cho mượn chứng từ,8136,Chứng từ Vận hành hàng ngày,"Giấy đề nghị, Phiếu chi giải ngân, Ủy quyền epay",Đóng HĐCC chủ động,DONG_HDCC_CD,2026-06-19
5070752798976309474,Trùng parent_document_code trong nguồn Oracle,7711,Chứng từ Vận hành hàng ngày,"Giấy đề nghị, Phiếu chi giải ngân, Ủy quyền epay",Đóng HĐCC nợ xấu chủ động,DONG_HDCC_CDNX,2026-06-19
6068003428000176368507,PGD 2308 chưa tồn tại hoặc là PGD chỉ dùng cho mượn chứng từ,2308,Chứng từ Ngân hàng hàng ngày,"Mục đích vốn (nếu có phát sinh bản giấy), Xác nhận người thụ hưởng không có TKNH với (HĐ vay 100 triệu), Chứng từ thu nhập + Năng lực tài chính (khi CIMB yêu cầu)",Giải ngân CIMB,GIAI_NGAN_CIMB,2026-06-19
6057307697876292888,PGD 8244 chưa tồn tại hoặc là PGD chỉ dùng cho mượn chứng từ,8244,Chứng từ Vận hành hàng ngày,"Giấy đề nghị, Phiếu chi giải ngân",Đóng HĐCC chủ động,DONG_HDCC_CD,2026-06-19
6062513119700176334903,PGD 6731 chưa tồn tại hoặc là PGD chỉ dùng cho mượn chứng từ,6731,Chứng từ Ngân hàng hàng ngày,"Mục đích vốn (nếu có phát sinh bản giấy), Xác nhận người thụ hưởng không có TKNH với (HĐ vay 100 triệu), Chứng từ thu nhập + Năng lực tài chính (khi CIMB yêu cầu)",Giải ngân CIMB,GIAI_NGAN_CIMB,2026-06-19
4077620624976292517,Trùng parent_document_code trong nguồn Oracle,7710,Chứng từ Vận hành hàng ngày,"Giấy đề nghị, Bản cam kết TS riêng, Phiếu chi giải ngân, HĐUQ bản F88 in",Đóng HĐCC chủ động,DONG_HDCC_CD,2026-06-19
5061134933076293736,Trùng parent_document_code trong nguồn Oracle,4407,Chứng từ Vận hành hàng ngày,"BB tất toán/thanh lý, Phiếu thu đóng hợp đồng, Biên bản chấm dứt thỏa thuận sử dụng TS và hoàn trả TS",Đóng HĐCC chủ động,DONG_HDCC_CD,2026-06-19
6067522416500176348880,PGD 2311 chưa tồn tại hoặc là PGD chỉ dùng cho mượn chứng từ,2311,Chứng từ Ngân hàng hàng ngày,"Mục đích vốn (nếu có phát sinh bản giấy), Xác nhận người thụ hưởng không có TKNH với (HĐ vay 100 triệu), Chứng từ thu nhập + Năng lực tài chính (khi CIMB yêu cầu)",Giải ngân CIMB,GIAI_NGAN_CIMB,2026-06-19
6060754121800176371996,PGD 2309 chưa tồn tại hoặc là PGD chỉ dùng cho mượn chứng từ,2309,Chứng từ Ngân hàng hàng ngày,"Mục đích vốn (nếu có phát sinh bản giấy), Xác nhận người thụ hưởng không có TKNH với (HĐ vay 100 triệu), Chứng từ thu nhập + Năng lực tài chính (khi CIMB yêu cầu)",Giải ngân CIMB,GIAI_NGAN_CIMB,2026-06-19
7623734476237344,PGD 2308 chưa tồn tại hoặc là PGD chỉ dùng cho mượn chứng từ,2308,Chứng từ Vận hành hàng ngày,"Phiếu chi, Biên lai / Phiếu yêu cầu dịch vụ/ Giấy nộp tiền (theo từng đơn vị chuyển tiền)",Chuyển quỹ,,2026-06-19
6068710976500176340908,PGD 2303 chưa tồn tại hoặc là PGD chỉ dùng cho mượn chứng từ,2303,Chứng từ Ngân hàng hàng ngày,"Mục đích vốn (nếu có phát sinh bản giấy), Xác nhận người thụ hưởng không có TKNH với (HĐ vay 100 triệu), Chứng từ thu nhập + Năng lực tài chính (khi CIMB yêu cầu)",Giải ngân CIMB,GIAI_NGAN_CIMB,2026-06-19
7622598976225989,PGD 2310 chưa tồn tại hoặc là PGD chỉ dùng cho mượn chứng từ,2310,Chứng từ Vận hành hàng ngày,"Phiếu chi, Biên lai / Phiếu yêu cầu dịch vụ/ Giấy nộp tiền (theo từng đơn vị chuyển tiền)",Chuyển quỹ,,2026-06-19
6066039146876278006,PGD 5552 chưa tồn tại hoặc là PGD chỉ dùng cho mượn chứng từ,5552,Chứng từ Vận hành hàng ngày,Giấy đề nghị,Đóng HĐCC chủ động,DONG_HDCC_CD,2026-06-19
7623235876232358,PGD 5244 chưa tồn tại hoặc là PGD chỉ dùng cho mượn chứng từ,5244,Chứng từ Vận hành hàng ngày,"Phiếu chi, Biên lai / Phiếu yêu cầu dịch vụ/ Giấy nộp tiền (theo từng đơn vị chuyển tiền)",Chuyển quỹ,,2026-06-19
6065903124300176340423,PGD 9322 chưa tồn tại hoặc là PGD chỉ dùng cho mượn chứng từ,9322,Chứng từ Ngân hàng hàng ngày,"Mục đích vốn (nếu có phát sinh bản giấy), Xác nhận người thụ hưởng không có TKNH với (HĐ vay 100 triệu), Chứng từ thu nhập + Năng lực tài chính (khi CIMB yêu cầu)",Giải ngân CIMB,GIAI_NGAN_CIMB,2026-06-19
7622558876225588,PGD 9322 chưa tồn tại hoặc là PGD chỉ dùng cho mượn chứng từ,9322,Chứng từ Vận hành hàng ngày,"Phiếu chi, Biên lai / Phiếu yêu cầu dịch vụ/ Giấy nộp tiền (theo từng đơn vị chuyển tiền)",Chuyển quỹ,,2026-06-19
6061416595700176363836,PGD 5552 chưa tồn tại hoặc là PGD chỉ dùng cho mượn chứng từ,5552,Chứng từ Ngân hàng hàng ngày,"Mục đích vốn (nếu có phát sinh bản giấy), Xác nhận người thụ hưởng không có TKNH với (HĐ vay 100 triệu), Chứng từ thu nhập + Năng lực tài chính (khi CIMB yêu cầu)",Giải ngân CIMB,GIAI_NGAN_CIMB,2026-06-19
7623393676233936,PGD 8245 chưa tồn tại hoặc là PGD chỉ dùng cho mượn chứng từ,8245,Chứng từ Vận hành hàng ngày,Phiếu thu,Hoàn tạm ứng cho nhân viên,,2026-06-19
7622481776224817,PGD 5132 chưa tồn tại hoặc là PGD chỉ dùng cho mượn chứng từ,5132,Chứng từ Vận hành hàng ngày,"Phiếu chi, Biên lai / Phiếu yêu cầu dịch vụ/ Giấy nộp tiền (theo từng đơn vị chuyển tiền)",Chuyển quỹ,,2026-06-19
6069612852700176370514,PGD 2306 chưa tồn tại hoặc là PGD chỉ dùng cho mượn chứng từ,2306,Chứng từ Ngân hàng hàng ngày,"Mục đích vốn (nếu có phát sinh bản giấy), Xác nhận người thụ hưởng không có TKNH với (HĐ vay 100 triệu), Chứng từ thu nhập + Năng lực tài chính (khi CIMB yêu cầu)",Giải ngân CIMB,GIAI_NGAN_CIMB,2026-06-19
6062589747800176356181,PGD 8631 chưa tồn tại hoặc là PGD chỉ dùng cho mượn chứng từ,8631,Chứng từ Ngân hàng hàng ngày,"Mục đích vốn (nếu có phát sinh bản giấy), Xác nhận người thụ hưởng không có TKNH với (HĐ vay 100 triệu), Chứng từ thu nhập + Năng lực tài chính (khi CIMB yêu cầu)",Giải ngân CIMB,GIAI_NGAN_CIMB,2026-06-19
5124607333800176361470,PGD 2303 chưa tồn tại hoặc là PGD chỉ dùng cho mượn chứng từ,2303,Chứng từ Vận hành hàng ngày,"Phiếu yêu cầu miễn giảm (nếu có), Phiếu yêu cầu miễn giảm (nếu có)",Miễn giảm,MIEN_GIAM,2026-06-19
6060219585600176340138,PGD 2304 chưa tồn tại hoặc là PGD chỉ dùng cho mượn chứng từ,2304,Chứng từ Ngân hàng hàng ngày,"Mục đích vốn (nếu có phát sinh bản giấy), Xác nhận người thụ hưởng không có TKNH với (HĐ vay 100 triệu), Chứng từ thu nhập + Năng lực tài chính (khi CIMB yêu cầu)",Giải ngân CIMB,GIAI_NGAN_CIMB,2026-06-19
6065742248400176614285,PGD 8631 chưa tồn tại hoặc là PGD chỉ dùng cho mượn chứng từ,8631,Chứng từ Ngân hàng hàng ngày,"Mục đích vốn (nếu có phát sinh bản giấy), Xác nhận người thụ hưởng không có TKNH với (HĐ vay 100 triệu), Chứng từ thu nhập + Năng lực tài chính (khi CIMB yêu cầu)",Giải ngân CIMB,GIAI_NGAN_CIMB,2026-06-20
7640500276405002,PGD 1283 chưa tồn tại hoặc là PGD chỉ dùng cho mượn chứng từ,1283,Chứng từ Vận hành hàng ngày,"Phiếu chi, Biên lai / Phiếu yêu cầu dịch vụ/ Giấy nộp tiền (theo từng đơn vị chuyển tiền)",Chuyển quỹ,,2026-06-20
6014514869100176621091,PGD 8245 chưa tồn tại hoặc là PGD chỉ dùng cho mượn chứng từ,8245,Chứng từ Vận hành hàng ngày,"Phiếu yêu cầu miễn giảm (nếu có), Phiếu yêu cầu miễn giảm (nếu có)",Miễn giảm đóng HĐ,MIEN_GIAM_DONG_HD,2026-06-20
6063351581600176622048,PGD 8245 chưa tồn tại hoặc là PGD chỉ dùng cho mượn chứng từ,8245,Chứng từ Ngân hàng hàng ngày,"Mục đích vốn (nếu có phát sinh bản giấy), Xác nhận người thụ hưởng không có TKNH với (HĐ vay 100 triệu), Chứng từ thu nhập + Năng lực tài chính (khi CIMB yêu cầu)",Giải ngân CIMB,GIAI_NGAN_CIMB,2026-06-20
7639998776399987,PGD 7436 chưa tồn tại hoặc là PGD chỉ dùng cho mượn chứng từ,7436,Chứng từ Vận hành hàng ngày,"Phiếu chi, Biên lai / Phiếu yêu cầu dịch vụ/ Giấy nộp tiền (theo từng đơn vị chuyển tiền)",Chuyển quỹ,,2026-06-20
7639026576390265,PGD 7436 chưa tồn tại hoặc là PGD chỉ dùng cho mượn chứng từ,7436,Chứng từ Vận hành hàng ngày,Phiếu chi,Rút tiền dư từ CIF,RUT_TIEN_DU_KH,2026-06-20
6019304105376481001,PGD 8244 chưa tồn tại hoặc là PGD chỉ dùng cho mượn chứng từ,8244,Chứng từ Vận hành hàng ngày,"Giấy đề nghị, Phiếu chi giải ngân, Ủy quyền epay",Đóng HĐCC chủ động,DONG_HDCC_CD,2026-06-20
7640226976402269,PGD 8244 chưa tồn tại hoặc là PGD chỉ dùng cho mượn chứng từ,8244,Chứng từ Vận hành hàng ngày,"Phiếu chi, Biên lai / Phiếu yêu cầu dịch vụ/ Giấy nộp tiền (theo từng đơn vị chuyển tiền)",Chuyển quỹ,,2026-06-20
5062451000376505786,Không map được loại chứng từ: HĐ ký gửi tài sản,4204,Chứng từ Vận hành hàng ngày,HĐ ký gửi tài sản,Đóng HĐCC chủ động,DONG_HDCC_CD,2026-06-20
6067522416576509647,PGD 2311 chưa tồn tại hoặc là PGD chỉ dùng cho mượn chứng từ,2311,Chứng từ Vận hành hàng ngày,Giấy đề nghị,Đóng HĐCC chủ động,DONG_HDCC_CD,2026-06-20
6060621936500176618053,PGD 8244 chưa tồn tại hoặc là PGD chỉ dùng cho mượn chứng từ,8244,Chứng từ Ngân hàng hàng ngày,"Mục đích vốn (nếu có phát sinh bản giấy), Xác nhận người thụ hưởng không có TKNH với (HĐ vay 100 triệu), Chứng từ thu nhập + Năng lực tài chính (khi CIMB yêu cầu)",Giải ngân CIMB,GIAI_NGAN_CIMB,2026-06-20
4097596101100876622679,Không map được loại chứng từ: Giấy đề nghị tái tục giấy nhận nợ,1006,Chứng từ Vận hành hàng ngày,Giấy đề nghị tái tục giấy nhận nợ,Đáo hạn,DONG_HD_DH,2026-06-20
6067424185100176623783,PGD 5244 chưa tồn tại hoặc là PGD chỉ dùng cho mượn chứng từ,5244,Chứng từ Ngân hàng hàng ngày,"Mục đích vốn (nếu có phát sinh bản giấy), Xác nhận người thụ hưởng không có TKNH với (HĐ vay 100 triệu), Chứng từ thu nhập + Năng lực tài chính (khi CIMB yêu cầu)",Giải ngân CIMB,GIAI_NGAN_CIMB,2026-06-20
6069227061500176623892,PGD 4114 chưa tồn tại hoặc là PGD chỉ dùng cho mượn chứng từ,4114,Chứng từ Ngân hàng hàng ngày,"Mục đích vốn (nếu có phát sinh bản giấy), Xác nhận người thụ hưởng không có TKNH với (HĐ vay 100 triệu), Chứng từ thu nhập + Năng lực tài chính (khi CIMB yêu cầu)",Giải ngân CIMB,GIAI_NGAN_CIMB,2026-06-20
6034587060776489483,Không map được loại chứng từ: HĐ ký gửi tài sản,1260,Chứng từ Vận hành hàng ngày,HĐ ký gửi tài sản,Đóng HĐCC chủ động,DONG_HDCC_CD,2026-06-20
6048345111476454049,PGD 8245 chưa tồn tại hoặc là PGD chỉ dùng cho mượn chứng từ,8245,Chứng từ Vận hành hàng ngày,"Giấy đề nghị, Phiếu chi giải ngân, Ủy quyền epay",Đóng HĐCC chủ động,DONG_HDCC_CD,2026-06-20
7640978076409780,PGD 2303 chưa tồn tại hoặc là PGD chỉ dùng cho mượn chứng từ,2303,Chứng từ Vận hành hàng ngày,"Phiếu chi, Biên lai / Phiếu yêu cầu dịch vụ/ Giấy nộp tiền (theo từng đơn vị chuyển tiền)",Chuyển quỹ,,2026-06-20
6066418619576496930,PGD 2308 chưa tồn tại hoặc là PGD chỉ dùng cho mượn chứng từ,2308,Chứng từ Vận hành hàng ngày,"Giấy đề nghị, Phiếu chi giải ngân",Đóng HĐCC chủ động,DONG_HDCC_CD,2026-06-20
6063778354100176611456,PGD 2305 chưa tồn tại hoặc là PGD chỉ dùng cho mượn chứng từ,2305,Chứng từ Ngân hàng hàng ngày,"Mục đích vốn (nếu có phát sinh bản giấy), Xác nhận người thụ hưởng không có TKNH với (HĐ vay 100 triệu), Chứng từ thu nhập + Năng lực tài chính (khi CIMB yêu cầu)",Giải ngân CIMB,GIAI_NGAN_CIMB,2026-06-20
6060335644900176606552,PGD 2308 chưa tồn tại hoặc là PGD chỉ dùng cho mượn chứng từ,2308,Chứng từ Ngân hàng hàng ngày,"Mục đích vốn (nếu có phát sinh bản giấy), Xác nhận người thụ hưởng không có TKNH với (HĐ vay 100 triệu), Chứng từ thu nhập + Năng lực tài chính (khi CIMB yêu cầu)",Giải ngân CIMB,GIAI_NGAN_CIMB,2026-06-20
6064102032400176615363,PGD 2309 chưa tồn tại hoặc là PGD chỉ dùng cho mượn chứng từ,2309,Chứng từ Ngân hàng hàng ngày,"Mục đích vốn (nếu có phát sinh bản giấy), Xác nhận người thụ hưởng không có TKNH với (HĐ vay 100 triệu), Chứng từ thu nhập + Năng lực tài chính (khi CIMB yêu cầu)",Giải ngân CIMB,GIAI_NGAN_CIMB,2026-06-20
5015655880276474970,Trùng parent_document_code trong nguồn Oracle,9001,Chứng từ Vận hành hàng ngày,"BB tất toán/thanh lý, Phiếu thu đóng hợp đồng, Biên bản chấm dứt thỏa thuận sử dụng TS và hoàn trả TS",Đóng HĐCC nợ xấu chủ động,DONG_HDCC_CDNX,2026-06-20
6035010377476487175,Không map được loại chứng từ: HĐ ký gửi tài sản,1266,Chứng từ Vận hành hàng ngày,HĐ ký gửi tài sản,Đóng HĐCC chủ động,DONG_HDCC_CD,2026-06-20
6064284458300176624538,PGD 8025 chưa tồn tại hoặc là PGD chỉ dùng cho mượn chứng từ,8025,Chứng từ Ngân hàng hàng ngày,"Mục đích vốn (nếu có phát sinh bản giấy), Xác nhận người thụ hưởng không có TKNH với (HĐ vay 100 triệu), Chứng từ thu nhập + Năng lực tài chính (khi CIMB yêu cầu)",Giải ngân CIMB,GIAI_NGAN_CIMB,2026-06-20
6019304105376481011,PGD 8244 chưa tồn tại hoặc là PGD chỉ dùng cho mượn chứng từ,8244,Chứng từ Vận hành hàng ngày,Giấy đề nghị,Đóng HĐCC chủ động,DONG_HDCC_CD,2026-06-20
6068535472800176632928,PGD 8136 chưa tồn tại hoặc là PGD chỉ dùng cho mượn chứng từ,8136,Chứng từ Ngân hàng hàng ngày,"Mục đích vốn (nếu có phát sinh bản giấy), Xác nhận người thụ hưởng không có TKNH với (HĐ vay 100 triệu), Chứng từ thu nhập + Năng lực tài chính (khi CIMB yêu cầu)",Giải ngân CIMB,GIAI_NGAN_CIMB,2026-06-20
4104028764500876619940,Không map được loại chứng từ: Giấy đề nghị tái tục giấy nhận nợ,7603,Chứng từ Vận hành hàng ngày,Giấy đề nghị tái tục giấy nhận nợ,Đáo hạn,DONG_HD_DH,2026-06-20
6062268810800176609374,PGD 2303 chưa tồn tại hoặc là PGD chỉ dùng cho mượn chứng từ,2303,Chứng từ Ngân hàng hàng ngày,"Mục đích vốn (nếu có phát sinh bản giấy), Xác nhận người thụ hưởng không có TKNH với (HĐ vay 100 triệu), Chứng từ thu nhập + Năng lực tài chính (khi CIMB yêu cầu)",Giải ngân CIMB,GIAI_NGAN_CIMB,2026-06-20
5046098472676463904,Trùng parent_document_code trong nguồn Oracle,5701,Chứng từ Vận hành hàng ngày,"BB tất toán/thanh lý, Phiếu thu đóng hợp đồng, Biên bản chấm dứt thỏa thuận sử dụng TS và hoàn trả TS",Đóng HĐCC nợ xấu chủ động,DONG_HDCC_CDNX,2026-06-20
6068472628200176605401,PGD 7827 chưa tồn tại hoặc là PGD chỉ dùng cho mượn chứng từ,7827,Chứng từ Ngân hàng hàng ngày,"Mục đích vốn (nếu có phát sinh bản giấy), Xác nhận người thụ hưởng không có TKNH với (HĐ vay 100 triệu), Chứng từ thu nhập + Năng lực tài chính (khi CIMB yêu cầu)",Giải ngân CIMB,GIAI_NGAN_CIMB,2026-06-20
7639086776390867,PGD 7436 chưa tồn tại hoặc là PGD chỉ dùng cho mượn chứng từ,7436,Chứng từ Vận hành hàng ngày,Phiếu chi,Rút tiền dư từ CIF,RUT_TIEN_DU_KH,2026-06-20
6014514869176489400,PGD 8245 chưa tồn tại hoặc là PGD chỉ dùng cho mượn chứng từ,8245,Chứng từ Vận hành hàng ngày,Giấy đề nghị,Đóng HĐCC chủ động,DONG_HDCC_CD,2026-06-20
6067517514900176621390,PGD 9221 chưa tồn tại hoặc là PGD chỉ dùng cho mượn chứng từ,9221,Chứng từ Ngân hàng hàng ngày,"Mục đích vốn (nếu có phát sinh bản giấy), Xác nhận người thụ hưởng không có TKNH với (HĐ vay 100 triệu), Chứng từ thu nhập + Năng lực tài chính (khi CIMB yêu cầu)",Giải ngân CIMB,GIAI_NGAN_CIMB,2026-06-20
6066056968900176624603,Không map được loại chứng từ: Mục đích sử dụng vốn cho khoản vay trên 100 triệu (MB yêu cầu),2007,Chứng từ Ngân hàng hàng ngày,Mục đích sử dụng vốn cho khoản vay trên 100 triệu (MB yêu cầu),Giải ngân MB,GIAI_NGAN_MB,2026-06-20
6067649158400176602301,PGD 2303 chưa tồn tại hoặc là PGD chỉ dùng cho mượn chứng từ,2303,Chứng từ Ngân hàng hàng ngày,"Mục đích vốn (nếu có phát sinh bản giấy), Xác nhận người thụ hưởng không có TKNH với (HĐ vay 100 triệu), Chứng từ thu nhập + Năng lực tài chính (khi CIMB yêu cầu)",Giải ngân CIMB,GIAI_NGAN_CIMB,2026-06-20
6064803188300176605010,PGD 5132 chưa tồn tại hoặc là PGD chỉ dùng cho mượn chứng từ,5132,Chứng từ Ngân hàng hàng ngày,"Mục đích vốn (nếu có phát sinh bản giấy), Xác nhận người thụ hưởng không có TKNH với (HĐ vay 100 triệu), Chứng từ thu nhập + Năng lực tài chính (khi CIMB yêu cầu)",Giải ngân CIMB,GIAI_NGAN_CIMB,2026-06-20
6034493581476495633,PGD 5737 chưa tồn tại hoặc là PGD chỉ dùng cho mượn chứng từ,5737,Chứng từ Vận hành hàng ngày,"Giấy đề nghị, Bản cam kết TS riêng, Phiếu chi giải ngân, HĐUQ bản F88 in",Đóng HĐCC chủ động,DONG_HDCC_CD,2026-06-20
5126034693476471391,Trùng parent_document_code trong nguồn Oracle,1006,Chứng từ Vận hành hàng ngày,"Giấy đề nghị, Phiếu chi giải ngân",Đóng HĐCC chủ động,DONG_HDCC_CD,2026-06-20
7639998076399980,PGD 7436 chưa tồn tại hoặc là PGD chỉ dùng cho mượn chứng từ,7436,Chứng từ Vận hành hàng ngày,"Phiếu chi, Biên lai / Phiếu yêu cầu dịch vụ/ Giấy nộp tiền (theo từng đơn vị chuyển tiền)",Chuyển quỹ,,2026-06-20
6034587060776489498,Không map được loại chứng từ: HĐ ký gửi tài sản,1260,Chứng từ Vận hành hàng ngày,HĐ ký gửi tài sản,Đóng HĐCC chủ động,DONG_HDCC_CD,2026-06-20
5112349783376495139,Trùng parent_document_code trong nguồn Oracle,2043,Chứng từ Vận hành hàng ngày,"Giấy đề nghị, Phiếu chi giải ngân, Ủy quyền epay",Đóng HĐCC nợ xấu chủ động,DONG_HDCC_CDNX,2026-06-20
7640586376405863,PGD 8631 chưa tồn tại hoặc là PGD chỉ dùng cho mượn chứng từ,8631,Chứng từ Vận hành hàng ngày,"Phiếu chi, Biên lai / Phiếu yêu cầu dịch vụ/ Giấy nộp tiền (theo từng đơn vị chuyển tiền)",Chuyển quỹ,,2026-06-20
7640984676409846,PGD 2305 chưa tồn tại hoặc là PGD chỉ dùng cho mượn chứng từ,2305,Chứng từ Vận hành hàng ngày,"Phiếu chi, Biên lai / Phiếu yêu cầu dịch vụ/ Giấy nộp tiền (theo từng đơn vị chuyển tiền)",Chuyển quỹ,,2026-06-20
6014514869176489372,PGD 8245 chưa tồn tại hoặc là PGD chỉ dùng cho mượn chứng từ,8245,Chứng từ Vận hành hàng ngày,"Giấy đề nghị, Phiếu chi giải ngân, Ủy quyền epay",Đóng HĐCC chủ động,DONG_HDCC_CD,2026-06-20
6063622556000176611973,PGD 5435 chưa tồn tại hoặc là PGD chỉ dùng cho mượn chứng từ,5435,Chứng từ Ngân hàng hàng ngày,"Mục đích vốn (nếu có phát sinh bản giấy), Xác nhận người thụ hưởng không có TKNH với (HĐ vay 100 triệu), Chứng từ thu nhập + Năng lực tài chính (khi CIMB yêu cầu)",Giải ngân CIMB,GIAI_NGAN_CIMB,2026-06-20
6041501113576469586,Không map được loại chứng từ: HĐ ký gửi tài sản,1006,Chứng từ Vận hành hàng ngày,HĐ ký gửi tài sản,Đóng HĐCC chủ động,DONG_HDCC_CD,2026-06-20
7640675576406755,PGD 4114 chưa tồn tại hoặc là PGD chỉ dùng cho mượn chứng từ,4114,Chứng từ Vận hành hàng ngày,"Phiếu chi, Biên lai / Phiếu yêu cầu dịch vụ/ Giấy nộp tiền (theo từng đơn vị chuyển tiền)",Chuyển quỹ,,2026-06-20
6064881895400176629038,PGD 2311 chưa tồn tại hoặc là PGD chỉ dùng cho mượn chứng từ,2311,Chứng từ Ngân hàng hàng ngày,"Mục đích vốn (nếu có phát sinh bản giấy), Xác nhận người thụ hưởng không có TKNH với (HĐ vay 100 triệu), Chứng từ thu nhập + Năng lực tài chính (khi CIMB yêu cầu)",Giải ngân CIMB,GIAI_NGAN_CIMB,2026-06-20
7639860676398606,PGD 8631 chưa tồn tại hoặc là PGD chỉ dùng cho mượn chứng từ,8631,Chứng từ Vận hành hàng ngày,"Phiếu chi, Biên lai / Phiếu yêu cầu dịch vụ/ Giấy nộp tiền (theo từng đơn vị chuyển tiền)",Chuyển quỹ,,2026-06-20
6016494446076503957,PGD 5132 chưa tồn tại hoặc là PGD chỉ dùng cho mượn chứng từ,5132,Chứng từ Vận hành hàng ngày,"Giấy đề nghị, Phiếu chi giải ngân",Đóng HĐCC chủ động,DONG_HDCC_CD,2026-06-20
5105873273176456065,Không map được loại chứng từ: HĐ ký gửi tài sản,2077,Chứng từ Vận hành hàng ngày,HĐ ký gửi tài sản,Đóng HĐCC chủ động,DONG_HDCC_CD,2026-06-20
4120083772176486027,Trùng parent_document_code trong nguồn Oracle,8712,Chứng từ Vận hành hàng ngày,"BB tất toán/thanh lý, Phiếu thu đóng hợp đồng, Biên bản chấm dứt thỏa thuận sử dụng TS và hoàn trả TS",Đóng HĐCC nợ xấu chủ động,DONG_HDCC_CDNX,2026-06-20
6065239947200176628027,PGD 8136 chưa tồn tại hoặc là PGD chỉ dùng cho mượn chứng từ,8136,Chứng từ Ngân hàng hàng ngày,"Mục đích vốn (nếu có phát sinh bản giấy), Xác nhận người thụ hưởng không có TKNH với (HĐ vay 100 triệu), Chứng từ thu nhập + Năng lực tài chính (khi CIMB yêu cầu)",Giải ngân CIMB,GIAI_NGAN_CIMB,2026-06-20
5062451000376505774,Không map được loại chứng từ: HĐ ký gửi tài sản,4204,Chứng từ Vận hành hàng ngày,HĐ ký gửi tài sản,Đóng HĐCC chủ động,DONG_HDCC_CD,2026-06-20
6067522416576509626,PGD 2311 chưa tồn tại hoặc là PGD chỉ dùng cho mượn chứng từ,2311,Chứng từ Vận hành hàng ngày,"Giấy đề nghị, Phiếu chi giải ngân, Ủy quyền epay",Đóng HĐCC chủ động,DONG_HDCC_CD,2026-06-20
5010540021500476599952,Không map được loại chứng từ: Giấy đề nghị tái tục giấy nhận nợ,9317,Chứng từ Vận hành hàng ngày,Giấy đề nghị tái tục giấy nhận nợ,Đáo hạn,DONG_HD_DH,2026-06-20
5113501520576489034,Trùng parent_document_code trong nguồn Oracle,5207,Chứng từ Vận hành hàng ngày,"Giấy đề nghị, Phiếu chi giải ngân",Đóng HĐCC nợ xấu chủ động,DONG_HDCC_CDNX,2026-06-20
6068923474076464185,Trùng parent_document_code trong nguồn Oracle,8705,Chứng từ Vận hành hàng ngày,"BB tất toán/thanh lý, Phiếu thu đóng hợp đồng, Biên bản chấm dứt thỏa thuận sử dụng TS và hoàn trả TS",Đóng HĐCC chủ động,DONG_HDCC_CD,2026-06-20
6061560046600176614490,PGD 8136 chưa tồn tại hoặc là PGD chỉ dùng cho mượn chứng từ,8136,Chứng từ Ngân hàng hàng ngày,"Mục đích vốn (nếu có phát sinh bản giấy), Xác nhận người thụ hưởng không có TKNH với (HĐ vay 100 triệu), Chứng từ thu nhập + Năng lực tài chính (khi CIMB yêu cầu)",Giải ngân CIMB,GIAI_NGAN_CIMB,2026-06-20
6061347408000176631052,PGD 2308 chưa tồn tại hoặc là PGD chỉ dùng cho mượn chứng từ,2308,Chứng từ Ngân hàng hàng ngày,"Mục đích vốn (nếu có phát sinh bản giấy), Xác nhận người thụ hưởng không có TKNH với (HĐ vay 100 triệu), Chứng từ thu nhập + Năng lực tài chính (khi CIMB yêu cầu)",Giải ngân CIMB,GIAI_NGAN_CIMB,2026-06-20
6048345111476454491,PGD 8245 chưa tồn tại hoặc là PGD chỉ dùng cho mượn chứng từ,8245,Chứng từ Vận hành hàng ngày,Giấy đề nghị,Đóng HĐCC chủ động,DONG_HDCC_CD,2026-06-20
7640817076408170,PGD 7827 chưa tồn tại hoặc là PGD chỉ dùng cho mượn chứng từ,7827,Chứng từ Vận hành hàng ngày,"Phiếu chi, Biên lai / Phiếu yêu cầu dịch vụ/ Giấy nộp tiền (theo từng đơn vị chuyển tiền)",Chuyển quỹ,,2026-06-20
5108112995376501212,Trùng parent_document_code trong nguồn Oracle,1015,Chứng từ Vận hành hàng ngày,"Giấy đề nghị, Phiếu chi giải ngân",Đóng HĐCC nợ xấu chủ động,DONG_HDCC_CDNX,2026-06-20
5105873273176455987,Không map được loại chứng từ: HĐ ký gửi tài sản,2077,Chứng từ Vận hành hàng ngày,HĐ ký gửi tài sản,Đóng HĐCC chủ động,DONG_HDCC_CD,2026-06-20
7640650276406502,PGD 2310 chưa tồn tại hoặc là PGD chỉ dùng cho mượn chứng từ,2310,Chứng từ Vận hành hàng ngày,"Phiếu chi, Biên lai / Phiếu yêu cầu dịch vụ/ Giấy nộp tiền (theo từng đơn vị chuyển tiền)",Chuyển quỹ,,2026-06-20
7640988476409884,PGD 5245 chưa tồn tại hoặc là PGD chỉ dùng cho mượn chứng từ,5245,Chứng từ Vận hành hàng ngày,"Phiếu chi, Biên lai / Phiếu yêu cầu dịch vụ/ Giấy nộp tiền (theo từng đơn vị chuyển tiền)",Chuyển quỹ,,2026-06-20
4047240990676471874,Trùng parent_document_code trong nguồn Oracle,3201,Chứng từ Vận hành hàng ngày,"BB tất toán/thanh lý, Phiếu thu đóng hợp đồng, Biên bản chấm dứt thỏa thuận sử dụng TS và hoàn trả TS",Đóng HĐCC nợ xấu chủ động,DONG_HDCC_CDNX,2026-06-20
6063448295200176609344,PGD 1288 chưa tồn tại hoặc là PGD chỉ dùng cho mượn chứng từ,1288,Chứng từ Ngân hàng hàng ngày,"Mục đích vốn (nếu có phát sinh bản giấy), Xác nhận người thụ hưởng không có TKNH với (HĐ vay 100 triệu), Chứng từ thu nhập + Năng lực tài chính (khi CIMB yêu cầu)",Giải ngân CIMB,GIAI_NGAN_CIMB,2026-06-20
7640583076405830,PGD 2304 chưa tồn tại hoặc là PGD chỉ dùng cho mượn chứng từ,2304,Chứng từ Vận hành hàng ngày,"Phiếu chi, Biên lai / Phiếu yêu cầu dịch vụ/ Giấy nộp tiền (theo từng đơn vị chuyển tiền)",Chuyển quỹ,,2026-06-20
5058269901376467346,Trùng parent_document_code trong nguồn Oracle,8606,Chứng từ Vận hành hàng ngày,"Giấy đề nghị, Phiếu chi giải ngân, Ủy quyền epay",Đóng HĐCC chủ động,DONG_HDCC_CD,2026-06-20
7640390576403905,PGD 2302 chưa tồn tại hoặc là PGD chỉ dùng cho mượn chứng từ,2302,Chứng từ Vận hành hàng ngày,"Phiếu chi, Biên lai / Phiếu yêu cầu dịch vụ/ Giấy nộp tiền (theo từng đơn vị chuyển tiền)",Chuyển quỹ,,2026-06-20
6047338800676479895,Trùng parent_document_code trong nguồn Oracle,7958,Chứng từ Vận hành hàng ngày,"Giấy đề nghị, Phiếu chi giải ngân",Đóng HĐCC chủ động,DONG_HDCC_CD,2026-06-20
6035010377476487193,Không map được loại chứng từ: HĐ ký gửi tài sản,1266,Chứng từ Vận hành hàng ngày,HĐ ký gửi tài sản,Đóng HĐCC chủ động,DONG_HDCC_CD,2026-06-20
5122341675976469549,Trùng parent_document_code trong nguồn Oracle,2011,Chứng từ Vận hành hàng ngày,"BB tất toán/thanh lý, Phiếu thu đóng hợp đồng, Biên bản chấm dứt thỏa thuận sử dụng TS và hoàn trả TS",Đóng HĐCC chủ động,DONG_HDCC_CD,2026-06-20
6065001186000176616980,Không map được loại chứng từ: Mục đích sử dụng vốn cho khoản vay trên 100 triệu (MB yêu cầu),4509,Chứng từ Ngân hàng hàng ngày,Mục đích sử dụng vốn cho khoản vay trên 100 triệu (MB yêu cầu),Giải ngân MB,GIAI_NGAN_MB,2026-06-20
6069907164200176612710,PGD 1288 chưa tồn tại hoặc là PGD chỉ dùng cho mượn chứng từ,1288,Chứng từ Ngân hàng hàng ngày,"Mục đích vốn (nếu có phát sinh bản giấy), Xác nhận người thụ hưởng không có TKNH với (HĐ vay 100 triệu), Chứng từ thu nhập + Năng lực tài chính (khi CIMB yêu cầu)",Giải ngân CIMB,GIAI_NGAN_CIMB,2026-06-20
6054053270776485932,Trùng parent_document_code trong nguồn Oracle,8230,Chứng từ Vận hành hàng ngày,"Giấy đề nghị, Phiếu chi giải ngân",Đóng HĐCC chủ động,DONG_HDCC_CD,2026-06-20
6014972005876478989,Trùng parent_document_code trong nguồn Oracle,8817,Chứng từ Vận hành hàng ngày,"Giấy đề nghị, Phiếu chi giải ngân",Đóng HĐCC chủ động,DONG_HDCC_CD,2026-06-20
6064887111900176618673,PGD 9322 chưa tồn tại hoặc là PGD chỉ dùng cho mượn chứng từ,9322,Chứng từ Ngân hàng hàng ngày,"Mục đích vốn (nếu có phát sinh bản giấy), Xác nhận người thụ hưởng không có TKNH với (HĐ vay 100 triệu), Chứng từ thu nhập + Năng lực tài chính (khi CIMB yêu cầu)",Giải ngân CIMB,GIAI_NGAN_CIMB,2026-06-20
6016100277676508905,Trùng parent_document_code trong nguồn Oracle,7951,Chứng từ Vận hành hàng ngày,"Giấy đề nghị, Phiếu chi giải ngân",Đóng HĐCC chủ động,DONG_HDCC_CD,2026-06-20
7640624876406248,PGD 1286 chưa tồn tại hoặc là PGD chỉ dùng cho mượn chứng từ,1286,Chứng từ Vận hành hàng ngày,"Phiếu chi, Biên lai / Phiếu yêu cầu dịch vụ/ Giấy nộp tiền (theo từng đơn vị chuyển tiền)",Chuyển quỹ,,2026-06-20
6061443914900176721736,PGD 5737 chưa tồn tại hoặc là PGD chỉ dùng cho mượn chứng từ,5737,Chứng từ Ngân hàng hàng ngày,"Mục đích vốn (nếu có phát sinh bản giấy), Xác nhận người thụ hưởng không có TKNH với (HĐ vay 100 triệu), Chứng từ thu nhập + Năng lực tài chính (khi CIMB yêu cầu)",Giải ngân CIMB,GIAI_NGAN_CIMB,2026-06-21
6061007513676697313,PGD 8631 chưa tồn tại hoặc là PGD chỉ dùng cho mượn chứng từ,8631,Chứng từ Vận hành hàng ngày,"BB tất toán/thanh lý, Phiếu thu đóng hợp đồng, Biên bản chấm dứt thỏa thuận sử dụng TS và hoàn trả TS, Giấy đề nghị",Đóng HĐCC chủ động,DONG_HDCC_CD,2026-06-21
6064358519400176728447,PGD 2311 chưa tồn tại hoặc là PGD chỉ dùng cho mượn chứng từ,2311,Chứng từ Ngân hàng hàng ngày,"Mục đích vốn (nếu có phát sinh bản giấy), Xác nhận người thụ hưởng không có TKNH với (HĐ vay 100 triệu), Chứng từ thu nhập + Năng lực tài chính (khi CIMB yêu cầu)",Giải ngân CIMB,GIAI_NGAN_CIMB,2026-06-21
7667055476670554,PGD 5737 chưa tồn tại hoặc là PGD chỉ dùng cho mượn chứng từ,5737,Chứng từ Vận hành hàng ngày,"Phiếu chi, Biên lai / Phiếu yêu cầu dịch vụ/ Giấy nộp tiền (theo từng đơn vị chuyển tiền)",Chuyển quỹ,,2026-06-21
7668830976688309,PGD 1288 chưa tồn tại hoặc là PGD chỉ dùng cho mượn chứng từ,1288,Chứng từ Vận hành hàng ngày,"Phiếu chi, Biên lai / Phiếu yêu cầu dịch vụ/ Giấy nộp tiền (theo từng đơn vị chuyển tiền)",Chuyển quỹ,,2026-06-21
7669022876690228,PGD 2308 chưa tồn tại hoặc là PGD chỉ dùng cho mượn chứng từ,2308,Chứng từ Vận hành hàng ngày,"Phiếu chi, Biên lai / Phiếu yêu cầu dịch vụ/ Giấy nộp tiền (theo từng đơn vị chuyển tiền)",Chuyển quỹ,,2026-06-21
6062912321500176720498,PGD 2303 chưa tồn tại hoặc là PGD chỉ dùng cho mượn chứng từ,2303,Chứng từ Ngân hàng hàng ngày,"Mục đích vốn (nếu có phát sinh bản giấy), Xác nhận người thụ hưởng không có TKNH với (HĐ vay 100 triệu), Chứng từ thu nhập + Năng lực tài chính (khi CIMB yêu cầu)",Giải ngân CIMB,GIAI_NGAN_CIMB,2026-06-21
6068333505000176720823,PGD 8136 chưa tồn tại hoặc là PGD chỉ dùng cho mượn chứng từ,8136,Chứng từ Ngân hàng hàng ngày,"Mục đích vốn (nếu có phát sinh bản giấy), Xác nhận người thụ hưởng không có TKNH với (HĐ vay 100 triệu), Chứng từ thu nhập + Năng lực tài chính (khi CIMB yêu cầu)",Giải ngân CIMB,GIAI_NGAN_CIMB,2026-06-21
6048709531200276732490,PGD 5243 chưa tồn tại hoặc là PGD chỉ dùng cho mượn chứng từ,5243,Chứng từ Vận hành hàng ngày,Phiếu thu đóng hợp đồng,Đóng hợp đồng chủ động,DONG_HD_CD,2026-06-21
6064233343276683294,PGD 5244 chưa tồn tại hoặc là PGD chỉ dùng cho mượn chứng từ,5244,Chứng từ Vận hành hàng ngày,Giấy đề nghị,Đóng HĐCC chủ động,DONG_HDCC_CD,2026-06-21
7668164276681642,PGD 8135 chưa tồn tại hoặc là PGD chỉ dùng cho mượn chứng từ,8135,Chứng từ Vận hành hàng ngày,"Phiếu chi, Biên lai / Phiếu yêu cầu dịch vụ/ Giấy nộp tiền (theo từng đơn vị chuyển tiền)",Chuyển quỹ,,2026-06-21
7668202876682028,PGD 1288 chưa tồn tại hoặc là PGD chỉ dùng cho mượn chứng từ,1288,Chứng từ Vận hành hàng ngày,Phiếu thu,Nhận quỹ,,2026-06-21
7668385076683850,PGD 8244 chưa tồn tại hoặc là PGD chỉ dùng cho mượn chứng từ,8244,Chứng từ Vận hành hàng ngày,"Phiếu chi, Biên lai / Phiếu yêu cầu dịch vụ/ Giấy nộp tiền (theo từng đơn vị chuyển tiền)",Chuyển quỹ,,2026-06-21
7668240976682409,PGD 2310 chưa tồn tại hoặc là PGD chỉ dùng cho mượn chứng từ,2310,Chứng từ Vận hành hàng ngày,"Phiếu chi, Biên lai / Phiếu yêu cầu dịch vụ/ Giấy nộp tiền (theo từng đơn vị chuyển tiền)",Chuyển quỹ,,2026-06-21
6036713367676685402,PGD 1286 chưa tồn tại hoặc là PGD chỉ dùng cho mượn chứng từ,1286,Chứng từ Vận hành hàng ngày,"Giấy đề nghị, Phiếu chi giải ngân, Ủy quyền epay",Đóng HĐCC chủ động,DONG_HDCC_CD,2026-06-21
6060643849700176732479,PGD 2307 chưa tồn tại hoặc là PGD chỉ dùng cho mượn chứng từ,2307,Chứng từ Ngân hàng hàng ngày,"Mục đích vốn (nếu có phát sinh bản giấy), Xác nhận người thụ hưởng không có TKNH với (HĐ vay 100 triệu), Chứng từ thu nhập + Năng lực tài chính (khi CIMB yêu cầu)",Giải ngân CIMB,GIAI_NGAN_CIMB,2026-06-21
5070931912576693886,Không map được loại chứng từ: HĐ ký gửi tài sản,4238,Chứng từ Vận hành hàng ngày,HĐ ký gửi tài sản,Đóng HĐCC chủ động,DONG_HDCC_CD,2026-06-21
5070931912576693895,Không map được loại chứng từ: HĐ ký gửi tài sản,4238,Chứng từ Vận hành hàng ngày,HĐ ký gửi tài sản,Đóng HĐCC chủ động,DONG_HDCC_CD,2026-06-21
5107954493076694532,Trùng parent_document_code trong nguồn Oracle,7804,Chứng từ Vận hành hàng ngày,"BB tất toán/thanh lý, Phiếu thu đóng hợp đồng, Biên bản chấm dứt thỏa thuận sử dụng TS và hoàn trả TS",Đóng HĐCC nợ xấu chủ động,DONG_HDCC_CDNX,2026-06-21
6063322355276694622,PGD 8135 chưa tồn tại hoặc là PGD chỉ dùng cho mượn chứng từ,8135,Chứng từ Vận hành hàng ngày,Giấy đề nghị,Đóng HĐCC chủ động,DONG_HDCC_CD,2026-06-21
6069382832800176717298,PGD 5435 chưa tồn tại hoặc là PGD chỉ dùng cho mượn chứng từ,5435,Chứng từ Ngân hàng hàng ngày,"Mục đích vốn (nếu có phát sinh bản giấy), Xác nhận người thụ hưởng không có TKNH với (HĐ vay 100 triệu), Chứng từ thu nhập + Năng lực tài chính (khi CIMB yêu cầu)",Giải ngân CIMB,GIAI_NGAN_CIMB,2026-06-21
5129763019400176718290,Không map được loại chứng từ: Giấy đề nghị tái tục giấy nhận nợ,2040,Chứng từ Vận hành hàng ngày,Giấy đề nghị tái tục giấy nhận nợ,Đáo hạn,DONG_HD_DH,2026-06-21
7667467876674678,PGD 5737 chưa tồn tại hoặc là PGD chỉ dùng cho mượn chứng từ,5737,Chứng từ Vận hành hàng ngày,"Phiếu chi, Biên lai / Phiếu yêu cầu dịch vụ/ Giấy nộp tiền (theo từng đơn vị chuyển tiền)",Chuyển quỹ,,2026-06-21
6067571980000176730695,PGD 5132 chưa tồn tại hoặc là PGD chỉ dùng cho mượn chứng từ,5132,Chứng từ Vận hành hàng ngày,Phiếu thu đóng hợp đồng,Đóng hợp đồng chủ động,DONG_HD_CD,2026-06-21
7668320776683207,PGD 5244 chưa tồn tại hoặc là PGD chỉ dùng cho mượn chứng từ,5244,Chứng từ Vận hành hàng ngày,"Phiếu chi, Biên lai / Phiếu yêu cầu dịch vụ/ Giấy nộp tiền (theo từng đơn vị chuyển tiền)",Chuyển quỹ,,2026-06-21
6069814145300176732164,PGD 1278 chưa tồn tại hoặc là PGD chỉ dùng cho mượn chứng từ,1278,Chứng từ Ngân hàng hàng ngày,"Mục đích vốn (nếu có phát sinh bản giấy), Xác nhận người thụ hưởng không có TKNH với (HĐ vay 100 triệu), Chứng từ thu nhập + Năng lực tài chính (khi CIMB yêu cầu)",Giải ngân CIMB,GIAI_NGAN_CIMB,2026-06-21
6068497020800176718884,PGD 5243 chưa tồn tại hoặc là PGD chỉ dùng cho mượn chứng từ,5243,Chứng từ Ngân hàng hàng ngày,"Mục đích vốn (nếu có phát sinh bản giấy), Xác nhận người thụ hưởng không có TKNH với (HĐ vay 100 triệu), Chứng từ thu nhập + Năng lực tài chính (khi CIMB yêu cầu)",Giải ngân CIMB,GIAI_NGAN_CIMB,2026-06-21
6068535178100176719194,PGD 5245 chưa tồn tại hoặc là PGD chỉ dùng cho mượn chứng từ,5245,Chứng từ Ngân hàng hàng ngày,"Mục đích vốn (nếu có phát sinh bản giấy), Xác nhận người thụ hưởng không có TKNH với (HĐ vay 100 triệu), Chứng từ thu nhập + Năng lực tài chính (khi CIMB yêu cầu)",Giải ngân CIMB,GIAI_NGAN_CIMB,2026-06-21
6064233343276683288,PGD 5244 chưa tồn tại hoặc là PGD chỉ dùng cho mượn chứng từ,5244,Chứng từ Vận hành hàng ngày,"Giấy đề nghị, Phiếu chi giải ngân, Ủy quyền epay",Đóng HĐCC chủ động,DONG_HDCC_CD,2026-06-21
6062032993100176726144,PGD 8631 chưa tồn tại hoặc là PGD chỉ dùng cho mượn chứng từ,8631,Chứng từ Ngân hàng hàng ngày,"Mục đích vốn (nếu có phát sinh bản giấy), Xác nhận người thụ hưởng không có TKNH với (HĐ vay 100 triệu), Chứng từ thu nhập + Năng lực tài chính (khi CIMB yêu cầu)",Giải ngân CIMB,GIAI_NGAN_CIMB,2026-06-21
6065747295800176725556,PGD 8631 chưa tồn tại hoặc là PGD chỉ dùng cho mượn chứng từ,8631,Chứng từ Ngân hàng hàng ngày,"Mục đích vốn (nếu có phát sinh bản giấy), Xác nhận người thụ hưởng không có TKNH với (HĐ vay 100 triệu), Chứng từ thu nhập + Năng lực tài chính (khi CIMB yêu cầu)",Giải ngân CIMB,GIAI_NGAN_CIMB,2026-06-21
5086269251876698778,Trùng parent_document_code trong nguồn Oracle,1076,Chứng từ Vận hành hàng ngày,"Giấy đề nghị, Phiếu chi giải ngân",Đóng HĐCC nợ xấu chủ động,DONG_HDCC_CDNX,2026-06-21
6063297482200176723167,PGD 7767 chưa tồn tại hoặc là PGD chỉ dùng cho mượn chứng từ,7767,Chứng từ Ngân hàng hàng ngày,"Mục đích vốn (nếu có phát sinh bản giấy), Xác nhận người thụ hưởng không có TKNH với (HĐ vay 100 triệu), Chứng từ thu nhập + Năng lực tài chính (khi CIMB yêu cầu)",Giải ngân CIMB,GIAI_NGAN_CIMB,2026-06-21
5095575391076688403,Trùng parent_document_code trong nguồn Oracle,7903,Chứng từ Vận hành hàng ngày,"Giấy đề nghị, Phiếu chi giải ngân, Ủy quyền epay",Đóng HĐCC nợ xấu chủ động,DONG_HDCC_CDNX,2026-06-21
6067571980076698675,PGD 5132 chưa tồn tại hoặc là PGD chỉ dùng cho mượn chứng từ,5132,Chứng từ Vận hành hàng ngày,"Giấy đề nghị, Phiếu chi giải ngân, Ủy quyền epay",Đóng HĐCC chủ động,DONG_HDCC_CD,2026-06-21
6061007739400176720206,PGD 5737 chưa tồn tại hoặc là PGD chỉ dùng cho mượn chứng từ,5737,Chứng từ Ngân hàng hàng ngày,"Mục đích vốn (nếu có phát sinh bản giấy), Xác nhận người thụ hưởng không có TKNH với (HĐ vay 100 triệu), Chứng từ thu nhập + Năng lực tài chính (khi CIMB yêu cầu)",Giải ngân CIMB,GIAI_NGAN_CIMB,2026-06-21
7667294276672942,PGD 1285 chưa tồn tại hoặc là PGD chỉ dùng cho mượn chứng từ,1285,Chứng từ Vận hành hàng ngày,Phiếu thu,Nhận quỹ,,2026-06-21
5125182468200176726795,PGD 8631 chưa tồn tại hoặc là PGD chỉ dùng cho mượn chứng từ,8631,Chứng từ Vận hành hàng ngày,Phiếu thu đóng hợp đồng,Đóng hợp đồng chủ động,DONG_HD_CD,2026-06-21
6067668503400176720010,PGD 1285 chưa tồn tại hoặc là PGD chỉ dùng cho mượn chứng từ,1285,Chứng từ Ngân hàng hàng ngày,"Mục đích vốn (nếu có phát sinh bản giấy), Xác nhận người thụ hưởng không có TKNH với (HĐ vay 100 triệu), Chứng từ thu nhập + Năng lực tài chính (khi CIMB yêu cầu)",Giải ngân CIMB,GIAI_NGAN_CIMB,2026-06-21
6060054841176694916,PGD 2303 chưa tồn tại hoặc là PGD chỉ dùng cho mượn chứng từ,2303,Chứng từ Vận hành hàng ngày,"Giấy đề nghị, Phiếu chi giải ngân",Đóng HĐCC chủ động,DONG_HDCC_CD,2026-06-21
4098969330076695840,Trùng parent_document_code trong nguồn Oracle,8707,Chứng từ Vận hành hàng ngày,"Giấy đề nghị, Phiếu chi giải ngân",Đóng HĐCC nợ xấu chủ động,DONG_HDCC_CDNX,2026-06-21
6062146224400176720969,PGD 4826 chưa tồn tại hoặc là PGD chỉ dùng cho mượn chứng từ,4826,Chứng từ Ngân hàng hàng ngày,"Mục đích vốn (nếu có phát sinh bản giấy), Xác nhận người thụ hưởng không có TKNH với (HĐ vay 100 triệu), Chứng từ thu nhập + Năng lực tài chính (khi CIMB yêu cầu)",Giải ngân CIMB,GIAI_NGAN_CIMB,2026-06-21
6066145613200176720292,PGD 6219 chưa tồn tại hoặc là PGD chỉ dùng cho mượn chứng từ,6219,Chứng từ Ngân hàng hàng ngày,"Mục đích vốn (nếu có phát sinh bản giấy), Xác nhận người thụ hưởng không có TKNH với (HĐ vay 100 triệu), Chứng từ thu nhập + Năng lực tài chính (khi CIMB yêu cầu)",Giải ngân CIMB,GIAI_NGAN_CIMB,2026-06-21
7669100176691001,PGD 8245 chưa tồn tại hoặc là PGD chỉ dùng cho mượn chứng từ,8245,Chứng từ Vận hành hàng ngày,Phiếu thu,Nhận quỹ,,2026-06-21
6068598125976691406,PGD 9221 chưa tồn tại hoặc là PGD chỉ dùng cho mượn chứng từ,9221,Chứng từ Vận hành hàng ngày,"Giấy đề nghị, Phiếu chi giải ngân",Đóng HĐCC chủ động,DONG_HDCC_CD,2026-06-21
6069528875700176727916,PGD 9322 chưa tồn tại hoặc là PGD chỉ dùng cho mượn chứng từ,9322,Chứng từ Ngân hàng hàng ngày,"Mục đích vốn (nếu có phát sinh bản giấy), Xác nhận người thụ hưởng không có TKNH với (HĐ vay 100 triệu), Chứng từ thu nhập + Năng lực tài chính (khi CIMB yêu cầu)",Giải ngân CIMB,GIAI_NGAN_CIMB,2026-06-21
6063322355276694607,PGD 8135 chưa tồn tại hoặc là PGD chỉ dùng cho mượn chứng từ,8135,Chứng từ Vận hành hàng ngày,"Giấy đề nghị, Phiếu chi giải ngân, Ủy quyền epay",Đóng HĐCC chủ động,DONG_HDCC_CD,2026-06-21
6062354548876693913,PGD 8631 chưa tồn tại hoặc là PGD chỉ dùng cho mượn chứng từ,8631,Chứng từ Vận hành hàng ngày,"Thỏa thuận sử dụng TS, Biên bản bàn giao TS cho mượn, Giấy đề nghị, Phiếu chi giải ngân, Ủy quyền epay, HĐ ký gửi tài sản, Biên bản bàn giao TS Ký gửi",Đóng HĐCC chủ động,DONG_HDCC_CD,2026-06-21
6066097386900176729964,PGD 5132 chưa tồn tại hoặc là PGD chỉ dùng cho mượn chứng từ,5132,Chứng từ Ngân hàng hàng ngày,"Mục đích vốn (nếu có phát sinh bản giấy), Xác nhận người thụ hưởng không có TKNH với (HĐ vay 100 triệu), Chứng từ thu nhập + Năng lực tài chính (khi CIMB yêu cầu)",Giải ngân CIMB,GIAI_NGAN_CIMB,2026-06-21
6061007513676697300,PGD 8631 chưa tồn tại hoặc là PGD chỉ dùng cho mượn chứng từ,8631,Chứng từ Vận hành hàng ngày,"Giấy đề nghị, Phiếu chi giải ngân, Ủy quyền epay",Đóng HĐCC chủ động,DONG_HDCC_CD,2026-06-21
6062489450600176731992,PGD 2308 chưa tồn tại hoặc là PGD chỉ dùng cho mượn chứng từ,2308,Chứng từ Ngân hàng hàng ngày,"Mục đích vốn (nếu có phát sinh bản giấy), Xác nhận người thụ hưởng không có TKNH với (HĐ vay 100 triệu), Chứng từ thu nhập + Năng lực tài chính (khi CIMB yêu cầu)",Giải ngân CIMB,GIAI_NGAN_CIMB,2026-06-21
6063856857100176718329,PGD 5552 chưa tồn tại hoặc là PGD chỉ dùng cho mượn chứng từ,5552,Chứng từ Ngân hàng hàng ngày,"Mục đích vốn (nếu có phát sinh bản giấy), Xác nhận người thụ hưởng không có TKNH với (HĐ vay 100 triệu), Chứng từ thu nhập + Năng lực tài chính (khi CIMB yêu cầu)",Giải ngân CIMB,GIAI_NGAN_CIMB,2026-06-21
6060054841100176725608,PGD 2303 chưa tồn tại hoặc là PGD chỉ dùng cho mượn chứng từ,2303,Chứng từ Vận hành hàng ngày,Phiếu thu đóng hợp đồng,Đóng hợp đồng chủ động,DONG_HD_CD,2026-06-21
7669148576691485,PGD 8245 chưa tồn tại hoặc là PGD chỉ dùng cho mượn chứng từ,8245,Chứng từ Vận hành hàng ngày,"Phiếu chi, Biên lai / Phiếu yêu cầu dịch vụ/ Giấy nộp tiền (theo từng đơn vị chuyển tiền)",Chuyển quỹ,,2026-06-21
6067571980076698707,PGD 5132 chưa tồn tại hoặc là PGD chỉ dùng cho mượn chứng từ,5132,Chứng từ Vận hành hàng ngày,"BB tất toán/thanh lý, Phiếu thu đóng hợp đồng, Biên bản chấm dứt thỏa thuận sử dụng TS và hoàn trả TS, Giấy đề nghị",Đóng HĐCC chủ động,DONG_HDCC_CD,2026-06-21
5075188758576694352,Trùng parent_document_code trong nguồn Oracle,5609,Chứng từ Vận hành hàng ngày,"Giấy đề nghị, Phiếu chi giải ngân",Đóng HĐCC chủ động,DONG_HDCC_CD,2026-06-21
5094712026976691530,Trùng parent_document_code trong nguồn Oracle,9201,Chứng từ Vận hành hàng ngày,"BB tất toán/thanh lý, Phiếu thu đóng hợp đồng, Biên bản chấm dứt thỏa thuận sử dụng TS và hoàn trả TS",Đóng HĐCC nợ xấu chủ động,DONG_HDCC_CDNX,2026-06-21
5116070454076692510,Trùng parent_document_code trong nguồn Oracle,5502,Chứng từ Vận hành hàng ngày,"BB tất toán/thanh lý, Phiếu thu đóng hợp đồng, Biên bản chấm dứt thỏa thuận sử dụng TS và hoàn trả TS",Đóng HĐCC chủ động,DONG_HDCC_CD,2026-06-21
5076005402976697104,Trùng parent_document_code trong nguồn Oracle,5241,Chứng từ Vận hành hàng ngày,"Giấy đề nghị, Phiếu chi giải ngân",Đóng HĐCC nợ xấu chủ động,DONG_HDCC_CDNX,2026-06-21
7668731576687315,PGD 5245 chưa tồn tại hoặc là PGD chỉ dùng cho mượn chứng từ,5245,Chứng từ Vận hành hàng ngày,"Phiếu chi, Biên lai / Phiếu yêu cầu dịch vụ/ Giấy nộp tiền (theo từng đơn vị chuyển tiền)",Chuyển quỹ,,2026-06-21
4101862570315476718659,Không map được loại chứng từ: Giấy đề nghị tái tục giấy nhận nợ,8901,Chứng từ Vận hành hàng ngày,Giấy đề nghị tái tục giấy nhận nợ,Đáo hạn,DONG_HD_DH,2026-06-21
6057599117376692535,PGD 5244 chưa tồn tại hoặc là PGD chỉ dùng cho mượn chứng từ,5244,Chứng từ Vận hành hàng ngày,"Giấy đề nghị, Phiếu chi giải ngân",Đóng HĐCC chủ động,DONG_HDCC_CD,2026-06-21
6063438203500176722089,PGD 8135 chưa tồn tại hoặc là PGD chỉ dùng cho mượn chứng từ,8135,Chứng từ Ngân hàng hàng ngày,"Mục đích vốn (nếu có phát sinh bản giấy), Xác nhận người thụ hưởng không có TKNH với (HĐ vay 100 triệu), Chứng từ thu nhập + Năng lực tài chính (khi CIMB yêu cầu)",Giải ngân CIMB,GIAI_NGAN_CIMB,2026-06-21
6048709531276700154,PGD 5243 chưa tồn tại hoặc là PGD chỉ dùng cho mượn chứng từ,5243,Chứng từ Vận hành hàng ngày,"Giấy đề nghị, Bản cam kết TS riêng, Phiếu chi giải ngân, HĐUQ bản F88 in",Đóng HĐCC chủ động,DONG_HDCC_CD,2026-06-21
6062354548876693923,PGD 8631 chưa tồn tại hoặc là PGD chỉ dùng cho mượn chứng từ,8631,Chứng từ Vận hành hàng ngày,"BB tất toán/thanh lý, Phiếu thu đóng hợp đồng, Biên bản chấm dứt thỏa thuận sử dụng TS và hoàn trả TS, Thỏa thuận sử dụng TS, Biên bản bàn giao TS cho mượn, Giấy đề nghị, HĐ ký gửi tài sản, Biên bản bàn giao TS Ký gửi",Đóng HĐCC chủ động,DONG_HDCC_CD,2026-06-21
6036713367676685418,PGD 1286 chưa tồn tại hoặc là PGD chỉ dùng cho mượn chứng từ,1286,Chứng từ Vận hành hàng ngày,Giấy đề nghị,Đóng HĐCC chủ động,DONG_HDCC_CD,2026-06-21
7667612276676122,PGD 2308 chưa tồn tại hoặc là PGD chỉ dùng cho mượn chứng từ,2308,Chứng từ Vận hành hàng ngày,"Phiếu chi, Biên lai / Phiếu yêu cầu dịch vụ/ Giấy nộp tiền (theo từng đơn vị chuyển tiền)",Chuyển quỹ,,2026-06-21
6061793059300176729215,PGD 5132 chưa tồn tại hoặc là PGD chỉ dùng cho mượn chứng từ,5132,Chứng từ Ngân hàng hàng ngày,"Mục đích vốn (nếu có phát sinh bản giấy), Xác nhận người thụ hưởng không có TKNH với (HĐ vay 100 triệu), Chứng từ thu nhập + Năng lực tài chính (khi CIMB yêu cầu)",Giải ngân CIMB,GIAI_NGAN_CIMB,2026-06-21
6061007513600176728854,PGD 8631 chưa tồn tại hoặc là PGD chỉ dùng cho mượn chứng từ,8631,Chứng từ Vận hành hàng ngày,Phiếu thu đóng hợp đồng,Đóng hợp đồng chủ động,DONG_HD_CD,2026-06-21
7667334176673341,PGD 1285 chưa tồn tại hoặc là PGD chỉ dùng cho mượn chứng từ,1285,Chứng từ Vận hành hàng ngày,"Phiếu chi, Biên lai / Phiếu yêu cầu dịch vụ/ Giấy nộp tiền (theo từng đơn vị chuyển tiền)",Chuyển quỹ,,2026-06-21
6023458856200176728709,Không map được loại chứng từ: Giấy đề nghị tái tục giấy nhận nợ,9201,Chứng từ Vận hành hàng ngày,Giấy đề nghị tái tục giấy nhận nợ,Đáo hạn,DONG_HD_DH,2026-06-21
6062958505700176720301,Không map được loại chứng từ: Mục đích sử dụng vốn cho khoản vay trên 100 triệu (MB yêu cầu),4727,Chứng từ Ngân hàng hàng ngày,Mục đích sử dụng vốn cho khoản vay trên 100 triệu (MB yêu cầu),Giải ngân MB,GIAI_NGAN_MB,2026-06-21
5122107570376686478,Trùng parent_document_code trong nguồn Oracle,9011,Chứng từ Vận hành hàng ngày,"Giấy đề nghị, Phiếu chi giải ngân, Ủy quyền epay",Đóng HĐCC chủ động,DONG_HDCC_CD,2026-06-21
6036713367600176717168,PGD 1286 chưa tồn tại hoặc là PGD chỉ dùng cho mượn chứng từ,1286,Chứng từ Vận hành hàng ngày,"Phiếu yêu cầu miễn giảm (nếu có), Phiếu yêu cầu miễn giảm (nếu có)",Miễn giảm đóng HĐ,MIEN_GIAM_DONG_HD,2026-06-21
5012584729876689813,Trùng parent_document_code trong nguồn Oracle,2021,Chứng từ Vận hành hàng ngày,"Giấy đề nghị, Phiếu chi giải ngân",Đóng HĐCC nợ xấu chủ động,DONG_HDCC_CDNX,2026-06-21
6053985127576694596,Trùng parent_document_code trong nguồn Oracle,8101,Chứng từ Vận hành hàng ngày,"BB tất toán/thanh lý, Phiếu thu đóng hợp đồng, Biên bản chấm dứt thỏa thuận sử dụng TS và hoàn trả TS",Đóng HĐCC chủ động,DONG_HDCC_CD,2026-06-21
6066320996100176720570,PGD 8516 chưa tồn tại hoặc là PGD chỉ dùng cho mượn chứng từ,8516,Chứng từ Ngân hàng hàng ngày,"Mục đích vốn (nếu có phát sinh bản giấy), Xác nhận người thụ hưởng không có TKNH với (HĐ vay 100 triệu), Chứng từ thu nhập + Năng lực tài chính (khi CIMB yêu cầu)",Giải ngân CIMB,GIAI_NGAN_CIMB,2026-06-21
6062354548800176724257,PGD 8631 chưa tồn tại hoặc là PGD chỉ dùng cho mượn chứng từ,8631,Chứng từ Vận hành hàng ngày,Phiếu thu đóng hợp đồng,Đóng hợp đồng chủ động,DONG_HD_CD,2026-06-21
6063850001900176729201,PGD 8631 chưa tồn tại hoặc là PGD chỉ dùng cho mượn chứng từ,8631,Chứng từ Ngân hàng hàng ngày,"Mục đích vốn (nếu có phát sinh bản giấy), Xác nhận người thụ hưởng không có TKNH với (HĐ vay 100 triệu), Chứng từ thu nhập + Năng lực tài chính (khi CIMB yêu cầu)",Giải ngân CIMB,GIAI_NGAN_CIMB,2026-06-21
6060788333800176718270,PGD 9221 chưa tồn tại hoặc là PGD chỉ dùng cho mượn chứng từ,9221,Chứng từ Ngân hàng hàng ngày,"Mục đích vốn (nếu có phát sinh bản giấy), Xác nhận người thụ hưởng không có TKNH với (HĐ vay 100 triệu), Chứng từ thu nhập + Năng lực tài chính (khi CIMB yêu cầu)",Giải ngân CIMB,GIAI_NGAN_CIMB,2026-06-21
6060102205600176722664,PGD 2307 chưa tồn tại hoặc là PGD chỉ dùng cho mượn chứng từ,2307,Chứng từ Ngân hàng hàng ngày,"Mục đích vốn (nếu có phát sinh bản giấy), Xác nhận người thụ hưởng không có TKNH với (HĐ vay 100 triệu), Chứng từ thu nhập + Năng lực tài chính (khi CIMB yêu cầu)",Giải ngân CIMB,GIAI_NGAN_CIMB,2026-06-21
6048709531200176732492,PGD 5243 chưa tồn tại hoặc là PGD chỉ dùng cho mượn chứng từ,5243,Chứng từ Vận hành hàng ngày,Phiếu thu đóng hợp đồng,Đóng hợp đồng chủ động,DONG_HD_CD,2026-06-21
6066749371500176727085,PGD 8135 chưa tồn tại hoặc là PGD chỉ dùng cho mượn chứng từ,8135,Chứng từ Ngân hàng hàng ngày,"Mục đích vốn (nếu có phát sinh bản giấy), Xác nhận người thụ hưởng không có TKNH với (HĐ vay 100 triệu), Chứng từ thu nhập + Năng lực tài chính (khi CIMB yêu cầu)",Giải ngân CIMB,GIAI_NGAN_CIMB,2026-06-21
7667138576671385,PGD 9322 chưa tồn tại hoặc là PGD chỉ dùng cho mượn chứng từ,9322,Chứng từ Vận hành hàng ngày,"Phiếu chi, Biên lai / Phiếu yêu cầu dịch vụ/ Giấy nộp tiền (theo từng đơn vị chuyển tiền)",Chuyển quỹ,,2026-06-21
6063587481000176731398,PGD 2308 chưa tồn tại hoặc là PGD chỉ dùng cho mượn chứng từ,2308,Chứng từ Ngân hàng hàng ngày,"Mục đích vốn (nếu có phát sinh bản giấy), Xác nhận người thụ hưởng không có TKNH với (HĐ vay 100 triệu), Chứng từ thu nhập + Năng lực tài chính (khi CIMB yêu cầu)",Giải ngân CIMB,GIAI_NGAN_CIMB,2026-06-21
6048709531200376732488,PGD 5243 chưa tồn tại hoặc là PGD chỉ dùng cho mượn chứng từ,5243,Chứng từ Vận hành hàng ngày,Phiếu thu đóng hợp đồng,Đóng hợp đồng chủ động,DONG_HD_CD,2026-06-21
7667953276679532,PGD 2312 chưa tồn tại hoặc là PGD chỉ dùng cho mượn chứng từ,2312,Chứng từ Vận hành hàng ngày,"Phiếu chi, Hóa đơn (nếu có)","Công cụ, dụng cụ cho PGD",,2026-06-21
6057899660676681736,Trùng parent_document_code trong nguồn Oracle,8710,Chứng từ Vận hành hàng ngày,"Giấy đề nghị, Phiếu chi giải ngân",Đóng HĐCC chủ động,DONG_HDCC_CD,2026-06-21
5071750952976698766,Trùng parent_document_code trong nguồn Oracle,4702,Chứng từ Vận hành hàng ngày,"BB tất toán/thanh lý, Phiếu thu đóng hợp đồng, Biên bản chấm dứt thỏa thuận sử dụng TS và hoàn trả TS",Đóng HĐCC nợ xấu chủ động,DONG_HDCC_CDNX,2026-06-21
7668281876682818,PGD 5552 chưa tồn tại hoặc là PGD chỉ dùng cho mượn chứng từ,5552,Chứng từ Vận hành hàng ngày,"Phiếu chi, Biên lai / Phiếu yêu cầu dịch vụ/ Giấy nộp tiền (theo từng đơn vị chuyển tiền)",Chuyển quỹ,,2026-06-21
7674515876745158,PGD 5245 chưa tồn tại hoặc là PGD chỉ dùng cho mượn chứng từ,5245,Chứng từ Vận hành hàng ngày,Phiếu thu,Nhận quỹ,,2026-06-22
7675274676752746,PGD 2305 chưa tồn tại hoặc là PGD chỉ dùng cho mượn chứng từ,2305,Chứng từ Vận hành hàng ngày,"Phiếu chi, Biên lai / Phiếu yêu cầu dịch vụ/ Giấy nộp tiền (theo từng đơn vị chuyển tiền)",Chuyển quỹ,,2026-06-22
7675862776758627,PGD 5243 chưa tồn tại hoặc là PGD chỉ dùng cho mượn chứng từ,5243,Chứng từ Vận hành hàng ngày,"Phiếu chi, Biên lai / Phiếu yêu cầu dịch vụ/ Giấy nộp tiền (theo từng đơn vị chuyển tiền)",Chuyển quỹ,,2026-06-22
7674335276743352,PGD 9322 chưa tồn tại hoặc là PGD chỉ dùng cho mượn chứng từ,9322,Chứng từ Vận hành hàng ngày,"Phiếu chi, Biên lai / Phiếu yêu cầu dịch vụ/ Giấy nộp tiền (theo từng đơn vị chuyển tiền)",Chuyển quỹ,,2026-06-22
6068826641900176803317,PGD 4826 chưa tồn tại hoặc là PGD chỉ dùng cho mượn chứng từ,4826,Chứng từ Ngân hàng hàng ngày,"Mục đích vốn (nếu có phát sinh bản giấy), Xác nhận người thụ hưởng không có TKNH với (HĐ vay 100 triệu), Chứng từ thu nhập + Năng lực tài chính (khi CIMB yêu cầu)",Giải ngân CIMB,GIAI_NGAN_CIMB,2026-06-22
6064425091400176794502,PGD 8631 chưa tồn tại hoặc là PGD chỉ dùng cho mượn chứng từ,8631,Chứng từ Ngân hàng hàng ngày,"Mục đích vốn (nếu có phát sinh bản giấy), Xác nhận người thụ hưởng không có TKNH với (HĐ vay 100 triệu), Chứng từ thu nhập + Năng lực tài chính (khi CIMB yêu cầu)",Giải ngân CIMB,GIAI_NGAN_CIMB,2026-06-22
7675398976753989,PGD 5552 chưa tồn tại hoặc là PGD chỉ dùng cho mượn chứng từ,5552,Chứng từ Vận hành hàng ngày,"Phiếu chi, Biên lai / Phiếu yêu cầu dịch vụ/ Giấy nộp tiền (theo từng đơn vị chuyển tiền)",Chuyển quỹ,,2026-06-22
6068008211000176794256,PGD 5552 chưa tồn tại hoặc là PGD chỉ dùng cho mượn chứng từ,5552,Chứng từ Ngân hàng hàng ngày,"Mục đích vốn (nếu có phát sinh bản giấy), Xác nhận người thụ hưởng không có TKNH với (HĐ vay 100 triệu), Chứng từ thu nhập + Năng lực tài chính (khi CIMB yêu cầu)",Giải ngân CIMB,GIAI_NGAN_CIMB,2026-06-22
6068720821376745581,PGD 1286 chưa tồn tại hoặc là PGD chỉ dùng cho mượn chứng từ,1286,Chứng từ Vận hành hàng ngày,Phiếu thu,Thu tiền đặt cọc chip,,2026-06-22
7674688076746880,PGD 1288 chưa tồn tại hoặc là PGD chỉ dùng cho mượn chứng từ,1288,Chứng từ Vận hành hàng ngày,"Phiếu chi, Biên lai / Phiếu yêu cầu dịch vụ/ Giấy nộp tiền (theo từng đơn vị chuyển tiền)",Chuyển quỹ,,2026-06-22
5115199289676762271,Không map được loại chứng từ: HĐ ký gửi tài sản,7805,Chứng từ Vận hành hàng ngày,HĐ ký gửi tài sản,Đóng HĐCC chủ động,DONG_HDCC_CD,2026-06-22
6020647992576767910,PGD 2303 chưa tồn tại hoặc là PGD chỉ dùng cho mượn chứng từ,2303,Chứng từ Vận hành hàng ngày,"Thỏa thuận sử dụng TS, Biên bản bàn giao TS cho mượn, Giấy đề nghị, HĐ ký gửi tài sản, Biên bản bàn giao TS Ký gửi",Đóng HĐCC chủ động,DONG_HDCC_CD,2026-06-22
7674563876745638,PGD 1286 chưa tồn tại hoặc là PGD chỉ dùng cho mượn chứng từ,1286,Chứng từ Vận hành hàng ngày,"Phiếu chi, Biên lai / Phiếu yêu cầu dịch vụ/ Giấy nộp tiền (theo từng đơn vị chuyển tiền)",Chuyển quỹ,,2026-06-22
5093396570001976794591,PGD 8244 chưa tồn tại hoặc là PGD chỉ dùng cho mượn chứng từ,8244,Chứng từ Vận hành hàng ngày,"Phiếu yêu cầu miễn giảm (nếu có), Phiếu yêu cầu miễn giảm (nếu có)",Miễn giảm đóng HĐ,MIEN_GIAM_DONG_HD,2026-06-22
5093396570002276794594,PGD 8244 chưa tồn tại hoặc là PGD chỉ dùng cho mượn chứng từ,8244,Chứng từ Vận hành hàng ngày,"Phiếu yêu cầu miễn giảm (nếu có), Phiếu yêu cầu miễn giảm (nếu có)",Miễn giảm đóng HĐ,MIEN_GIAM_DONG_HD,2026-06-22
7675281676752816,PGD 5739 chưa tồn tại hoặc là PGD chỉ dùng cho mượn chứng từ,5739,Chứng từ Vận hành hàng ngày,"Phiếu chi, Biên lai / Phiếu yêu cầu dịch vụ/ Giấy nộp tiền (theo từng đơn vị chuyển tiền)",Chuyển quỹ,,2026-06-22
6023223585076766374,Trùng parent_document_code trong nguồn Oracle,5613,Chứng từ Vận hành hàng ngày,"Giấy đề nghị, Phiếu chi giải ngân",Đóng HĐCC chủ động,DONG_HDCC_CD,2026-06-22
6068872585400176798270,PGD 6219 chưa tồn tại hoặc là PGD chỉ dùng cho mượn chứng từ,6219,Chứng từ Ngân hàng hàng ngày,"Mục đích vốn (nếu có phát sinh bản giấy), Xác nhận người thụ hưởng không có TKNH với (HĐ vay 100 triệu), Chứng từ thu nhập + Năng lực tài chính (khi CIMB yêu cầu)",Giải ngân CIMB,GIAI_NGAN_CIMB,2026-06-22
7674755276747552,PGD 1286 chưa tồn tại hoặc là PGD chỉ dùng cho mượn chứng từ,1286,Chứng từ Vận hành hàng ngày,"Phiếu chi, Biên lai / Phiếu yêu cầu dịch vụ/ Giấy nộp tiền (theo từng đơn vị chuyển tiền)",Chuyển quỹ,,2026-06-22
6060798911100176790595,PGD 8136 chưa tồn tại hoặc là PGD chỉ dùng cho mượn chứng từ,8136,Chứng từ Ngân hàng hàng ngày,"Mục đích vốn (nếu có phát sinh bản giấy), Xác nhận người thụ hưởng không có TKNH với (HĐ vay 100 triệu), Chứng từ thu nhập + Năng lực tài chính (khi CIMB yêu cầu)",Giải ngân CIMB,GIAI_NGAN_CIMB,2026-06-22
7674395876743958,PGD 9322 chưa tồn tại hoặc là PGD chỉ dùng cho mượn chứng từ,9322,Chứng từ Vận hành hàng ngày,Phiếu thu,Nhận quỹ,,2026-06-22
6054911278376768168,PGD 5738 chưa tồn tại hoặc là PGD chỉ dùng cho mượn chứng từ,5738,Chứng từ Vận hành hàng ngày,"Giấy đề nghị, Phiếu chi giải ngân",Đóng HĐCC chủ động,DONG_HDCC_CD,2026-06-22
6061809846176769888,Không map được loại chứng từ: HĐ ký gửi tài sản,4303,Chứng từ Vận hành hàng ngày,HĐ ký gửi tài sản,Đóng HĐCC chủ động,DONG_HDCC_CD,2026-06-22
6068473132800176799763,PGD 8025 chưa tồn tại hoặc là PGD chỉ dùng cho mượn chứng từ,8025,Chứng từ Ngân hàng hàng ngày,"Mục đích vốn (nếu có phát sinh bản giấy), Xác nhận người thụ hưởng không có TKNH với (HĐ vay 100 triệu), Chứng từ thu nhập + Năng lực tài chính (khi CIMB yêu cầu)",Giải ngân CIMB,GIAI_NGAN_CIMB,2026-06-22
7675672876756728,PGD 5244 chưa tồn tại hoặc là PGD chỉ dùng cho mượn chứng từ,5244,Chứng từ Vận hành hàng ngày,"Phiếu chi, Biên lai / Phiếu yêu cầu dịch vụ/ Giấy nộp tiền (theo từng đơn vị chuyển tiền)",Chuyển quỹ,,2026-06-22
7674166376741663,PGD 8631 chưa tồn tại hoặc là PGD chỉ dùng cho mượn chứng từ,8631,Chứng từ Vận hành hàng ngày,Phiếu chi,Rút tiền dư từ CIF,RUT_TIEN_DU_KH,2026-06-22
6046309647876769439,PGD 1278 chưa tồn tại hoặc là PGD chỉ dùng cho mượn chứng từ,1278,Chứng từ Vận hành hàng ngày,"Giấy đề nghị, Phiếu chi giải ngân, Ủy quyền epay",Đóng HĐCC chủ động,DONG_HDCC_CD,2026-06-22
6061885792076761433,PGD 2308 chưa tồn tại hoặc là PGD chỉ dùng cho mượn chứng từ,2308,Chứng từ Vận hành hàng ngày,"Biên bản bàn giao TS cầm cố, Thỏa thuận sử dụng TS, Biên bản bàn giao TS cho mượn, HDCC, Giấy đề nghị, Phiếu chi giải ngân, Giấy nhận nợ",Đóng HĐCC chủ động,DONG_HDCC_CD,2026-06-22
5093396570002176794593,PGD 8244 chưa tồn tại hoặc là PGD chỉ dùng cho mượn chứng từ,8244,Chứng từ Vận hành hàng ngày,"Phiếu yêu cầu miễn giảm (nếu có), Phiếu yêu cầu miễn giảm (nếu có)",Miễn giảm đóng HĐ,MIEN_GIAM_DONG_HD,2026-06-22
5093396570000476794600,PGD 8244 chưa tồn tại hoặc là PGD chỉ dùng cho mượn chứng từ,8244,Chứng từ Vận hành hàng ngày,Phiếu thu đóng hợp đồng,Đóng hợp đồng nợ xấu chủ động,DONG_HD_CDNX,2026-06-22
6039246050876767385,PGD 8244 chưa tồn tại hoặc là PGD chỉ dùng cho mượn chứng từ,8244,Chứng từ Vận hành hàng ngày,"Giấy đề nghị, Phiếu chi giải ngân, Ủy quyền epay",Đóng HĐCC chủ động,DONG_HDCC_CD,2026-06-22
6067564550000176789474,PGD 5739 chưa tồn tại hoặc là PGD chỉ dùng cho mượn chứng từ,5739,Chứng từ Ngân hàng hàng ngày,"Mục đích vốn (nếu có phát sinh bản giấy), Xác nhận người thụ hưởng không có TKNH với (HĐ vay 100 triệu), Chứng từ thu nhập + Năng lực tài chính (khi CIMB yêu cầu)",Giải ngân CIMB,GIAI_NGAN_CIMB,2026-06-22
6060794481100176790802,PGD 7827 chưa tồn tại hoặc là PGD chỉ dùng cho mượn chứng từ,7827,Chứng từ Ngân hàng hàng ngày,"Mục đích vốn (nếu có phát sinh bản giấy), Xác nhận người thụ hưởng không có TKNH với (HĐ vay 100 triệu), Chứng từ thu nhập + Năng lực tài chính (khi CIMB yêu cầu)",Giải ngân CIMB,GIAI_NGAN_CIMB,2026-06-22
6039246050876767394,PGD 8244 chưa tồn tại hoặc là PGD chỉ dùng cho mượn chứng từ,8244,Chứng từ Vận hành hàng ngày,Giấy đề nghị,Đóng HĐCC chủ động,DONG_HDCC_CD,2026-06-22
6062753483300176799121,Không map được loại chứng từ: Mục đích sử dụng vốn cho khoản vay trên 100 triệu (MB yêu cầu),6209,Chứng từ Ngân hàng hàng ngày,Mục đích sử dụng vốn cho khoản vay trên 100 triệu (MB yêu cầu),Giải ngân MB,GIAI_NGAN_MB,2026-06-22
7674813476748134,PGD 6731 chưa tồn tại hoặc là PGD chỉ dùng cho mượn chứng từ,6731,Chứng từ Vận hành hàng ngày,"Phiếu chi, Biên lai / Phiếu yêu cầu dịch vụ/ Giấy nộp tiền (theo từng đơn vị chuyển tiền)",Chuyển quỹ,,2026-06-22
6068683670000176796041,Không map được loại chứng từ: Mục đích sử dụng vốn cho khoản vay trên 100 triệu (MB yêu cầu),8020,Chứng từ Ngân hàng hàng ngày,Mục đích sử dụng vốn cho khoản vay trên 100 triệu (MB yêu cầu),Giải ngân MB,GIAI_NGAN_MB,2026-06-22
6012025118000176793734,Không map được loại chứng từ: Giấy đề nghị tái tục giấy nhận nợ,9201,Chứng từ Vận hành hàng ngày,Giấy đề nghị tái tục giấy nhận nợ,Đáo hạn,DONG_HD_DH,2026-06-22
6065166852076772888,Không map được loại chứng từ: HĐ ký gửi tài sản,8931,Chứng từ Vận hành hàng ngày,HĐ ký gửi tài sản,Đóng HĐCC chủ động,DONG_HDCC_CD,2026-06-22
6020647992576767902,PGD 2303 chưa tồn tại hoặc là PGD chỉ dùng cho mượn chứng từ,2303,Chứng từ Vận hành hàng ngày,"Thỏa thuận sử dụng TS, Biên bản bàn giao TS cho mượn, Giấy đề nghị, Phiếu chi giải ngân, Ủy quyền epay, HĐ ký gửi tài sản, Biên bản bàn giao TS Ký gửi",Đóng HĐCC chủ động,DONG_HDCC_CD,2026-06-22
5092088187076768035,Trùng parent_document_code trong nguồn Oracle,1233,Chứng từ Vận hành hàng ngày,"Giấy đề nghị, Phiếu chi giải ngân",Đóng HĐCC nợ xấu chủ động,DONG_HDCC_CDNX,2026-06-22
5093396570002076794592,PGD 8244 chưa tồn tại hoặc là PGD chỉ dùng cho mượn chứng từ,8244,Chứng từ Vận hành hàng ngày,"Phiếu yêu cầu miễn giảm (nếu có), Phiếu yêu cầu miễn giảm (nếu có)",Miễn giảm đóng HĐ,MIEN_GIAM_DONG_HD,2026-06-22
5093396570000176794598,PGD 8244 chưa tồn tại hoặc là PGD chỉ dùng cho mượn chứng từ,8244,Chứng từ Vận hành hàng ngày,Phiếu thu đóng hợp đồng,Đóng hợp đồng nợ xấu chủ động,DONG_HD_CDNX,2026-06-22
5093396570002176794610,PGD 8244 chưa tồn tại hoặc là PGD chỉ dùng cho mượn chứng từ,8244,Chứng từ Vận hành hàng ngày,Phiếu thu đóng hợp đồng,Đóng hợp đồng nợ xấu chủ động,DONG_HD_CDNX,2026-06-22
5111559154476771304,Trùng parent_document_code trong nguồn Oracle,3615,Chứng từ Vận hành hàng ngày,"BB tất toán/thanh lý, Phiếu thu đóng hợp đồng, Biên bản chấm dứt thỏa thuận sử dụng TS và hoàn trả TS",Đóng HĐCC nợ xấu chủ động,DONG_HDCC_CDNX,2026-06-22
7674977776749777,PGD 9221 chưa tồn tại hoặc là PGD chỉ dùng cho mượn chứng từ,9221,Chứng từ Vận hành hàng ngày,"Phiếu chi, Biên lai / Phiếu yêu cầu dịch vụ/ Giấy nộp tiền (theo từng đơn vị chuyển tiền)",Chuyển quỹ,,2026-06-22
5093396570000176794587,PGD 8244 chưa tồn tại hoặc là PGD chỉ dùng cho mượn chứng từ,8244,Chứng từ Vận hành hàng ngày,"Phiếu yêu cầu miễn giảm (nếu có), Phiếu yêu cầu miễn giảm (nếu có)",Miễn giảm đóng HĐ,MIEN_GIAM_DONG_HD,2026-06-22
5093396570001876794590,PGD 8244 chưa tồn tại hoặc là PGD chỉ dùng cho mượn chứng từ,8244,Chứng từ Vận hành hàng ngày,"Phiếu yêu cầu miễn giảm (nếu có), Phiếu yêu cầu miễn giảm (nếu có)",Miễn giảm đóng HĐ,MIEN_GIAM_DONG_HD,2026-06-22
5093396570001776794602,PGD 8244 chưa tồn tại hoặc là PGD chỉ dùng cho mượn chứng từ,8244,Chứng từ Vận hành hàng ngày,Phiếu thu đóng hợp đồng,Đóng hợp đồng nợ xấu chủ động,DONG_HD_CDNX,2026-06-22
5093396570002076794608,PGD 8244 chưa tồn tại hoặc là PGD chỉ dùng cho mượn chứng từ,8244,Chứng từ Vận hành hàng ngày,Phiếu thu đóng hợp đồng,Đóng hợp đồng nợ xấu chủ động,DONG_HD_CDNX,2026-06-22
5093396570002276794612,PGD 8244 chưa tồn tại hoặc là PGD chỉ dùng cho mượn chứng từ,8244,Chứng từ Vận hành hàng ngày,Phiếu thu đóng hợp đồng,Đóng hợp đồng nợ xấu chủ động,DONG_HD_CDNX,2026-06-22
6010578088276763356,PGD 9221 chưa tồn tại hoặc là PGD chỉ dùng cho mượn chứng từ,9221,Chứng từ Vận hành hàng ngày,"Giấy đề nghị, Phiếu chi giải ngân",Đóng HĐCC chủ động,DONG_HDCC_CD,2026-06-22
6046459448776773604,PGD 8135 chưa tồn tại hoặc là PGD chỉ dùng cho mượn chứng từ,8135,Chứng từ Vận hành hàng ngày,"BB tất toán/thanh lý, Phiếu thu đóng hợp đồng, Biên bản chấm dứt thỏa thuận sử dụng TS và hoàn trả TS, Giấy đề nghị",Đóng HĐCC chủ động,DONG_HDCC_CD,2026-06-22
6066265745600176791496,PGD 5244 chưa tồn tại hoặc là PGD chỉ dùng cho mượn chứng từ,5244,Chứng từ Ngân hàng hàng ngày,"Mục đích vốn (nếu có phát sinh bản giấy), Xác nhận người thụ hưởng không có TKNH với (HĐ vay 100 triệu), Chứng từ thu nhập + Năng lực tài chính (khi CIMB yêu cầu)",Giải ngân CIMB,GIAI_NGAN_CIMB,2026-06-22
4053540585600476791725,Không map được loại chứng từ: Giấy đề nghị tái tục giấy nhận nợ,2018,Chứng từ Vận hành hàng ngày,Giấy đề nghị tái tục giấy nhận nợ,Đáo hạn,DONG_HD_DH,2026-06-22
6062110850900176789740,PGD 5435 chưa tồn tại hoặc là PGD chỉ dùng cho mượn chứng từ,5435,Chứng từ Ngân hàng hàng ngày,"Mục đích vốn (nếu có phát sinh bản giấy), Xác nhận người thụ hưởng không có TKNH với (HĐ vay 100 triệu), Chứng từ thu nhập + Năng lực tài chính (khi CIMB yêu cầu)",Giải ngân CIMB,GIAI_NGAN_CIMB,2026-06-22
5093396570002376794595,PGD 8244 chưa tồn tại hoặc là PGD chỉ dùng cho mượn chứng từ,8244,Chứng từ Vận hành hàng ngày,"Phiếu yêu cầu miễn giảm (nếu có), Phiếu yêu cầu miễn giảm (nếu có)",Miễn giảm đóng HĐ,MIEN_GIAM_DONG_HD,2026-06-22
6063947837500176804444,PGD 5243 chưa tồn tại hoặc là PGD chỉ dùng cho mượn chứng từ,5243,Chứng từ Ngân hàng hàng ngày,"Mục đích vốn (nếu có phát sinh bản giấy), Xác nhận người thụ hưởng không có TKNH với (HĐ vay 100 triệu), Chứng từ thu nhập + Năng lực tài chính (khi CIMB yêu cầu)",Giải ngân CIMB,GIAI_NGAN_CIMB,2026-06-22
2061386618376772123,PGD 1082 chưa tồn tại hoặc là PGD chỉ dùng cho mượn chứng từ,1082,Chứng từ Vận hành hàng ngày,"Giấy đề nghị, Phiếu chi giải ngân",Đóng HĐCC nợ xấu chủ động,DONG_HDCC_CDNX,2026-06-22
5126671345176772194,PGD 1278 chưa tồn tại hoặc là PGD chỉ dùng cho mượn chứng từ,1278,Chứng từ Vận hành hàng ngày,"Giấy đề nghị, Phiếu chi giải ngân, Ủy quyền epay",Đóng HĐCC chủ động,DONG_HDCC_CD,2026-06-22
6046459448776773599,PGD 8135 chưa tồn tại hoặc là PGD chỉ dùng cho mượn chứng từ,8135,Chứng từ Vận hành hàng ngày,"Giấy đề nghị, Phiếu chi giải ngân, Ủy quyền epay",Đóng HĐCC chủ động,DONG_HDCC_CD,2026-06-22
5093396570000476794588,PGD 8244 chưa tồn tại hoặc là PGD chỉ dùng cho mượn chứng từ,8244,Chứng từ Vận hành hàng ngày,"Phiếu yêu cầu miễn giảm (nếu có), Phiếu yêu cầu miễn giảm (nếu có)",Miễn giảm đóng HĐ,MIEN_GIAM_DONG_HD,2026-06-22
5093396570001876794604,PGD 8244 chưa tồn tại hoặc là PGD chỉ dùng cho mượn chứng từ,8244,Chứng từ Vận hành hàng ngày,Phiếu thu đóng hợp đồng,Đóng hợp đồng nợ xấu chủ động,DONG_HD_CDNX,2026-06-22
5093396570002376794614,PGD 8244 chưa tồn tại hoặc là PGD chỉ dùng cho mượn chứng từ,8244,Chứng từ Vận hành hàng ngày,Phiếu thu đóng hợp đồng,Đóng hợp đồng nợ xấu chủ động,DONG_HD_CDNX,2026-06-22
5093396570002476794616,PGD 8244 chưa tồn tại hoặc là PGD chỉ dùng cho mượn chứng từ,8244,Chứng từ Vận hành hàng ngày,Phiếu thu đóng hợp đồng,Đóng hợp đồng nợ xấu chủ động,DONG_HD_CDNX,2026-06-22
6066382420600176794714,PGD 8025 chưa tồn tại hoặc là PGD chỉ dùng cho mượn chứng từ,8025,Chứng từ Ngân hàng hàng ngày,"Mục đích vốn (nếu có phát sinh bản giấy), Xác nhận người thụ hưởng không có TKNH với (HĐ vay 100 triệu), Chứng từ thu nhập + Năng lực tài chính (khi CIMB yêu cầu)",Giải ngân CIMB,GIAI_NGAN_CIMB,2026-06-22
6061213573200176803938,PGD 2308 chưa tồn tại hoặc là PGD chỉ dùng cho mượn chứng từ,2308,Chứng từ Ngân hàng hàng ngày,"Mục đích vốn (nếu có phát sinh bản giấy), Xác nhận người thụ hưởng không có TKNH với (HĐ vay 100 triệu), Chứng từ thu nhập + Năng lực tài chính (khi CIMB yêu cầu)",Giải ngân CIMB,GIAI_NGAN_CIMB,2026-06-22
7674817376748173,PGD 5552 chưa tồn tại hoặc là PGD chỉ dùng cho mượn chứng từ,5552,Chứng từ Vận hành hàng ngày,"Phiếu chi, Biên lai / Phiếu yêu cầu dịch vụ/ Giấy nộp tiền (theo từng đơn vị chuyển tiền)",Chuyển quỹ,,2026-06-22
6064475997076763653,PGD 8244 chưa tồn tại hoặc là PGD chỉ dùng cho mượn chứng từ,8244,Chứng từ Vận hành hàng ngày,"Giấy đề nghị, Phiếu chi giải ngân",Đóng HĐCC chủ động,DONG_HDCC_CD,2026-06-22
6010578088200176791059,PGD 9221 chưa tồn tại hoặc là PGD chỉ dùng cho mượn chứng từ,9221,Chứng từ Vận hành hàng ngày,Phiếu thu đóng hợp đồng,Đóng hợp đồng chủ động,DONG_HD_CD,2026-06-22
7674073576740735,PGD 9322 chưa tồn tại hoặc là PGD chỉ dùng cho mượn chứng từ,9322,Chứng từ Vận hành hàng ngày,Phiếu chi,Rút tiền dư từ CIF,RUT_TIEN_DU_KH,2026-06-22
7674613676746136,PGD 1288 chưa tồn tại hoặc là PGD chỉ dùng cho mượn chứng từ,1288,Chứng từ Vận hành hàng ngày,"Phiếu chi, Hóa đơn (nếu có)",Điện,,2026-06-22
6023249191776761255,PGD 8244 chưa tồn tại hoặc là PGD chỉ dùng cho mượn chứng từ,8244,Chứng từ Vận hành hàng ngày,"Giấy đề nghị, Phiếu chi giải ngân",Đóng HĐCC chủ động,DONG_HDCC_CD,2026-06-22
6060164049100176795722,PGD 1285 chưa tồn tại hoặc là PGD chỉ dùng cho mượn chứng từ,1285,Chứng từ Ngân hàng hàng ngày,"Mục đích vốn (nếu có phát sinh bản giấy), Xác nhận người thụ hưởng không có TKNH với (HĐ vay 100 triệu), Chứng từ thu nhập + Năng lực tài chính (khi CIMB yêu cầu)",Giải ngân CIMB,GIAI_NGAN_CIMB,2026-06-22
7675052576750525,PGD 2302 chưa tồn tại hoặc là PGD chỉ dùng cho mượn chứng từ,2302,Chứng từ Vận hành hàng ngày,"Phiếu chi, Biên lai / Phiếu yêu cầu dịch vụ/ Giấy nộp tiền (theo từng đơn vị chuyển tiền)",Chuyển quỹ,,2026-06-22
7674948276749482,PGD 8244 chưa tồn tại hoặc là PGD chỉ dùng cho mượn chứng từ,8244,Chứng từ Vận hành hàng ngày,"Phiếu chi, Biên lai / Phiếu yêu cầu dịch vụ/ Giấy nộp tiền (theo từng đơn vị chuyển tiền)",Chuyển quỹ,,2026-06-22
5126671345176772215,PGD 1278 chưa tồn tại hoặc là PGD chỉ dùng cho mượn chứng từ,1278,Chứng từ Vận hành hàng ngày,Giấy đề nghị,Đóng HĐCC chủ động,DONG_HDCC_CD,2026-06-22
5093035425176765216,Không map được loại chứng từ: HĐ ký gửi tài sản,6206,Chứng từ Vận hành hàng ngày,HĐ ký gửi tài sản,Đóng HĐCC chủ động,DONG_HDCC_CD,2026-06-22
7675193976751939,PGD 8245 chưa tồn tại hoặc là PGD chỉ dùng cho mượn chứng từ,8245,Chứng từ Vận hành hàng ngày,Phiếu thu,Nhận quỹ,,2026-06-22
6023249191700176788354,PGD 8244 chưa tồn tại hoặc là PGD chỉ dùng cho mượn chứng từ,8244,Chứng từ Vận hành hàng ngày,Phiếu thu đóng hợp đồng,Đóng hợp đồng chủ động,DONG_HD_CD,2026-06-22
6061002617300176792767,PGD 9322 chưa tồn tại hoặc là PGD chỉ dùng cho mượn chứng từ,9322,Chứng từ Ngân hàng hàng ngày,"Mục đích vốn (nếu có phát sinh bản giấy), Xác nhận người thụ hưởng không có TKNH với (HĐ vay 100 triệu), Chứng từ thu nhập + Năng lực tài chính (khi CIMB yêu cầu)",Giải ngân CIMB,GIAI_NGAN_CIMB,2026-06-22
4104475262576770467,Trùng parent_document_code trong nguồn Oracle,1006,Chứng từ Vận hành hàng ngày,"Giấy đề nghị, Phiếu chi giải ngân",Đóng HĐCC nợ xấu chủ động,DONG_HDCC_CDNX,2026-06-22
6062520024400176798078,PGD 5552 chưa tồn tại hoặc là PGD chỉ dùng cho mượn chứng từ,5552,Chứng từ Ngân hàng hàng ngày,"Mục đích vốn (nếu có phát sinh bản giấy), Xác nhận người thụ hưởng không có TKNH với (HĐ vay 100 triệu), Chứng từ thu nhập + Năng lực tài chính (khi CIMB yêu cầu)",Giải ngân CIMB,GIAI_NGAN_CIMB,2026-06-22
6060371035700176788645,PGD 8631 chưa tồn tại hoặc là PGD chỉ dùng cho mượn chứng từ,8631,Chứng từ Ngân hàng hàng ngày,"Mục đích vốn (nếu có phát sinh bản giấy), Xác nhận người thụ hưởng không có TKNH với (HĐ vay 100 triệu), Chứng từ thu nhập + Năng lực tài chính (khi CIMB yêu cầu)",Giải ngân CIMB,GIAI_NGAN_CIMB,2026-06-22
6068053568000176802455,PGD 7767 chưa tồn tại hoặc là PGD chỉ dùng cho mượn chứng từ,7767,Chứng từ Ngân hàng hàng ngày,"Mục đích vốn (nếu có phát sinh bản giấy), Xác nhận người thụ hưởng không có TKNH với (HĐ vay 100 triệu), Chứng từ thu nhập + Năng lực tài chính (khi CIMB yêu cầu)",Giải ngân CIMB,GIAI_NGAN_CIMB,2026-06-22
5115199289676762204,Không map được loại chứng từ: HĐ ký gửi tài sản,7805,Chứng từ Vận hành hàng ngày,HĐ ký gửi tài sản,Đóng HĐCC chủ động,DONG_HDCC_CD,2026-06-22
4028224718976762316,Trùng parent_document_code trong nguồn Oracle,8005,Chứng từ Vận hành hàng ngày,"Giấy đề nghị, Phiếu chi giải ngân, Ủy quyền epay",Đóng HĐCC nợ xấu chủ động,DONG_HDCC_CDNX,2026-06-22
4095922337176770819,Trùng parent_document_code trong nguồn Oracle,8133,Chứng từ Vận hành hàng ngày,"BB tất toán/thanh lý, Phiếu thu đóng hợp đồng, Biên bản chấm dứt thỏa thuận sử dụng TS và hoàn trả TS",Đóng HĐCC nợ xấu chủ động,DONG_HDCC_CDNX,2026-06-22
5119776982200376800925,Không map được loại chứng từ: Giấy đề nghị tái tục giấy nhận nợ,1081,Chứng từ Vận hành hàng ngày,Giấy đề nghị tái tục giấy nhận nợ,Đáo hạn,DONG_HD_DH,2026-06-22
3126153252600476797318,Không map được loại chứng từ: Giấy đề nghị tái tục giấy nhận nợ,9201,Chứng từ Vận hành hàng ngày,Giấy đề nghị tái tục giấy nhận nợ,Đáo hạn,DONG_HD_DH,2026-06-22
6060570234700176798282,PGD 2303 chưa tồn tại hoặc là PGD chỉ dùng cho mượn chứng từ,2303,Chứng từ Ngân hàng hàng ngày,"Mục đích vốn (nếu có phát sinh bản giấy), Xác nhận người thụ hưởng không có TKNH với (HĐ vay 100 triệu), Chứng từ thu nhập + Năng lực tài chính (khi CIMB yêu cầu)",Giải ngân CIMB,GIAI_NGAN_CIMB,2026-06-22
4128333721476762485,Trùng parent_document_code trong nguồn Oracle,7608,Chứng từ Vận hành hàng ngày,"BB tất toán/thanh lý, Phiếu thu đóng hợp đồng, Biên bản chấm dứt thỏa thuận sử dụng TS và hoàn trả TS",Đóng HĐCC nợ xấu chủ động,DONG_HDCC_CDNX,2026-06-22
2061386618376772123,Trùng parent_document_code trong nguồn Oracle,4513,Chứng từ Vận hành hàng ngày,"BB tất toán/thanh lý, Phiếu thu đóng hợp đồng",Đóng HĐCC nợ xấu chủ động,DONG_HDCC_CDNX,2026-06-22
6061809846176769917,Không map được loại chứng từ: HĐ ký gửi tài sản,4303,Chứng từ Vận hành hàng ngày,HĐ ký gửi tài sản,Đóng HĐCC chủ động,DONG_HDCC_CD,2026-06-22
6065057967500176803820,PGD 1286 chưa tồn tại hoặc là PGD chỉ dùng cho mượn chứng từ,1286,Chứng từ Ngân hàng hàng ngày,"Mục đích vốn (nếu có phát sinh bản giấy), Xác nhận người thụ hưởng không có TKNH với (HĐ vay 100 triệu), Chứng từ thu nhập + Năng lực tài chính (khi CIMB yêu cầu)",Giải ngân CIMB,GIAI_NGAN_CIMB,2026-06-22
5095035495676771453,Trùng parent_document_code trong nguồn Oracle,8242,Chứng từ Vận hành hàng ngày,"Giấy đề nghị, Phiếu chi giải ngân",Đóng HĐCC nợ xấu chủ động,DONG_HDCC_CDNX,2026-06-22
6068806544700176797065,PGD 8244 chưa tồn tại hoặc là PGD chỉ dùng cho mượn chứng từ,8244,Chứng từ Ngân hàng hàng ngày,"Mục đích vốn (nếu có phát sinh bản giấy), Xác nhận người thụ hưởng không có TKNH với (HĐ vay 100 triệu), Chứng từ thu nhập + Năng lực tài chính (khi CIMB yêu cầu)",Giải ngân CIMB,GIAI_NGAN_CIMB,2026-06-22
7675710476757104,PGD 6219 chưa tồn tại hoặc là PGD chỉ dùng cho mượn chứng từ,6219,Chứng từ Vận hành hàng ngày,"Phiếu chi, Biên lai / Phiếu yêu cầu dịch vụ/ Giấy nộp tiền (theo từng đơn vị chuyển tiền)",Chuyển quỹ,,2026-06-22
6067944129700176793502,PGD 2311 chưa tồn tại hoặc là PGD chỉ dùng cho mượn chứng từ,2311,Chứng từ Ngân hàng hàng ngày,"Mục đích vốn (nếu có phát sinh bản giấy), Xác nhận người thụ hưởng không có TKNH với (HĐ vay 100 triệu), Chứng từ thu nhập + Năng lực tài chính (khi CIMB yêu cầu)",Giải ngân CIMB,GIAI_NGAN_CIMB,2026-06-22
5080524273276771502,Trùng parent_document_code trong nguồn Oracle,5615,Chứng từ Vận hành hàng ngày,"BB tất toán/thanh lý, Phiếu thu đóng hợp đồng, Biên bản chấm dứt thỏa thuận sử dụng TS và hoàn trả TS",Đóng HĐCC nợ xấu chủ động,DONG_HDCC_CDNX,2026-06-22
6043461670000376787151,PGD 5552 chưa tồn tại hoặc là PGD chỉ dùng cho mượn chứng từ,5552,Chứng từ Ngân hàng hàng ngày,"Mục đích vốn (nếu có phát sinh bản giấy), Xác nhận người thụ hưởng không có TKNH với (HĐ vay 100 triệu), Chứng từ thu nhập + Năng lực tài chính (khi CIMB yêu cầu)",Giải ngân CIMB,GIAI_NGAN_CIMB,2026-06-22
6068911629300176804132,PGD 6219 chưa tồn tại hoặc là PGD chỉ dùng cho mượn chứng từ,6219,Chứng từ Ngân hàng hàng ngày,"Mục đích vốn (nếu có phát sinh bản giấy), Xác nhận người thụ hưởng không có TKNH với (HĐ vay 100 triệu), Chứng từ thu nhập + Năng lực tài chính (khi CIMB yêu cầu)",Giải ngân CIMB,GIAI_NGAN_CIMB,2026-06-22
5012920161776764165,Trùng parent_document_code trong nguồn Oracle,7704,Chứng từ Vận hành hàng ngày,"Giấy đề nghị, Phiếu chi giải ngân",Đóng HĐCC nợ xấu chủ động,DONG_HDCC_CDNX,2026-06-22
5105062537576764310,Trùng parent_document_code trong nguồn Oracle,8705,Chứng từ Vận hành hàng ngày,"Giấy đề nghị, Phiếu chi giải ngân",Đóng HĐCC nợ xấu chủ động,DONG_HDCC_CDNX,2026-06-22
6069280376600176791644,PGD 6219 chưa tồn tại hoặc là PGD chỉ dùng cho mượn chứng từ,6219,Chứng từ Ngân hàng hàng ngày,"Mục đích vốn (nếu có phát sinh bản giấy), Xác nhận người thụ hưởng không có TKNH với (HĐ vay 100 triệu), Chứng từ thu nhập + Năng lực tài chính (khi CIMB yêu cầu)",Giải ngân CIMB,GIAI_NGAN_CIMB,2026-06-22
7675567176755671,PGD 1278 chưa tồn tại hoặc là PGD chỉ dùng cho mượn chứng từ,1278,Chứng từ Vận hành hàng ngày,"Phiếu chi, Biên lai / Phiếu yêu cầu dịch vụ/ Giấy nộp tiền (theo từng đơn vị chuyển tiền)",Chuyển quỹ,,2026-06-22
6046309647876769444,PGD 1278 chưa tồn tại hoặc là PGD chỉ dùng cho mượn chứng từ,1278,Chứng từ Vận hành hàng ngày,Giấy đề nghị,Đóng HĐCC chủ động,DONG_HDCC_CD,2026-06-22
6046459448776773599,Trùng parent_document_code trong nguồn Oracle,8101,Chứng từ Vận hành hàng ngày,"BB tất toán/thanh lý, Phiếu thu đóng hợp đồng, Biên bản chấm dứt thỏa thuận sử dụng TS và hoàn trả TS",Đóng HĐCC chủ động,DONG_HDCC_CD,2026-06-22
7674460076744600,PGD 1288 chưa tồn tại hoặc là PGD chỉ dùng cho mượn chứng từ,1288,Chứng từ Vận hành hàng ngày,Phiếu thu,Nhận quỹ,,2026-06-22
6065166852076772880,Không map được loại chứng từ: HĐ ký gửi tài sản,8931,Chứng từ Vận hành hàng ngày,HĐ ký gửi tài sản,Đóng HĐCC chủ động,DONG_HDCC_CD,2026-06-22
7675647076756470,PGD 2308 chưa tồn tại hoặc là PGD chỉ dùng cho mượn chứng từ,2308,Chứng từ Vận hành hàng ngày,"Phiếu chi, Biên lai / Phiếu yêu cầu dịch vụ/ Giấy nộp tiền (theo từng đơn vị chuyển tiền)",Chuyển quỹ,,2026-06-22
6041028242600176798056,Không map được loại chứng từ: Giấy YCBH cho TSXM tổn thất toàn bộ (BSH1),8208,Chứng từ Vận hành hàng ngày,Giấy YCBH cho TSXM tổn thất toàn bộ (BSH1),Chuyển thanh lý,CHUYEN_THANH_LY,2026-06-22
5093396570001776794589,PGD 8244 chưa tồn tại hoặc là PGD chỉ dùng cho mượn chứng từ,8244,Chứng từ Vận hành hàng ngày,"Phiếu yêu cầu miễn giảm (nếu có), Phiếu yêu cầu miễn giảm (nếu có)",Miễn giảm đóng HĐ,MIEN_GIAM_DONG_HD,2026-06-22
5093396570002476794596,PGD 8244 chưa tồn tại hoặc là PGD chỉ dùng cho mượn chứng từ,8244,Chứng từ Vận hành hàng ngày,"Phiếu yêu cầu miễn giảm (nếu có), Phiếu yêu cầu miễn giảm (nếu có)",Miễn giảm đóng HĐ,MIEN_GIAM_DONG_HD,2026-06-22
5093396570001976794606,PGD 8244 chưa tồn tại hoặc là PGD chỉ dùng cho mượn chứng từ,8244,Chứng từ Vận hành hàng ngày,Phiếu thu đóng hợp đồng,Đóng hợp đồng nợ xấu chủ động,DONG_HD_CDNX,2026-06-22
7681792476817924,PGD 9322 chưa tồn tại hoặc là PGD chỉ dùng cho mượn chứng từ,9322,Chứng từ Vận hành hàng ngày,"Phiếu chi, Biên lai / Phiếu yêu cầu dịch vụ/ Giấy nộp tiền (theo từng đơn vị chuyển tiền)",Chuyển quỹ,,2026-06-23
7681811776818117,PGD 9322 chưa tồn tại hoặc là PGD chỉ dùng cho mượn chứng từ,9322,Chứng từ Vận hành hàng ngày,"Phiếu chi, Biên lai / Phiếu yêu cầu dịch vụ/ Giấy nộp tiền (theo từng đơn vị chuyển tiền)",Chuyển quỹ,,2026-06-23
6069632579800176853730,Không map được loại chứng từ: Mục đích sử dụng vốn cho khoản vay trên 100 triệu (MB yêu cầu),1247,Chứng từ Ngân hàng hàng ngày,Mục đích sử dụng vốn cho khoản vay trên 100 triệu (MB yêu cầu),Giải ngân MB,GIAI_NGAN_MB,2026-06-23
6065397203700176855500,PGD 6219 chưa tồn tại hoặc là PGD chỉ dùng cho mượn chứng từ,6219,Chứng từ Ngân hàng hàng ngày,"Mục đích vốn (nếu có phát sinh bản giấy), Xác nhận người thụ hưởng không có TKNH với (HĐ vay 100 triệu), Chứng từ thu nhập + Năng lực tài chính (khi CIMB yêu cầu)",Giải ngân CIMB,GIAI_NGAN_CIMB,2026-06-23
7682873876828738,PGD 8516 chưa tồn tại hoặc là PGD chỉ dùng cho mượn chứng từ,8516,Chứng từ Vận hành hàng ngày,"Phiếu chi, Hóa đơn (nếu có)",Điện,,2026-06-23
3126862915900476858743,Không map được loại chứng từ: Giấy đề nghị tái tục giấy nhận nợ,6522,Chứng từ Vận hành hàng ngày,Giấy đề nghị tái tục giấy nhận nợ,Đáo hạn,DONG_HD_DH,2026-06-23
6069359144100176862669,PGD 7827 chưa tồn tại hoặc là PGD chỉ dùng cho mượn chứng từ,7827,Chứng từ Ngân hàng hàng ngày,"Mục đích vốn (nếu có phát sinh bản giấy), Xác nhận người thụ hưởng không có TKNH với (HĐ vay 100 triệu), Chứng từ thu nhập + Năng lực tài chính (khi CIMB yêu cầu)",Giải ngân CIMB,GIAI_NGAN_CIMB,2026-06-23
6062603689100176854581,PGD 1283 chưa tồn tại hoặc là PGD chỉ dùng cho mượn chứng từ,1283,Chứng từ Ngân hàng hàng ngày,"Mục đích vốn (nếu có phát sinh bản giấy), Xác nhận người thụ hưởng không có TKNH với (HĐ vay 100 triệu), Chứng từ thu nhập + Năng lực tài chính (khi CIMB yêu cầu)",Giải ngân CIMB,GIAI_NGAN_CIMB,2026-06-23
7682066776820667,PGD 2308 chưa tồn tại hoặc là PGD chỉ dùng cho mượn chứng từ,2308,Chứng từ Vận hành hàng ngày,"Phiếu chi, Biên lai / Phiếu yêu cầu dịch vụ/ Giấy nộp tiền (theo từng đơn vị chuyển tiền)",Chuyển quỹ,,2026-06-23
6059764611376829458,PGD 5243 chưa tồn tại hoặc là PGD chỉ dùng cho mượn chứng từ,5243,Chứng từ Vận hành hàng ngày,"Giấy đề nghị, Phiếu chi giải ngân, Ủy quyền epay",Đóng HĐCC chủ động,DONG_HDCC_CD,2026-06-23
6067619191000176856968,PGD 6219 chưa tồn tại hoặc là PGD chỉ dùng cho mượn chứng từ,6219,Chứng từ Ngân hàng hàng ngày,"Mục đích vốn (nếu có phát sinh bản giấy), Xác nhận người thụ hưởng không có TKNH với (HĐ vay 100 triệu), Chứng từ thu nhập + Năng lực tài chính (khi CIMB yêu cầu)",Giải ngân CIMB,GIAI_NGAN_CIMB,2026-06-23
6062924298000176860394,PGD 2310 chưa tồn tại hoặc là PGD chỉ dùng cho mượn chứng từ,2310,Chứng từ Ngân hàng hàng ngày,"Mục đích vốn (nếu có phát sinh bản giấy), Xác nhận người thụ hưởng không có TKNH với (HĐ vay 100 triệu), Chứng từ thu nhập + Năng lực tài chính (khi CIMB yêu cầu)",Giải ngân CIMB,GIAI_NGAN_CIMB,2026-06-23
6054117900876838302,PGD 4827 chưa tồn tại hoặc là PGD chỉ dùng cho mượn chứng từ,4827,Chứng từ Vận hành hàng ngày,Giấy đề nghị,Đóng HĐCC chủ động,DONG_HDCC_CD,2026-06-23
6066069626776833554,PGD 4114 chưa tồn tại hoặc là PGD chỉ dùng cho mượn chứng từ,4114,Chứng từ Vận hành hàng ngày,Giấy đề nghị,Đóng HĐCC chủ động,DONG_HDCC_CD,2026-06-23
6063763837600176851118,PGD 9322 chưa tồn tại hoặc là PGD chỉ dùng cho mượn chứng từ,9322,Chứng từ Ngân hàng hàng ngày,"Mục đích vốn (nếu có phát sinh bản giấy), Xác nhận người thụ hưởng không có TKNH với (HĐ vay 100 triệu), Chứng từ thu nhập + Năng lực tài chính (khi CIMB yêu cầu)",Giải ngân CIMB,GIAI_NGAN_CIMB,2026-06-23
7681978076819780,PGD 8631 chưa tồn tại hoặc là PGD chỉ dùng cho mượn chứng từ,8631,Chứng từ Vận hành hàng ngày,"Phiếu chi, Biên lai / Phiếu yêu cầu dịch vụ/ Giấy nộp tiền (theo từng đơn vị chuyển tiền)",Chuyển quỹ,,2026-06-23
6054253800076829918,PGD 6219 chưa tồn tại hoặc là PGD chỉ dùng cho mượn chứng từ,6219,Chứng từ Vận hành hàng ngày,"Giấy đề nghị, Phiếu chi giải ngân",Đóng HĐCC chủ động,DONG_HDCC_CD,2026-06-23
6062150790976835420,Không map được loại chứng từ: HĐ ký gửi tài sản,8605,Chứng từ Vận hành hàng ngày,HĐ ký gửi tài sản,Đóng HĐCC chủ động,DONG_HDCC_CD,2026-06-23
6060326426976833730,PGD 4827 chưa tồn tại hoặc là PGD chỉ dùng cho mượn chứng từ,4827,Chứng từ Vận hành hàng ngày,"Giấy đề nghị, Phiếu chi giải ngân",Đóng HĐCC chủ động,DONG_HDCC_CD,2026-06-23
5121019570576835858,Trùng parent_document_code trong nguồn Oracle,2005,Chứng từ Vận hành hàng ngày,"Giấy đề nghị, Phiếu chi giải ngân",Đóng HĐCC nợ xấu chủ động,DONG_HDCC_CDNX,2026-06-23
6068999609200176855450,PGD 2311 chưa tồn tại hoặc là PGD chỉ dùng cho mượn chứng từ,2311,Chứng từ Ngân hàng hàng ngày,"Mục đích vốn (nếu có phát sinh bản giấy), Xác nhận người thụ hưởng không có TKNH với (HĐ vay 100 triệu), Chứng từ thu nhập + Năng lực tài chính (khi CIMB yêu cầu)",Giải ngân CIMB,GIAI_NGAN_CIMB,2026-06-23
5028309386476836842,Trùng parent_document_code trong nguồn Oracle,1048,Chứng từ Vận hành hàng ngày,"Giấy đề nghị, Phiếu chi giải ngân, Ủy quyền epay",Đóng HĐCC nợ xấu chủ động,DONG_HDCC_CDNX,2026-06-23
6068910042000176851436,PGD 1284 chưa tồn tại hoặc là PGD chỉ dùng cho mượn chứng từ,1284,Chứng từ Ngân hàng hàng ngày,"Mục đích vốn (nếu có phát sinh bản giấy), Xác nhận người thụ hưởng không có TKNH với (HĐ vay 100 triệu), Chứng từ thu nhập + Năng lực tài chính (khi CIMB yêu cầu)",Giải ngân CIMB,GIAI_NGAN_CIMB,2026-06-23
6061767511376837054,PGD 2310 chưa tồn tại hoặc là PGD chỉ dùng cho mượn chứng từ,2310,Chứng từ Vận hành hàng ngày,Giấy đề nghị,Đóng HĐCC chủ động,DONG_HDCC_CD,2026-06-23
6067100653600176853769,PGD 5552 chưa tồn tại hoặc là PGD chỉ dùng cho mượn chứng từ,5552,Chứng từ Ngân hàng hàng ngày,"Mục đích vốn (nếu có phát sinh bản giấy), Xác nhận người thụ hưởng không có TKNH với (HĐ vay 100 triệu), Chứng từ thu nhập + Năng lực tài chính (khi CIMB yêu cầu)",Giải ngân CIMB,GIAI_NGAN_CIMB,2026-06-23
7681772776817727,PGD 2308 chưa tồn tại hoặc là PGD chỉ dùng cho mượn chứng từ,2308,Chứng từ Vận hành hàng ngày,Phiếu thu,Nhận quỹ,,2026-06-23
7682750076827500,PGD 2310 chưa tồn tại hoặc là PGD chỉ dùng cho mượn chứng từ,2310,Chứng từ Vận hành hàng ngày,"Phiếu chi, Biên lai / Phiếu yêu cầu dịch vụ/ Giấy nộp tiền (theo từng đơn vị chuyển tiền)",Chuyển quỹ,,2026-06-23
7682929176829291,PGD 8244 chưa tồn tại hoặc là PGD chỉ dùng cho mượn chứng từ,8244,Chứng từ Vận hành hàng ngày,"Phiếu chi, Biên lai / Phiếu yêu cầu dịch vụ/ Giấy nộp tiền (theo từng đơn vị chuyển tiền)",Chuyển quỹ,,2026-06-23
6066069626776833546,PGD 4114 chưa tồn tại hoặc là PGD chỉ dùng cho mượn chứng từ,4114,Chứng từ Vận hành hàng ngày,"Giấy đề nghị, Phiếu chi giải ngân, Ủy quyền epay",Đóng HĐCC chủ động,DONG_HDCC_CD,2026-06-23
7682164676821646,PGD 5738 chưa tồn tại hoặc là PGD chỉ dùng cho mượn chứng từ,5738,Chứng từ Vận hành hàng ngày,"Phiếu chi, Biên lai / Phiếu yêu cầu dịch vụ/ Giấy nộp tiền (theo từng đơn vị chuyển tiền)",Chuyển quỹ,,2026-06-23
6066069626700176854879,PGD 4114 chưa tồn tại hoặc là PGD chỉ dùng cho mượn chứng từ,4114,Chứng từ Vận hành hàng ngày,"Phiếu yêu cầu miễn giảm (nếu có), Phiếu yêu cầu miễn giảm (nếu có)",Miễn giảm đóng HĐ,MIEN_GIAM_DONG_HD,2026-06-23
6064006126200176859489,PGD 2302 chưa tồn tại hoặc là PGD chỉ dùng cho mượn chứng từ,2302,Chứng từ Ngân hàng hàng ngày,"Mục đích vốn (nếu có phát sinh bản giấy), Xác nhận người thụ hưởng không có TKNH với (HĐ vay 100 triệu), Chứng từ thu nhập + Năng lực tài chính (khi CIMB yêu cầu)",Giải ngân CIMB,GIAI_NGAN_CIMB,2026-06-23
5117734131176834482,Trùng parent_document_code trong nguồn Oracle,9203,Chứng từ Vận hành hàng ngày,"BB tất toán/thanh lý, Phiếu thu đóng hợp đồng, Biên bản chấm dứt thỏa thuận sử dụng TS và hoàn trả TS",Đóng HĐCC nợ xấu chủ động,DONG_HDCC_CDNX,2026-06-23
6065380060000176852793,PGD 2312 chưa tồn tại hoặc là PGD chỉ dùng cho mượn chứng từ,2312,Chứng từ Ngân hàng hàng ngày,"Mục đích vốn (nếu có phát sinh bản giấy), Xác nhận người thụ hưởng không có TKNH với (HĐ vay 100 triệu), Chứng từ thu nhập + Năng lực tài chính (khi CIMB yêu cầu)",Giải ngân CIMB,GIAI_NGAN_CIMB,2026-06-23
6066326365500176863357,PGD 8135 chưa tồn tại hoặc là PGD chỉ dùng cho mượn chứng từ,8135,Chứng từ Ngân hàng hàng ngày,"Mục đích vốn (nếu có phát sinh bản giấy), Xác nhận người thụ hưởng không có TKNH với (HĐ vay 100 triệu), Chứng từ thu nhập + Năng lực tài chính (khi CIMB yêu cầu)",Giải ngân CIMB,GIAI_NGAN_CIMB,2026-06-23
7682037176820371,PGD 4827 chưa tồn tại hoặc là PGD chỉ dùng cho mượn chứng từ,4827,Chứng từ Vận hành hàng ngày,"Phiếu chi, Biên lai / Phiếu yêu cầu dịch vụ/ Giấy nộp tiền (theo từng đơn vị chuyển tiền)",Chuyển quỹ,,2026-06-23
6061386130600176852424,PGD 2309 chưa tồn tại hoặc là PGD chỉ dùng cho mượn chứng từ,2309,Chứng từ Ngân hàng hàng ngày,"Mục đích vốn (nếu có phát sinh bản giấy), Xác nhận người thụ hưởng không có TKNH với (HĐ vay 100 triệu), Chứng từ thu nhập + Năng lực tài chính (khi CIMB yêu cầu)",Giải ngân CIMB,GIAI_NGAN_CIMB,2026-06-23
6064202474800176863999,PGD 1283 chưa tồn tại hoặc là PGD chỉ dùng cho mượn chứng từ,1283,Chứng từ Ngân hàng hàng ngày,"Mục đích vốn (nếu có phát sinh bản giấy), Xác nhận người thụ hưởng không có TKNH với (HĐ vay 100 triệu), Chứng từ thu nhập + Năng lực tài chính (khi CIMB yêu cầu)",Giải ngân CIMB,GIAI_NGAN_CIMB,2026-06-23
6067439790600176858540,PGD 2306 chưa tồn tại hoặc là PGD chỉ dùng cho mượn chứng từ,2306,Chứng từ Ngân hàng hàng ngày,"Mục đích vốn (nếu có phát sinh bản giấy), Xác nhận người thụ hưởng không có TKNH với (HĐ vay 100 triệu), Chứng từ thu nhập + Năng lực tài chính (khi CIMB yêu cầu)",Giải ngân CIMB,GIAI_NGAN_CIMB,2026-06-23
6061433974800176863328,PGD 2309 chưa tồn tại hoặc là PGD chỉ dùng cho mượn chứng từ,2309,Chứng từ Ngân hàng hàng ngày,"Mục đích vốn (nếu có phát sinh bản giấy), Xác nhận người thụ hưởng không có TKNH với (HĐ vay 100 triệu), Chứng từ thu nhập + Năng lực tài chính (khi CIMB yêu cầu)",Giải ngân CIMB,GIAI_NGAN_CIMB,2026-06-23
7682228276822282,PGD 7437 chưa tồn tại hoặc là PGD chỉ dùng cho mượn chứng từ,7437,Chứng từ Vận hành hàng ngày,"Phiếu chi, Biên lai / Phiếu yêu cầu dịch vụ/ Giấy nộp tiền (theo từng đơn vị chuyển tiền)",Chuyển quỹ,,2026-06-23
6015631479976832271,PGD 8245 chưa tồn tại hoặc là PGD chỉ dùng cho mượn chứng từ,8245,Chứng từ Vận hành hàng ngày,"Giấy đề nghị, Phiếu chi giải ngân, Ủy quyền epay",Đóng HĐCC chủ động,DONG_HDCC_CD,2026-06-23
6048693688976838737,PGD 7767 chưa tồn tại hoặc là PGD chỉ dùng cho mượn chứng từ,7767,Chứng từ Vận hành hàng ngày,"Giấy đề nghị, Phiếu chi giải ngân, Ủy quyền epay",Đóng HĐCC chủ động,DONG_HDCC_CD,2026-06-23
6060749459600176864023,PGD 2304 chưa tồn tại hoặc là PGD chỉ dùng cho mượn chứng từ,2304,Chứng từ Ngân hàng hàng ngày,"Mục đích vốn (nếu có phát sinh bản giấy), Xác nhận người thụ hưởng không có TKNH với (HĐ vay 100 triệu), Chứng từ thu nhập + Năng lực tài chính (khi CIMB yêu cầu)",Giải ngân CIMB,GIAI_NGAN_CIMB,2026-06-23
6015631479900176852950,PGD 8245 chưa tồn tại hoặc là PGD chỉ dùng cho mượn chứng từ,8245,Chứng từ Vận hành hàng ngày,Phiếu thu đóng hợp đồng,Đóng hợp đồng chủ động,DONG_HD_CD,2026-06-23
5101988787476834346,Trùng parent_document_code trong nguồn Oracle,7105,Chứng từ Vận hành hàng ngày,"BB tất toán/thanh lý, Phiếu thu đóng hợp đồng, Biên bản chấm dứt thỏa thuận sử dụng TS và hoàn trả TS",Đóng HĐCC nợ xấu chủ động,DONG_HDCC_CDNX,2026-06-23
6061862975076834644,PGD 5739 chưa tồn tại hoặc là PGD chỉ dùng cho mượn chứng từ,5739,Chứng từ Vận hành hàng ngày,"Giấy đề nghị, Phiếu chi giải ngân, Ủy quyền epay",Đóng HĐCC chủ động,DONG_HDCC_CD,2026-06-23
6065848389976839473,PGD 5132 chưa tồn tại hoặc là PGD chỉ dùng cho mượn chứng từ,5132,Chứng từ Vận hành hàng ngày,Giấy đề nghị,Đóng HĐCC chủ động,DONG_HDCC_CD,2026-06-23
6059764611376829467,PGD 5243 chưa tồn tại hoặc là PGD chỉ dùng cho mượn chứng từ,5243,Chứng từ Vận hành hàng ngày,"BB tất toán/thanh lý, Phiếu thu đóng hợp đồng, Biên bản chấm dứt thỏa thuận sử dụng TS và hoàn trả TS, Giấy đề nghị",Đóng HĐCC chủ động,DONG_HDCC_CD,2026-06-23
6059764611300176851239,PGD 5243 chưa tồn tại hoặc là PGD chỉ dùng cho mượn chứng từ,5243,Chứng từ Vận hành hàng ngày,Phiếu thu đóng hợp đồng,Đóng hợp đồng chủ động,DONG_HD_CD,2026-06-23
7681844176818441,PGD 4114 chưa tồn tại hoặc là PGD chỉ dùng cho mượn chứng từ,4114,Chứng từ Vận hành hàng ngày,"Phiếu chi, Biên lai / Phiếu yêu cầu dịch vụ/ Giấy nộp tiền (theo từng đơn vị chuyển tiền)",Chuyển quỹ,,2026-06-23
6062090655600176863823,PGD 8135 chưa tồn tại hoặc là PGD chỉ dùng cho mượn chứng từ,8135,Chứng từ Ngân hàng hàng ngày,"Mục đích vốn (nếu có phát sinh bản giấy), Xác nhận người thụ hưởng không có TKNH với (HĐ vay 100 triệu), Chứng từ thu nhập + Năng lực tài chính (khi CIMB yêu cầu)",Giải ngân CIMB,GIAI_NGAN_CIMB,2026-06-23
6066896280100176854312,PGD 7436 chưa tồn tại hoặc là PGD chỉ dùng cho mượn chứng từ,7436,Chứng từ Ngân hàng hàng ngày,"Mục đích vốn (nếu có phát sinh bản giấy), Xác nhận người thụ hưởng không có TKNH với (HĐ vay 100 triệu), Chứng từ thu nhập + Năng lực tài chính (khi CIMB yêu cầu)",Giải ngân CIMB,GIAI_NGAN_CIMB,2026-06-23
6069440747100176862057,Không map được loại chứng từ: Mục đích sử dụng vốn cho khoản vay trên 100 triệu (MB yêu cầu),7715,Chứng từ Ngân hàng hàng ngày,Mục đích sử dụng vốn cho khoản vay trên 100 triệu (MB yêu cầu),Giải ngân MB,GIAI_NGAN_MB,2026-06-23
6060995102100176861132,PGD 1286 chưa tồn tại hoặc là PGD chỉ dùng cho mượn chứng từ,1286,Chứng từ Ngân hàng hàng ngày,"Mục đích vốn (nếu có phát sinh bản giấy), Xác nhận người thụ hưởng không có TKNH với (HĐ vay 100 triệu), Chứng từ thu nhập + Năng lực tài chính (khi CIMB yêu cầu)",Giải ngân CIMB,GIAI_NGAN_CIMB,2026-06-23
6064185493900176855189,PGD 4114 chưa tồn tại hoặc là PGD chỉ dùng cho mượn chứng từ,4114,Chứng từ Ngân hàng hàng ngày,"Mục đích vốn (nếu có phát sinh bản giấy), Xác nhận người thụ hưởng không có TKNH với (HĐ vay 100 triệu), Chứng từ thu nhập + Năng lực tài chính (khi CIMB yêu cầu)",Giải ngân CIMB,GIAI_NGAN_CIMB,2026-06-23
6061767511376837032,PGD 2310 chưa tồn tại hoặc là PGD chỉ dùng cho mượn chứng từ,2310,Chứng từ Vận hành hàng ngày,"Giấy đề nghị, Phiếu chi giải ngân, Ủy quyền epay",Đóng HĐCC chủ động,DONG_HDCC_CD,2026-06-23
6048693688976838747,PGD 7767 chưa tồn tại hoặc là PGD chỉ dùng cho mượn chứng từ,7767,Chứng từ Vận hành hàng ngày,Giấy đề nghị,Đóng HĐCC chủ động,DONG_HDCC_CD,2026-06-23
6063389961700176851157,PGD 2303 chưa tồn tại hoặc là PGD chỉ dùng cho mượn chứng từ,2303,Chứng từ Ngân hàng hàng ngày,"Mục đích vốn (nếu có phát sinh bản giấy), Xác nhận người thụ hưởng không có TKNH với (HĐ vay 100 triệu), Chứng từ thu nhập + Năng lực tài chính (khi CIMB yêu cầu)",Giải ngân CIMB,GIAI_NGAN_CIMB,2026-06-23
7682259676822596,PGD 2306 chưa tồn tại hoặc là PGD chỉ dùng cho mượn chứng từ,2306,Chứng từ Vận hành hàng ngày,"Phiếu chi, Biên lai / Phiếu yêu cầu dịch vụ/ Giấy nộp tiền (theo từng đơn vị chuyển tiền)",Chuyển quỹ,,2026-06-23
4112364016176837079,Trùng parent_document_code trong nguồn Oracle,1073,Chứng từ Vận hành hàng ngày,"Giấy đề nghị, Phiếu chi giải ngân",Đóng HĐCC nợ xấu chủ động,DONG_HDCC_CDNX,2026-06-23
6015631479976832276,PGD 8245 chưa tồn tại hoặc là PGD chỉ dùng cho mượn chứng từ,8245,Chứng từ Vận hành hàng ngày,"BB tất toán/thanh lý, Phiếu thu đóng hợp đồng, Biên bản chấm dứt thỏa thuận sử dụng TS và hoàn trả TS, Giấy đề nghị",Đóng HĐCC chủ động,DONG_HDCC_CD,2026-06-23
7681954876819548,PGD 1286 chưa tồn tại hoặc là PGD chỉ dùng cho mượn chứng từ,1286,Chứng từ Vận hành hàng ngày,"Phiếu chi, Biên lai / Phiếu yêu cầu dịch vụ/ Giấy nộp tiền (theo từng đơn vị chuyển tiền)",Chuyển quỹ,,2026-06-23
7682040576820405,PGD 4827 chưa tồn tại hoặc là PGD chỉ dùng cho mượn chứng từ,4827,Chứng từ Vận hành hàng ngày,"Phiếu chi, Biên lai / Phiếu yêu cầu dịch vụ/ Giấy nộp tiền (theo từng đơn vị chuyển tiền)",Chuyển quỹ,,2026-06-23
6066855967400176853119,PGD 2308 chưa tồn tại hoặc là PGD chỉ dùng cho mượn chứng từ,2308,Chứng từ Ngân hàng hàng ngày,"Mục đích vốn (nếu có phát sinh bản giấy), Xác nhận người thụ hưởng không có TKNH với (HĐ vay 100 triệu), Chứng từ thu nhập + Năng lực tài chính (khi CIMB yêu cầu)",Giải ngân CIMB,GIAI_NGAN_CIMB,2026-06-23
6062150790976835410,Không map được loại chứng từ: HĐ ký gửi tài sản,8605,Chứng từ Vận hành hàng ngày,HĐ ký gửi tài sản,Đóng HĐCC chủ động,DONG_HDCC_CD,2026-06-23
7682114976821149,PGD 8516 chưa tồn tại hoặc là PGD chỉ dùng cho mượn chứng từ,8516,Chứng từ Vận hành hàng ngày,Phiếu thu,Hoàn tạm ứng cho nhân viên,,2026-06-23
6067728002100176860404,PGD 7767 chưa tồn tại hoặc là PGD chỉ dùng cho mượn chứng từ,7767,Chứng từ Ngân hàng hàng ngày,"Mục đích vốn (nếu có phát sinh bản giấy), Xác nhận người thụ hưởng không có TKNH với (HĐ vay 100 triệu), Chứng từ thu nhập + Năng lực tài chính (khi CIMB yêu cầu)",Giải ngân CIMB,GIAI_NGAN_CIMB,2026-06-23
6060069223500176851204,PGD 2308 chưa tồn tại hoặc là PGD chỉ dùng cho mượn chứng từ,2308,Chứng từ Ngân hàng hàng ngày,"Mục đích vốn (nếu có phát sinh bản giấy), Xác nhận người thụ hưởng không có TKNH với (HĐ vay 100 triệu), Chứng từ thu nhập + Năng lực tài chính (khi CIMB yêu cầu)",Giải ngân CIMB,GIAI_NGAN_CIMB,2026-06-23
7681747676817476,PGD 2311 chưa tồn tại hoặc là PGD chỉ dùng cho mượn chứng từ,2311,Chứng từ Vận hành hàng ngày,"Phiếu chi, Biên lai / Phiếu yêu cầu dịch vụ/ Giấy nộp tiền (theo từng đơn vị chuyển tiền)",Chuyển quỹ,,2026-06-23
6068448478476837428,PGD 5132 chưa tồn tại hoặc là PGD chỉ dùng cho mượn chứng từ,5132,Chứng từ Vận hành hàng ngày,"Biên bản bàn giao TS cầm cố, Thỏa thuận sử dụng TS, Biên bản bàn giao TS cho mượn, HDCC, Giấy đề nghị, Phiếu chi giải ngân, Giấy nhận nợ",Đóng HĐCC chủ động,DONG_HDCC_CD,2026-06-23
6054117900876838293,PGD 4827 chưa tồn tại hoặc là PGD chỉ dùng cho mượn chứng từ,4827,Chứng từ Vận hành hàng ngày,"Giấy đề nghị, Phiếu chi giải ngân, Ủy quyền epay",Đóng HĐCC chủ động,DONG_HDCC_CD,2026-06-23
6065848389976839453,PGD 5132 chưa tồn tại hoặc là PGD chỉ dùng cho mượn chứng từ,5132,Chứng từ Vận hành hàng ngày,"Giấy đề nghị, Phiếu chi giải ngân, Ủy quyền epay",Đóng HĐCC chủ động,DONG_HDCC_CD,2026-06-23
5108568682400176853704,Không map được loại chứng từ: Giấy đề nghị tái tục giấy nhận nợ,6101,Chứng từ Vận hành hàng ngày,Giấy đề nghị tái tục giấy nhận nợ,Đáo hạn,DONG_HD_DH,2026-06-23
7682577576825775,PGD 7827 chưa tồn tại hoặc là PGD chỉ dùng cho mượn chứng từ,7827,Chứng từ Vận hành hàng ngày,"Phiếu chi, Biên lai / Phiếu yêu cầu dịch vụ/ Giấy nộp tiền (theo từng đơn vị chuyển tiền)",Chuyển quỹ,,2026-06-23
6068717620100176851910,PGD 8136 chưa tồn tại hoặc là PGD chỉ dùng cho mượn chứng từ,8136,Chứng từ Ngân hàng hàng ngày,"Mục đích vốn (nếu có phát sinh bản giấy), Xác nhận người thụ hưởng không có TKNH với (HĐ vay 100 triệu), Chứng từ thu nhập + Năng lực tài chính (khi CIMB yêu cầu)",Giải ngân CIMB,GIAI_NGAN_CIMB,2026-06-23
6061862975000176856438,PGD 5739 chưa tồn tại hoặc là PGD chỉ dùng cho mượn chứng từ,5739,Chứng từ Vận hành hàng ngày,Phiếu thu đóng hợp đồng,Đóng hợp đồng chủ động,DONG_HD_CD,2026-06-23
6018574566376832098,Trùng parent_document_code trong nguồn Oracle,8707,Chứng từ Vận hành hàng ngày,"Giấy đề nghị, Phiếu chi giải ngân, Ủy quyền epay",Đóng HĐCC chủ động,DONG_HDCC_CD,2026-06-23
6061862975076834649,PGD 5739 chưa tồn tại hoặc là PGD chỉ dùng cho mượn chứng từ,5739,Chứng từ Vận hành hàng ngày,"BB tất toán/thanh lý, Phiếu thu đóng hợp đồng, Biên bản chấm dứt thỏa thuận sử dụng TS và hoàn trả TS, Giấy đề nghị",Đóng HĐCC chủ động,DONG_HDCC_CD,2026-06-23
6064025983000176864192,Không map được loại chứng từ: Mục đích sử dụng vốn cho khoản vay trên 100 triệu (MB yêu cầu),4016,Chứng từ Ngân hàng hàng ngày,Mục đích sử dụng vốn cho khoản vay trên 100 triệu (MB yêu cầu),Giải ngân MB,GIAI_NGAN_MB,2026-06-23
3129676331600576855054,Không map được loại chứng từ: Giấy đề nghị tái tục giấy nhận nợ,9219,Chứng từ Vận hành hàng ngày,Giấy đề nghị tái tục giấy nhận nợ,Đáo hạn,DONG_HD_DH,2026-06-23
6063294071300176856163,PGD 2308 chưa tồn tại hoặc là PGD chỉ dùng cho mượn chứng từ,2308,Chứng từ Ngân hàng hàng ngày,"Mục đích vốn (nếu có phát sinh bản giấy), Xác nhận người thụ hưởng không có TKNH với (HĐ vay 100 triệu), Chứng từ thu nhập + Năng lực tài chính (khi CIMB yêu cầu)",Giải ngân CIMB,GIAI_NGAN_CIMB,2026-06-23
6062096362200176859786,PGD 5132 chưa tồn tại hoặc là PGD chỉ dùng cho mượn chứng từ,5132,Chứng từ Ngân hàng hàng ngày,"Mục đích vốn (nếu có phát sinh bản giấy), Xác nhận người thụ hưởng không có TKNH với (HĐ vay 100 triệu), Chứng từ thu nhập + Năng lực tài chính (khi CIMB yêu cầu)",Giải ngân CIMB,GIAI_NGAN_CIMB,2026-06-23
7682710176827101,PGD 5243 chưa tồn tại hoặc là PGD chỉ dùng cho mượn chứng từ,5243,Chứng từ Vận hành hàng ngày,"Phiếu chi, Biên lai / Phiếu yêu cầu dịch vụ/ Giấy nộp tiền (theo từng đơn vị chuyển tiền)",Chuyển quỹ,,2026-06-23
6063173934576879188,PGD 4826 chưa tồn tại hoặc là PGD chỉ dùng cho mượn chứng từ,4826,Chứng từ Vận hành hàng ngày,Giấy đề nghị,Đóng HĐCC chủ động,DONG_HDCC_CD,2026-06-24
7688165376881653,PGD 2313 chưa tồn tại hoặc là PGD chỉ dùng cho mượn chứng từ,2313,Chứng từ Vận hành hàng ngày,"Phiếu chi, Biên lai / Phiếu yêu cầu dịch vụ/ Giấy nộp tiền (theo từng đơn vị chuyển tiền)",Chuyển quỹ,,2026-06-24
6062764855600176908535,PGD 2306 chưa tồn tại hoặc là PGD chỉ dùng cho mượn chứng từ,2306,Chứng từ Ngân hàng hàng ngày,"Mục đích vốn (nếu có phát sinh bản giấy), Xác nhận người thụ hưởng không có TKNH với (HĐ vay 100 triệu), Chứng từ thu nhập + Năng lực tài chính (khi CIMB yêu cầu)",Giải ngân CIMB,GIAI_NGAN_CIMB,2026-06-24
6060202742800176905419,PGD 5245 chưa tồn tại hoặc là PGD chỉ dùng cho mượn chứng từ,5245,Chứng từ Ngân hàng hàng ngày,"Mục đích vốn (nếu có phát sinh bản giấy), Xác nhận người thụ hưởng không có TKNH với (HĐ vay 100 triệu), Chứng từ thu nhập + Năng lực tài chính (khi CIMB yêu cầu)",Giải ngân CIMB,GIAI_NGAN_CIMB,2026-06-24
4043028863500376913422,Không map được loại chứng từ: Giấy đề nghị tái tục giấy nhận nợ,8604,Chứng từ Vận hành hàng ngày,Giấy đề nghị tái tục giấy nhận nợ,Đáo hạn,DONG_HD_DH,2026-06-24
6045876631576875519,PGD 2302 chưa tồn tại hoặc là PGD chỉ dùng cho mượn chứng từ,2302,Chứng từ Vận hành hàng ngày,"Giấy đề nghị, Phiếu chi giải ngân, Ủy quyền epay",Đóng HĐCC chủ động,DONG_HDCC_CD,2026-06-24
6069523074800176916248,PGD 5244 chưa tồn tại hoặc là PGD chỉ dùng cho mượn chứng từ,5244,Chứng từ Ngân hàng hàng ngày,"Mục đích vốn (nếu có phát sinh bản giấy), Xác nhận người thụ hưởng không có TKNH với (HĐ vay 100 triệu), Chứng từ thu nhập + Năng lực tài chính (khi CIMB yêu cầu)",Giải ngân CIMB,GIAI_NGAN_CIMB,2026-06-24
6067159847300176909138,PGD 2312 chưa tồn tại hoặc là PGD chỉ dùng cho mượn chứng từ,2312,Chứng từ Ngân hàng hàng ngày,"Mục đích vốn (nếu có phát sinh bản giấy), Xác nhận người thụ hưởng không có TKNH với (HĐ vay 100 triệu), Chứng từ thu nhập + Năng lực tài chính (khi CIMB yêu cầu)",Giải ngân CIMB,GIAI_NGAN_CIMB,2026-06-24
6068439472700176915412,PGD 7767 chưa tồn tại hoặc là PGD chỉ dùng cho mượn chứng từ,7767,Chứng từ Ngân hàng hàng ngày,"Mục đích vốn (nếu có phát sinh bản giấy), Xác nhận người thụ hưởng không có TKNH với (HĐ vay 100 triệu), Chứng từ thu nhập + Năng lực tài chính (khi CIMB yêu cầu)",Giải ngân CIMB,GIAI_NGAN_CIMB,2026-06-24
6043842571676894485,PGD 5435 chưa tồn tại hoặc là PGD chỉ dùng cho mượn chứng từ,5435,Chứng từ Vận hành hàng ngày,"Giấy đề nghị, Phiếu chi giải ngân",Đóng HĐCC chủ động,DONG_HDCC_CD,2026-06-24
6045876631576875584,PGD 2302 chưa tồn tại hoặc là PGD chỉ dùng cho mượn chứng từ,2302,Chứng từ Vận hành hàng ngày,Giấy đề nghị,Đóng HĐCC chủ động,DONG_HDCC_CD,2026-06-24
6048328107576892711,PGD 5132 chưa tồn tại hoặc là PGD chỉ dùng cho mượn chứng từ,5132,Chứng từ Vận hành hàng ngày,Giấy đề nghị,Đóng HĐCC chủ động,DONG_HDCC_CD,2026-06-24
7688437776884377,PGD 2310 chưa tồn tại hoặc là PGD chỉ dùng cho mượn chứng từ,2310,Chứng từ Vận hành hàng ngày,"Phiếu chi, Biên lai / Phiếu yêu cầu dịch vụ/ Giấy nộp tiền (theo từng đơn vị chuyển tiền)",Chuyển quỹ,,2026-06-24
7688997676889976,PGD 8136 chưa tồn tại hoặc là PGD chỉ dùng cho mượn chứng từ,8136,Chứng từ Vận hành hàng ngày,"Phiếu chi, Biên lai / Phiếu yêu cầu dịch vụ/ Giấy nộp tiền (theo từng đơn vị chuyển tiền)",Chuyển quỹ,,2026-06-24
6068705665500176913778,PGD 2308 chưa tồn tại hoặc là PGD chỉ dùng cho mượn chứng từ,2308,Chứng từ Ngân hàng hàng ngày,"Mục đích vốn (nếu có phát sinh bản giấy), Xác nhận người thụ hưởng không có TKNH với (HĐ vay 100 triệu), Chứng từ thu nhập + Năng lực tài chính (khi CIMB yêu cầu)",Giải ngân CIMB,GIAI_NGAN_CIMB,2026-06-24
7687869376878693,PGD 2304 chưa tồn tại hoặc là PGD chỉ dùng cho mượn chứng từ,2304,Chứng từ Vận hành hàng ngày,Phiếu thu,Nhận quỹ,,2026-06-24
7688531776885317,PGD 8245 chưa tồn tại hoặc là PGD chỉ dùng cho mượn chứng từ,8245,Chứng từ Vận hành hàng ngày,"Phiếu chi, Biên lai / Phiếu yêu cầu dịch vụ/ Giấy nộp tiền (theo từng đơn vị chuyển tiền)",Chuyển quỹ,,2026-06-24
6063337424400176912047,PGD 8244 chưa tồn tại hoặc là PGD chỉ dùng cho mượn chứng từ,8244,Chứng từ Ngân hàng hàng ngày,"Mục đích vốn (nếu có phát sinh bản giấy), Xác nhận người thụ hưởng không có TKNH với (HĐ vay 100 triệu), Chứng từ thu nhập + Năng lực tài chính (khi CIMB yêu cầu)",Giải ngân CIMB,GIAI_NGAN_CIMB,2026-06-24
6063173934576879184,PGD 4826 chưa tồn tại hoặc là PGD chỉ dùng cho mượn chứng từ,4826,Chứng từ Vận hành hàng ngày,"Giấy đề nghị, Phiếu chi giải ngân, Ủy quyền epay",Đóng HĐCC chủ động,DONG_HDCC_CD,2026-06-24
7687191976871919,PGD 5435 chưa tồn tại hoặc là PGD chỉ dùng cho mượn chứng từ,5435,Chứng từ Vận hành hàng ngày,"Phiếu chi, Biên lai / Phiếu yêu cầu dịch vụ/ Giấy nộp tiền (theo từng đơn vị chuyển tiền)",Chuyển quỹ,,2026-06-24
6065796891676889009,PGD 2308 chưa tồn tại hoặc là PGD chỉ dùng cho mượn chứng từ,2308,Chứng từ Vận hành hàng ngày,Giấy đề nghị,Đóng HĐCC chủ động,DONG_HDCC_CD,2026-06-24
6066376851900176909258,PGD 7437 chưa tồn tại hoặc là PGD chỉ dùng cho mượn chứng từ,7437,Chứng từ Ngân hàng hàng ngày,"Mục đích vốn (nếu có phát sinh bản giấy), Xác nhận người thụ hưởng không có TKNH với (HĐ vay 100 triệu), Chứng từ thu nhập + Năng lực tài chính (khi CIMB yêu cầu)",Giải ngân CIMB,GIAI_NGAN_CIMB,2026-06-24
6060391061700176910722,PGD 2309 chưa tồn tại hoặc là PGD chỉ dùng cho mượn chứng từ,2309,Chứng từ Ngân hàng hàng ngày,"Mục đích vốn (nếu có phát sinh bản giấy), Xác nhận người thụ hưởng không có TKNH với (HĐ vay 100 triệu), Chứng từ thu nhập + Năng lực tài chính (khi CIMB yêu cầu)",Giải ngân CIMB,GIAI_NGAN_CIMB,2026-06-24
7687310176873101,PGD 8244 chưa tồn tại hoặc là PGD chỉ dùng cho mượn chứng từ,8244,Chứng từ Vận hành hàng ngày,"Phiếu chi, Biên lai / Phiếu yêu cầu dịch vụ/ Giấy nộp tiền (theo từng đơn vị chuyển tiền)",Chuyển quỹ,,2026-06-24
6062977569300176905834,PGD 1285 chưa tồn tại hoặc là PGD chỉ dùng cho mượn chứng từ,1285,Chứng từ Ngân hàng hàng ngày,"Mục đích vốn (nếu có phát sinh bản giấy), Xác nhận người thụ hưởng không có TKNH với (HĐ vay 100 triệu), Chứng từ thu nhập + Năng lực tài chính (khi CIMB yêu cầu)",Giải ngân CIMB,GIAI_NGAN_CIMB,2026-06-24
6061444118500176914582,PGD 4827 chưa tồn tại hoặc là PGD chỉ dùng cho mượn chứng từ,4827,Chứng từ Ngân hàng hàng ngày,"Mục đích vốn (nếu có phát sinh bản giấy), Xác nhận người thụ hưởng không có TKNH với (HĐ vay 100 triệu), Chứng từ thu nhập + Năng lực tài chính (khi CIMB yêu cầu)",Giải ngân CIMB,GIAI_NGAN_CIMB,2026-06-24
6066855405700176915949,PGD 8136 chưa tồn tại hoặc là PGD chỉ dùng cho mượn chứng từ,8136,Chứng từ Ngân hàng hàng ngày,"Mục đích vốn (nếu có phát sinh bản giấy), Xác nhận người thụ hưởng không có TKNH với (HĐ vay 100 triệu), Chứng từ thu nhập + Năng lực tài chính (khi CIMB yêu cầu)",Giải ngân CIMB,GIAI_NGAN_CIMB,2026-06-24
7688799376887993,PGD 6731 chưa tồn tại hoặc là PGD chỉ dùng cho mượn chứng từ,6731,Chứng từ Vận hành hàng ngày,Phiếu thu,Nhận quỹ,,2026-06-24
7689095476890954,PGD 1286 chưa tồn tại hoặc là PGD chỉ dùng cho mượn chứng từ,1286,Chứng từ Vận hành hàng ngày,"Phiếu chi, Biên lai / Phiếu yêu cầu dịch vụ/ Giấy nộp tiền (theo từng đơn vị chuyển tiền)",Chuyển quỹ,,2026-06-24
6036793592000176915706,Không map được loại chứng từ: Giấy đề nghị tái tục giấy nhận nợ,7302,Chứng từ Vận hành hàng ngày,Giấy đề nghị tái tục giấy nhận nợ,Đáo hạn,DONG_HD_DH,2026-06-24
5123867395976893493,Trùng parent_document_code trong nguồn Oracle,2302,Chứng từ Vận hành hàng ngày,"Giấy đề nghị, Phiếu chi giải ngân, Ủy quyền epay",Đóng HĐCC chủ động,DONG_HDCC_CD,2026-06-24
6069883263100176905943,PGD 8135 chưa tồn tại hoặc là PGD chỉ dùng cho mượn chứng từ,8135,Chứng từ Ngân hàng hàng ngày,"Mục đích vốn (nếu có phát sinh bản giấy), Xác nhận người thụ hưởng không có TKNH với (HĐ vay 100 triệu), Chứng từ thu nhập + Năng lực tài chính (khi CIMB yêu cầu)",Giải ngân CIMB,GIAI_NGAN_CIMB,2026-06-24
6037320276676878529,Không map được loại chứng từ: HĐ ký gửi tài sản,4434,Chứng từ Vận hành hàng ngày,HĐ ký gửi tài sản,Đóng HĐCC chủ động,DONG_HDCC_CD,2026-06-24
7688571876885718,PGD 9322 chưa tồn tại hoặc là PGD chỉ dùng cho mượn chứng từ,9322,Chứng từ Vận hành hàng ngày,"Phiếu chi, Biên lai / Phiếu yêu cầu dịch vụ/ Giấy nộp tiền (theo từng đơn vị chuyển tiền)",Chuyển quỹ,,2026-06-24
2039372512076887853,Trùng parent_document_code trong nguồn Oracle,7748,Chứng từ Vận hành hàng ngày,"BB tất toán/thanh lý, Phiếu thu đóng hợp đồng",Đóng HĐCC nợ xấu chủ động,DONG_HDCC_CDNX,2026-06-24
3115311650600476910743,Không map được loại chứng từ: Giấy đề nghị tái tục giấy nhận nợ,9102,Chứng từ Vận hành hàng ngày,Giấy đề nghị tái tục giấy nhận nợ,Đáo hạn,DONG_HD_DH,2026-06-24
6053609002376880450,Trùng parent_document_code trong nguồn Oracle,4208,Chứng từ Vận hành hàng ngày,"BB tất toán/thanh lý, Phiếu thu đóng hợp đồng, Biên bản chấm dứt thỏa thuận sử dụng TS và hoàn trả TS",Đóng HĐCC chủ động,DONG_HDCC_CD,2026-06-24
2105583109276883890,Trùng parent_document_code trong nguồn Oracle,1187,Chứng từ Vận hành hàng ngày,"HDCC, Giấy đề nghị, Phiếu chi giải ngân",Đóng HĐCC nợ xấu chủ động,DONG_HDCC_CDNX,2026-06-24
2129852557376885670,Trùng parent_document_code trong nguồn Oracle,6101,Chứng từ Vận hành hàng ngày,"BB tất toán/thanh lý, Phiếu thu đóng hợp đồng",Đóng HĐCC nợ xấu chủ động,DONG_HDCC_CDNX,2026-06-24
7688131876881318,PGD 2308 chưa tồn tại hoặc là PGD chỉ dùng cho mượn chứng từ,2308,Chứng từ Vận hành hàng ngày,"Phiếu chi, Biên lai / Phiếu yêu cầu dịch vụ/ Giấy nộp tiền (theo từng đơn vị chuyển tiền)",Chuyển quỹ,,2026-06-24
6065658109900176909124,PGD 8631 chưa tồn tại hoặc là PGD chỉ dùng cho mượn chứng từ,8631,Chứng từ Ngân hàng hàng ngày,"Mục đích vốn (nếu có phát sinh bản giấy), Xác nhận người thụ hưởng không có TKNH với (HĐ vay 100 triệu), Chứng từ thu nhập + Năng lực tài chính (khi CIMB yêu cầu)",Giải ngân CIMB,GIAI_NGAN_CIMB,2026-06-24
6060663480500176915620,PGD 7827 chưa tồn tại hoặc là PGD chỉ dùng cho mượn chứng từ,7827,Chứng từ Ngân hàng hàng ngày,"Mục đích vốn (nếu có phát sinh bản giấy), Xác nhận người thụ hưởng không có TKNH với (HĐ vay 100 triệu), Chứng từ thu nhập + Năng lực tài chính (khi CIMB yêu cầu)",Giải ngân CIMB,GIAI_NGAN_CIMB,2026-06-24
6067012509600176906453,PGD 5552 chưa tồn tại hoặc là PGD chỉ dùng cho mượn chứng từ,5552,Chứng từ Ngân hàng hàng ngày,"Mục đích vốn (nếu có phát sinh bản giấy), Xác nhận người thụ hưởng không có TKNH với (HĐ vay 100 triệu), Chứng từ thu nhập + Năng lực tài chính (khi CIMB yêu cầu)",Giải ngân CIMB,GIAI_NGAN_CIMB,2026-06-24
6063045632800176909741,PGD 6219 chưa tồn tại hoặc là PGD chỉ dùng cho mượn chứng từ,6219,Chứng từ Ngân hàng hàng ngày,"Mục đích vốn (nếu có phát sinh bản giấy), Xác nhận người thụ hưởng không có TKNH với (HĐ vay 100 triệu), Chứng từ thu nhập + Năng lực tài chính (khi CIMB yêu cầu)",Giải ngân CIMB,GIAI_NGAN_CIMB,2026-06-24
4088661727476880127,Trùng parent_document_code trong nguồn Oracle,1024,Chứng từ Vận hành hàng ngày,"Giấy đề nghị, Phiếu chi giải ngân",Đóng HĐCC chủ động,DONG_HDCC_CD,2026-06-24
6060643352300176911519,PGD 1278 chưa tồn tại hoặc là PGD chỉ dùng cho mượn chứng từ,1278,Chứng từ Ngân hàng hàng ngày,"Mục đích vốn (nếu có phát sinh bản giấy), Xác nhận người thụ hưởng không có TKNH với (HĐ vay 100 triệu), Chứng từ thu nhập + Năng lực tài chính (khi CIMB yêu cầu)",Giải ngân CIMB,GIAI_NGAN_CIMB,2026-06-24
6068272096000176917344,PGD 2307 chưa tồn tại hoặc là PGD chỉ dùng cho mượn chứng từ,2307,Chứng từ Ngân hàng hàng ngày,"Mục đích vốn (nếu có phát sinh bản giấy), Xác nhận người thụ hưởng không có TKNH với (HĐ vay 100 triệu), Chứng từ thu nhập + Năng lực tài chính (khi CIMB yêu cầu)",Giải ngân CIMB,GIAI_NGAN_CIMB,2026-06-24
6069314094200176916994,PGD 2312 chưa tồn tại hoặc là PGD chỉ dùng cho mượn chứng từ,2312,Chứng từ Ngân hàng hàng ngày,"Mục đích vốn (nếu có phát sinh bản giấy), Xác nhận người thụ hưởng không có TKNH với (HĐ vay 100 triệu), Chứng từ thu nhập + Năng lực tài chính (khi CIMB yêu cầu)",Giải ngân CIMB,GIAI_NGAN_CIMB,2026-06-24
5123867395976893497,PGD 2302 chưa tồn tại hoặc là PGD chỉ dùng cho mượn chứng từ,2302,Chứng từ Vận hành hàng ngày,"BB tất toán/thanh lý, Phiếu thu đóng hợp đồng, Biên bản chấm dứt thỏa thuận sử dụng TS và hoàn trả TS, Giấy đề nghị",Đóng HĐCC chủ động,DONG_HDCC_CD,2026-06-24
6058626785776875813,Trùng parent_document_code trong nguồn Oracle,5104,Chứng từ Vận hành hàng ngày,"BB tất toán/thanh lý, Phiếu thu đóng hợp đồng, Biên bản chấm dứt thỏa thuận sử dụng TS và hoàn trả TS",Đóng HĐCC chủ động,DONG_HDCC_CD,2026-06-24
6061346637000176909449,PGD 2304 chưa tồn tại hoặc là PGD chỉ dùng cho mượn chứng từ,2304,Chứng từ Ngân hàng hàng ngày,"Mục đích vốn (nếu có phát sinh bản giấy), Xác nhận người thụ hưởng không có TKNH với (HĐ vay 100 triệu), Chứng từ thu nhập + Năng lực tài chính (khi CIMB yêu cầu)",Giải ngân CIMB,GIAI_NGAN_CIMB,2026-06-24
6069984717300176911974,PGD 8025 chưa tồn tại hoặc là PGD chỉ dùng cho mượn chứng từ,8025,Chứng từ Ngân hàng hàng ngày,"Mục đích vốn (nếu có phát sinh bản giấy), Xác nhận người thụ hưởng không có TKNH với (HĐ vay 100 triệu), Chứng từ thu nhập + Năng lực tài chính (khi CIMB yêu cầu)",Giải ngân CIMB,GIAI_NGAN_CIMB,2026-06-24
6063466702100176915697,PGD 1278 chưa tồn tại hoặc là PGD chỉ dùng cho mượn chứng từ,1278,Chứng từ Ngân hàng hàng ngày,"Mục đích vốn (nếu có phát sinh bản giấy), Xác nhận người thụ hưởng không có TKNH với (HĐ vay 100 triệu), Chứng từ thu nhập + Năng lực tài chính (khi CIMB yêu cầu)",Giải ngân CIMB,GIAI_NGAN_CIMB,2026-06-24
6064327894800176910748,PGD 8136 chưa tồn tại hoặc là PGD chỉ dùng cho mượn chứng từ,8136,Chứng từ Ngân hàng hàng ngày,"Mục đích vốn (nếu có phát sinh bản giấy), Xác nhận người thụ hưởng không có TKNH với (HĐ vay 100 triệu), Chứng từ thu nhập + Năng lực tài chính (khi CIMB yêu cầu)",Giải ngân CIMB,GIAI_NGAN_CIMB,2026-06-24
6065909280900176911018,PGD 8244 chưa tồn tại hoặc là PGD chỉ dùng cho mượn chứng từ,8244,Chứng từ Ngân hàng hàng ngày,"Mục đích vốn (nếu có phát sinh bản giấy), Xác nhận người thụ hưởng không có TKNH với (HĐ vay 100 triệu), Chứng từ thu nhập + Năng lực tài chính (khi CIMB yêu cầu)",Giải ngân CIMB,GIAI_NGAN_CIMB,2026-06-24
6065610835800176912898,PGD 7968 chưa tồn tại hoặc là PGD chỉ dùng cho mượn chứng từ,7968,Chứng từ Ngân hàng hàng ngày,"Mục đích vốn (nếu có phát sinh bản giấy), Xác nhận người thụ hưởng không có TKNH với (HĐ vay 100 triệu), Chứng từ thu nhập + Năng lực tài chính (khi CIMB yêu cầu)",Giải ngân CIMB,GIAI_NGAN_CIMB,2026-06-24
6054597582476885399,Trùng parent_document_code trong nguồn Oracle,4803,Chứng từ Vận hành hàng ngày,"Giấy đề nghị, Phiếu chi giải ngân",Đóng HĐCC chủ động,DONG_HDCC_CD,2026-06-24
3116553459200476905560,Không map được loại chứng từ: Giấy đề nghị tái tục giấy nhận nợ,9317,Chứng từ Vận hành hàng ngày,Giấy đề nghị tái tục giấy nhận nợ,Đáo hạn,DONG_HD_DH,2026-06-24
7688161976881619,PGD 9322 chưa tồn tại hoặc là PGD chỉ dùng cho mượn chứng từ,9322,Chứng từ Vận hành hàng ngày,"Phiếu chi, Biên lai / Phiếu yêu cầu dịch vụ/ Giấy nộp tiền (theo từng đơn vị chuyển tiền)",Chuyển quỹ,,2026-06-24
6068124211000176913776,PGD 2302 chưa tồn tại hoặc là PGD chỉ dùng cho mượn chứng từ,2302,Chứng từ Ngân hàng hàng ngày,"Mục đích vốn (nếu có phát sinh bản giấy), Xác nhận người thụ hưởng không có TKNH với (HĐ vay 100 triệu), Chứng từ thu nhập + Năng lực tài chính (khi CIMB yêu cầu)",Giải ngân CIMB,GIAI_NGAN_CIMB,2026-06-24
6061188919700176916869,PGD 7767 chưa tồn tại hoặc là PGD chỉ dùng cho mượn chứng từ,7767,Chứng từ Ngân hàng hàng ngày,"Mục đích vốn (nếu có phát sinh bản giấy), Xác nhận người thụ hưởng không có TKNH với (HĐ vay 100 triệu), Chứng từ thu nhập + Năng lực tài chính (khi CIMB yêu cầu)",Giải ngân CIMB,GIAI_NGAN_CIMB,2026-06-24
6069066796400176907538,PGD 8135 chưa tồn tại hoặc là PGD chỉ dùng cho mượn chứng từ,8135,Chứng từ Ngân hàng hàng ngày,"Mục đích vốn (nếu có phát sinh bản giấy), Xác nhận người thụ hưởng không có TKNH với (HĐ vay 100 triệu), Chứng từ thu nhập + Năng lực tài chính (khi CIMB yêu cầu)",Giải ngân CIMB,GIAI_NGAN_CIMB,2026-06-24
7688561676885616,PGD 5552 chưa tồn tại hoặc là PGD chỉ dùng cho mượn chứng từ,5552,Chứng từ Vận hành hàng ngày,"Phiếu chi, Biên lai / Phiếu yêu cầu dịch vụ/ Giấy nộp tiền (theo từng đơn vị chuyển tiền)",Chuyển quỹ,,2026-06-24
6061763540500176905778,PGD 8516 chưa tồn tại hoặc là PGD chỉ dùng cho mượn chứng từ,8516,Chứng từ Ngân hàng hàng ngày,"Mục đích vốn (nếu có phát sinh bản giấy), Xác nhận người thụ hưởng không có TKNH với (HĐ vay 100 triệu), Chứng từ thu nhập + Năng lực tài chính (khi CIMB yêu cầu)",Giải ngân CIMB,GIAI_NGAN_CIMB,2026-06-24
6069487462900176915954,PGD 2304 chưa tồn tại hoặc là PGD chỉ dùng cho mượn chứng từ,2304,Chứng từ Ngân hàng hàng ngày,"Mục đích vốn (nếu có phát sinh bản giấy), Xác nhận người thụ hưởng không có TKNH với (HĐ vay 100 triệu), Chứng từ thu nhập + Năng lực tài chính (khi CIMB yêu cầu)",Giải ngân CIMB,GIAI_NGAN_CIMB,2026-06-24
6063842300000176906457,PGD 9221 chưa tồn tại hoặc là PGD chỉ dùng cho mượn chứng từ,9221,Chứng từ Ngân hàng hàng ngày,"Mục đích vốn (nếu có phát sinh bản giấy), Xác nhận người thụ hưởng không có TKNH với (HĐ vay 100 triệu), Chứng từ thu nhập + Năng lực tài chính (khi CIMB yêu cầu)",Giải ngân CIMB,GIAI_NGAN_CIMB,2026-06-24
6065796891676889001,PGD 2308 chưa tồn tại hoặc là PGD chỉ dùng cho mượn chứng từ,2308,Chứng từ Vận hành hàng ngày,"Giấy đề nghị, Phiếu chi giải ngân, Ủy quyền epay",Đóng HĐCC chủ động,DONG_HDCC_CD,2026-06-24
6037320276676878467,Không map được loại chứng từ: HĐ ký gửi tài sản,4434,Chứng từ Vận hành hàng ngày,HĐ ký gửi tài sản,Đóng HĐCC chủ động,DONG_HDCC_CD,2026-06-24
5032057135576880601,Trùng parent_document_code trong nguồn Oracle,8602,Chứng từ Vận hành hàng ngày,"BB tất toán/thanh lý, Phiếu thu đóng hợp đồng, Biên bản chấm dứt thỏa thuận sử dụng TS và hoàn trả TS",Đóng HĐCC chủ động,DONG_HDCC_CD,2026-06-24
7688607676886076,PGD 2308 chưa tồn tại hoặc là PGD chỉ dùng cho mượn chứng từ,2308,Chứng từ Vận hành hàng ngày,"Phiếu chi, Biên lai / Phiếu yêu cầu dịch vụ/ Giấy nộp tiền (theo từng đơn vị chuyển tiền)",Chuyển quỹ,,2026-06-24
6048328107576892704,PGD 5132 chưa tồn tại hoặc là PGD chỉ dùng cho mượn chứng từ,5132,Chứng từ Vận hành hàng ngày,"Giấy đề nghị, Phiếu chi giải ngân, Ủy quyền epay",Đóng HĐCC chủ động,DONG_HDCC_CD,2026-06-24
6066510718700176915006,PGD 5435 chưa tồn tại hoặc là PGD chỉ dùng cho mượn chứng từ,5435,Chứng từ Ngân hàng hàng ngày,"Mục đích vốn (nếu có phát sinh bản giấy), Xác nhận người thụ hưởng không có TKNH với (HĐ vay 100 triệu), Chứng từ thu nhập + Năng lực tài chính (khi CIMB yêu cầu)",Giải ngân CIMB,GIAI_NGAN_CIMB,2026-06-24
4060158082876878034,Trùng parent_document_code trong nguồn Oracle,2275,Chứng từ Vận hành hàng ngày,"Giấy đề nghị, Phiếu chi giải ngân",Đóng HĐCC nợ xấu chủ động,DONG_HDCC_CDNX,2026-06-24
5126044829476883368,Trùng parent_document_code trong nguồn Oracle,4434,Chứng từ Vận hành hàng ngày,"Giấy đề nghị, Phiếu chi giải ngân",Đóng HĐCC nợ xấu chủ động,DONG_HDCC_CDNX,2026-06-24
7688010076880100,PGD 4114 chưa tồn tại hoặc là PGD chỉ dùng cho mượn chứng từ,4114,Chứng từ Vận hành hàng ngày,"Phiếu chi, Biên lai / Phiếu yêu cầu dịch vụ/ Giấy nộp tiền (theo từng đơn vị chuyển tiền)",Chuyển quỹ,,2026-06-24
7693494776934947,PGD 2313 chưa tồn tại hoặc là PGD chỉ dùng cho mượn chứng từ,2313,Chứng từ Vận hành hàng ngày,"Phiếu chi, Biên lai / Phiếu yêu cầu dịch vụ/ Giấy nộp tiền (theo từng đơn vị chuyển tiền)",Chuyển quỹ,,2026-06-25
5090953896600176964970,Không map được loại chứng từ: Giấy đề nghị tái tục giấy nhận nợ,9201,Chứng từ Vận hành hàng ngày,Giấy đề nghị tái tục giấy nhận nợ,Đáo hạn,DONG_HD_DH,2026-06-25
6061624216600176965129,PGD 2310 chưa tồn tại hoặc là PGD chỉ dùng cho mượn chứng từ,2310,Chứng từ Ngân hàng hàng ngày,"Mục đích vốn (nếu có phát sinh bản giấy), Xác nhận người thụ hưởng không có TKNH với (HĐ vay 100 triệu), Chứng từ thu nhập + Năng lực tài chính (khi CIMB yêu cầu)",Giải ngân CIMB,GIAI_NGAN_CIMB,2026-06-25
6069283388400176967360,PGD 4114 chưa tồn tại hoặc là PGD chỉ dùng cho mượn chứng từ,4114,Chứng từ Ngân hàng hàng ngày,"Mục đích vốn (nếu có phát sinh bản giấy), Xác nhận người thụ hưởng không có TKNH với (HĐ vay 100 triệu), Chứng từ thu nhập + Năng lực tài chính (khi CIMB yêu cầu)",Giải ngân CIMB,GIAI_NGAN_CIMB,2026-06-25
6065282684000176970319,PGD 9221 chưa tồn tại hoặc là PGD chỉ dùng cho mượn chứng từ,9221,Chứng từ Ngân hàng hàng ngày,"Mục đích vốn (nếu có phát sinh bản giấy), Xác nhận người thụ hưởng không có TKNH với (HĐ vay 100 triệu), Chứng từ thu nhập + Năng lực tài chính (khi CIMB yêu cầu)",Giải ngân CIMB,GIAI_NGAN_CIMB,2026-06-25
6060628519400176972154,PGD 2309 chưa tồn tại hoặc là PGD chỉ dùng cho mượn chứng từ,2309,Chứng từ Ngân hàng hàng ngày,"Mục đích vốn (nếu có phát sinh bản giấy), Xác nhận người thụ hưởng không có TKNH với (HĐ vay 100 triệu), Chứng từ thu nhập + Năng lực tài chính (khi CIMB yêu cầu)",Giải ngân CIMB,GIAI_NGAN_CIMB,2026-06-25
6034702507976942523,Trùng parent_document_code trong nguồn Oracle,9134,Chứng từ Vận hành hàng ngày,"Giấy đề nghị, Phiếu chi giải ngân, Ủy quyền epay",Đóng HĐCC chủ động,DONG_HDCC_CD,2026-06-25
6010772967276944666,Không map được loại chứng từ: HĐ ký gửi tài sản,4807,Chứng từ Vận hành hàng ngày,HĐ ký gửi tài sản,Đóng HĐCC chủ động,DONG_HDCC_CD,2026-06-25
6060918950576947849,PGD 5132 chưa tồn tại hoặc là PGD chỉ dùng cho mượn chứng từ,5132,Chứng từ Vận hành hàng ngày,"Giấy đề nghị, Phiếu chi giải ngân, Ủy quyền epay",Đóng HĐCC chủ động,DONG_HDCC_CD,2026-06-25
5094392023976947703,Không map được loại chứng từ: HĐ ký gửi tài sản,7942,Chứng từ Vận hành hàng ngày,HĐ ký gửi tài sản,Đóng HĐCC chủ động,DONG_HDCC_CD,2026-06-25
6034614049876939908,PGD 7827 chưa tồn tại hoặc là PGD chỉ dùng cho mượn chứng từ,7827,Chứng từ Vận hành hàng ngày,Giấy đề nghị,Đóng HĐCC chủ động,DONG_HDCC_CD,2026-06-25
7692537476925374,PGD 8245 chưa tồn tại hoặc là PGD chỉ dùng cho mượn chứng từ,8245,Chứng từ Vận hành hàng ngày,Phiếu thu,Nhận quỹ,,2026-06-25
6068322288400176972485,PGD 8136 chưa tồn tại hoặc là PGD chỉ dùng cho mượn chứng từ,8136,Chứng từ Ngân hàng hàng ngày,"Mục đích vốn (nếu có phát sinh bản giấy), Xác nhận người thụ hưởng không có TKNH với (HĐ vay 100 triệu), Chứng từ thu nhập + Năng lực tài chính (khi CIMB yêu cầu)",Giải ngân CIMB,GIAI_NGAN_CIMB,2026-06-25
6060622469400176966947,PGD 1278 chưa tồn tại hoặc là PGD chỉ dùng cho mượn chứng từ,1278,Chứng từ Vận hành hàng ngày,"Phiếu yêu cầu miễn giảm (nếu có), Phiếu yêu cầu miễn giảm (nếu có)",Miễn giảm đóng HĐ,MIEN_GIAM_DONG_HD,2026-06-25
6068286618300176963840,PGD 5244 chưa tồn tại hoặc là PGD chỉ dùng cho mượn chứng từ,5244,Chứng từ Vận hành hàng ngày,Phiếu thu đóng hợp đồng,Đóng hợp đồng chủ động,DONG_HD_CD,2026-06-25
6065405139500176972535,PGD 4827 chưa tồn tại hoặc là PGD chỉ dùng cho mượn chứng từ,4827,Chứng từ Ngân hàng hàng ngày,"Mục đích vốn (nếu có phát sinh bản giấy), Xác nhận người thụ hưởng không có TKNH với (HĐ vay 100 triệu), Chứng từ thu nhập + Năng lực tài chính (khi CIMB yêu cầu)",Giải ngân CIMB,GIAI_NGAN_CIMB,2026-06-25
6061724498900176972670,PGD 2308 chưa tồn tại hoặc là PGD chỉ dùng cho mượn chứng từ,2308,Chứng từ Ngân hàng hàng ngày,"Mục đích vốn (nếu có phát sinh bản giấy), Xác nhận người thụ hưởng không có TKNH với (HĐ vay 100 triệu), Chứng từ thu nhập + Năng lực tài chính (khi CIMB yêu cầu)",Giải ngân CIMB,GIAI_NGAN_CIMB,2026-06-25
6069939690600176968292,PGD 7827 chưa tồn tại hoặc là PGD chỉ dùng cho mượn chứng từ,7827,Chứng từ Ngân hàng hàng ngày,"Mục đích vốn (nếu có phát sinh bản giấy), Xác nhận người thụ hưởng không có TKNH với (HĐ vay 100 triệu), Chứng từ thu nhập + Năng lực tài chính (khi CIMB yêu cầu)",Giải ngân CIMB,GIAI_NGAN_CIMB,2026-06-25
6066315499300176969675,PGD 5244 chưa tồn tại hoặc là PGD chỉ dùng cho mượn chứng từ,5244,Chứng từ Vận hành hàng ngày,Phiếu thu đóng hợp đồng,Đóng hợp đồng chủ động,DONG_HD_CD,2026-06-25
6060420851700176969962,PGD 1278 chưa tồn tại hoặc là PGD chỉ dùng cho mượn chứng từ,1278,Chứng từ Ngân hàng hàng ngày,"Mục đích vốn (nếu có phát sinh bản giấy), Xác nhận người thụ hưởng không có TKNH với (HĐ vay 100 triệu), Chứng từ thu nhập + Năng lực tài chính (khi CIMB yêu cầu)",Giải ngân CIMB,GIAI_NGAN_CIMB,2026-06-25
6061778556676932191,PGD 5244 chưa tồn tại hoặc là PGD chỉ dùng cho mượn chứng từ,5244,Chứng từ Vận hành hàng ngày,Phiếu thu,Thu tiền đặt cọc chip,,2026-06-25
6060800236200176969128,PGD 5132 chưa tồn tại hoặc là PGD chỉ dùng cho mượn chứng từ,5132,Chứng từ Ngân hàng hàng ngày,"Mục đích vốn (nếu có phát sinh bản giấy), Xác nhận người thụ hưởng không có TKNH với (HĐ vay 100 triệu), Chứng từ thu nhập + Năng lực tài chính (khi CIMB yêu cầu)",Giải ngân CIMB,GIAI_NGAN_CIMB,2026-06-25
7693557276935572,PGD 7827 chưa tồn tại hoặc là PGD chỉ dùng cho mượn chứng từ,7827,Chứng từ Vận hành hàng ngày,"Phiếu chi, Biên lai / Phiếu yêu cầu dịch vụ/ Giấy nộp tiền (theo từng đơn vị chuyển tiền)",Chuyển quỹ,,2026-06-25
7692365676923656,PGD 5737 chưa tồn tại hoặc là PGD chỉ dùng cho mượn chứng từ,5737,Chứng từ Vận hành hàng ngày,"Phiếu chi, Biên lai / Phiếu yêu cầu dịch vụ/ Giấy nộp tiền (theo từng đơn vị chuyển tiền)",Chuyển quỹ,,2026-06-25
3080835728376967129,PGD 6219 chưa tồn tại hoặc là PGD chỉ dùng cho mượn chứng từ,6219,Chứng từ Vận hành hàng ngày,"Phiếu yêu cầu miễn giảm (nếu có), Phiếu yêu cầu miễn giảm (nếu có)",Miễn giảm đóng HĐ,MIEN_GIAM_DONG_HD,2026-06-25
7692392076923920,PGD 5245 chưa tồn tại hoặc là PGD chỉ dùng cho mượn chứng từ,5245,Chứng từ Vận hành hàng ngày,"Phiếu chi, Biên lai / Phiếu yêu cầu dịch vụ/ Giấy nộp tiền (theo từng đơn vị chuyển tiền)",Chuyển quỹ,,2026-06-25
6050335099976947508,PGD 1278 chưa tồn tại hoặc là PGD chỉ dùng cho mượn chứng từ,1278,Chứng từ Vận hành hàng ngày,"Giấy đề nghị, Phiếu chi giải ngân",Đóng HĐCC chủ động,DONG_HDCC_CD,2026-06-25
5098980774176937742,Không map được loại chứng từ: HĐ ký gửi tài sản,5240,Chứng từ Vận hành hàng ngày,HĐ ký gửi tài sản,Đóng HĐCC chủ động,DONG_HDCC_CD,2026-06-25
7693752676937526,PGD 8136 chưa tồn tại hoặc là PGD chỉ dùng cho mượn chứng từ,8136,Chứng từ Vận hành hàng ngày,"Phiếu chi, Biên lai / Phiếu yêu cầu dịch vụ/ Giấy nộp tiền (theo từng đơn vị chuyển tiền)",Chuyển quỹ,,2026-06-25
3104307927000376961531,Không map được loại chứng từ: Giấy đề nghị tái tục giấy nhận nợ,5604,Chứng từ Vận hành hàng ngày,Giấy đề nghị tái tục giấy nhận nợ,Đáo hạn,DONG_HD_DH,2026-06-25
6064103215400176965122,PGD 7827 chưa tồn tại hoặc là PGD chỉ dùng cho mượn chứng từ,7827,Chứng từ Ngân hàng hàng ngày,"Mục đích vốn (nếu có phát sinh bản giấy), Xác nhận người thụ hưởng không có TKNH với (HĐ vay 100 triệu), Chứng từ thu nhập + Năng lực tài chính (khi CIMB yêu cầu)",Giải ngân CIMB,GIAI_NGAN_CIMB,2026-06-25
6045009473800176967582,Không map được loại chứng từ: Giấy đề nghị tái tục giấy nhận nợ,9201,Chứng từ Vận hành hàng ngày,Giấy đề nghị tái tục giấy nhận nợ,Đáo hạn,DONG_HD_DH,2026-06-25
6041822610776944589,Trùng parent_document_code trong nguồn Oracle,6705,Chứng từ Vận hành hàng ngày,"BB tất toán/thanh lý, Phiếu thu đóng hợp đồng, Biên bản chấm dứt thỏa thuận sử dụng TS và hoàn trả TS",Đóng HĐCC chủ động,DONG_HDCC_CD,2026-06-25
6064926066900176963906,PGD 1285 chưa tồn tại hoặc là PGD chỉ dùng cho mượn chứng từ,1285,Chứng từ Ngân hàng hàng ngày,"Mục đích vốn (nếu có phát sinh bản giấy), Xác nhận người thụ hưởng không có TKNH với (HĐ vay 100 triệu), Chứng từ thu nhập + Năng lực tài chính (khi CIMB yêu cầu)",Giải ngân CIMB,GIAI_NGAN_CIMB,2026-06-25
6063664209900176967928,PGD 1284 chưa tồn tại hoặc là PGD chỉ dùng cho mượn chứng từ,1284,Chứng từ Ngân hàng hàng ngày,"Mục đích vốn (nếu có phát sinh bản giấy), Xác nhận người thụ hưởng không có TKNH với (HĐ vay 100 triệu), Chứng từ thu nhập + Năng lực tài chính (khi CIMB yêu cầu)",Giải ngân CIMB,GIAI_NGAN_CIMB,2026-06-25
7692635076926350,PGD 7767 chưa tồn tại hoặc là PGD chỉ dùng cho mượn chứng từ,7767,Chứng từ Vận hành hàng ngày,Phiếu thu,Nhận quỹ,,2026-06-25
6069590673700176970478,PGD 8244 chưa tồn tại hoặc là PGD chỉ dùng cho mượn chứng từ,8244,Chứng từ Ngân hàng hàng ngày,"Mục đích vốn (nếu có phát sinh bản giấy), Xác nhận người thụ hưởng không có TKNH với (HĐ vay 100 triệu), Chứng từ thu nhập + Năng lực tài chính (khi CIMB yêu cầu)",Giải ngân CIMB,GIAI_NGAN_CIMB,2026-06-25
6063627009400176970706,PGD 4114 chưa tồn tại hoặc là PGD chỉ dùng cho mượn chứng từ,4114,Chứng từ Ngân hàng hàng ngày,"Mục đích vốn (nếu có phát sinh bản giấy), Xác nhận người thụ hưởng không có TKNH với (HĐ vay 100 triệu), Chứng từ thu nhập + Năng lực tài chính (khi CIMB yêu cầu)",Giải ngân CIMB,GIAI_NGAN_CIMB,2026-06-25
6010772967276944676,Không map được loại chứng từ: HĐ ký gửi tài sản,4807,Chứng từ Vận hành hàng ngày,HĐ ký gửi tài sản,Đóng HĐCC chủ động,DONG_HDCC_CD,2026-06-25
7693225776932257,PGD 5244 chưa tồn tại hoặc là PGD chỉ dùng cho mượn chứng từ,5244,Chứng từ Vận hành hàng ngày,"Phiếu chi, Biên lai / Phiếu yêu cầu dịch vụ/ Giấy nộp tiền (theo từng đơn vị chuyển tiền)",Chuyển quỹ,,2026-06-25
5076376357176944502,Trùng parent_document_code trong nguồn Oracle,8905,Chứng từ Vận hành hàng ngày,"Giấy đề nghị, Phiếu chi giải ngân, Ủy quyền epay",Đóng HĐCC nợ xấu chủ động,DONG_HDCC_CDNX,2026-06-25
6068286618376942183,PGD 5244 chưa tồn tại hoặc là PGD chỉ dùng cho mượn chứng từ,5244,Chứng từ Vận hành hàng ngày,"Giấy đề nghị, Phiếu chi giải ngân",Đóng HĐCC chủ động,DONG_HDCC_CD,2026-06-25
6060918950576947861,PGD 5132 chưa tồn tại hoặc là PGD chỉ dùng cho mượn chứng từ,5132,Chứng từ Vận hành hàng ngày,Giấy đề nghị,Đóng HĐCC chủ động,DONG_HDCC_CD,2026-06-25
7693388876933888,PGD 2308 chưa tồn tại hoặc là PGD chỉ dùng cho mượn chứng từ,2308,Chứng từ Vận hành hàng ngày,"Phiếu chi, Biên lai / Phiếu yêu cầu dịch vụ/ Giấy nộp tiền (theo từng đơn vị chuyển tiền)",Chuyển quỹ,,2026-06-25
4039223552400476959909,Không map được loại chứng từ: Giấy đề nghị tái tục giấy nhận nợ,9201,Chứng từ Vận hành hàng ngày,Giấy đề nghị tái tục giấy nhận nợ,Đáo hạn,DONG_HD_DH,2026-06-25
6067709179276948346,PGD 5243 chưa tồn tại hoặc là PGD chỉ dùng cho mượn chứng từ,5243,Chứng từ Vận hành hàng ngày,"Giấy đề nghị, Phiếu chi giải ngân",Đóng HĐCC chủ động,DONG_HDCC_CD,2026-06-25
6069863204500176966900,PGD 1278 chưa tồn tại hoặc là PGD chỉ dùng cho mượn chứng từ,1278,Chứng từ Vận hành hàng ngày,"Phiếu yêu cầu miễn giảm (nếu có), Phiếu yêu cầu miễn giảm (nếu có)",Miễn giảm đóng HĐ,MIEN_GIAM_DONG_HD,2026-06-25
6065915354300176966970,PGD 2311 chưa tồn tại hoặc là PGD chỉ dùng cho mượn chứng từ,2311,Chứng từ Ngân hàng hàng ngày,"Mục đích vốn (nếu có phát sinh bản giấy), Xác nhận người thụ hưởng không có TKNH với (HĐ vay 100 triệu), Chứng từ thu nhập + Năng lực tài chính (khi CIMB yêu cầu)",Giải ngân CIMB,GIAI_NGAN_CIMB,2026-06-25
6034614049876939903,PGD 7827 chưa tồn tại hoặc là PGD chỉ dùng cho mượn chứng từ,7827,Chứng từ Vận hành hàng ngày,"Giấy đề nghị, Phiếu chi giải ngân, Ủy quyền epay",Đóng HĐCC chủ động,DONG_HDCC_CD,2026-06-25
6060114009900176971857,PGD 2312 chưa tồn tại hoặc là PGD chỉ dùng cho mượn chứng từ,2312,Chứng từ Ngân hàng hàng ngày,"Mục đích vốn (nếu có phát sinh bản giấy), Xác nhận người thụ hưởng không có TKNH với (HĐ vay 100 triệu), Chứng từ thu nhập + Năng lực tài chính (khi CIMB yêu cầu)",Giải ngân CIMB,GIAI_NGAN_CIMB,2026-06-25
1121377844276946931,Trùng parent_document_code trong nguồn Oracle,8904,Chứng từ Vận hành hàng ngày,"HDCC, Giấy đề nghị, Phiếu chi giải ngân",Đóng HĐCC nợ xấu chủ động,DONG_HDCC_CDNX,2026-06-25
3122878292876940951,Trùng parent_document_code trong nguồn Oracle,2066,Chứng từ Vận hành hàng ngày,"Giấy đề nghị, Phiếu chi giải ngân",Đóng HĐCC nợ xấu chủ động,DONG_HDCC_CDNX,2026-06-25
6068677139500176971920,PGD 2308 chưa tồn tại hoặc là PGD chỉ dùng cho mượn chứng từ,2308,Chứng từ Ngân hàng hàng ngày,"Mục đích vốn (nếu có phát sinh bản giấy), Xác nhận người thụ hưởng không có TKNH với (HĐ vay 100 triệu), Chứng từ thu nhập + Năng lực tài chính (khi CIMB yêu cầu)",Giải ngân CIMB,GIAI_NGAN_CIMB,2026-06-25
6030248568076942064,Không map được loại chứng từ: HĐ ký gửi tài sản,5123,Chứng từ Vận hành hàng ngày,HĐ ký gửi tài sản,Đóng HĐCC chủ động,DONG_HDCC_CD,2026-06-25
6065216474000176961994,PGD 8245 chưa tồn tại hoặc là PGD chỉ dùng cho mượn chứng từ,8245,Chứng từ Ngân hàng hàng ngày,"Mục đích vốn (nếu có phát sinh bản giấy), Xác nhận người thụ hưởng không có TKNH với (HĐ vay 100 triệu), Chứng từ thu nhập + Năng lực tài chính (khi CIMB yêu cầu)",Giải ngân CIMB,GIAI_NGAN_CIMB,2026-06-25
5018047138176939791,Trùng parent_document_code trong nguồn Oracle,4709,Chứng từ Vận hành hàng ngày,"BB tất toán/thanh lý, Phiếu thu đóng hợp đồng, Biên bản chấm dứt thỏa thuận sử dụng TS và hoàn trả TS",Đóng HĐCC nợ xấu chủ động,DONG_HDCC_CDNX,2026-06-25
7693279876932798,PGD 2305 chưa tồn tại hoặc là PGD chỉ dùng cho mượn chứng từ,2305,Chứng từ Vận hành hàng ngày,"Phiếu chi, Biên lai / Phiếu yêu cầu dịch vụ/ Giấy nộp tiền (theo từng đơn vị chuyển tiền)",Chuyển quỹ,,2026-06-25
6060586952300176961369,PGD 8516 chưa tồn tại hoặc là PGD chỉ dùng cho mượn chứng từ,8516,Chứng từ Ngân hàng hàng ngày,"Mục đích vốn (nếu có phát sinh bản giấy), Xác nhận người thụ hưởng không có TKNH với (HĐ vay 100 triệu), Chứng từ thu nhập + Năng lực tài chính (khi CIMB yêu cầu)",Giải ngân CIMB,GIAI_NGAN_CIMB,2026-06-25
6061651118700176961454,PGD 7827 chưa tồn tại hoặc là PGD chỉ dùng cho mượn chứng từ,7827,Chứng từ Ngân hàng hàng ngày,"Mục đích vốn (nếu có phát sinh bản giấy), Xác nhận người thụ hưởng không có TKNH với (HĐ vay 100 triệu), Chứng từ thu nhập + Năng lực tài chính (khi CIMB yêu cầu)",Giải ngân CIMB,GIAI_NGAN_CIMB,2026-06-25
6064425091400176969760,PGD 8631 chưa tồn tại hoặc là PGD chỉ dùng cho mượn chứng từ,8631,Chứng từ Ngân hàng hàng ngày,"Mục đích vốn (nếu có phát sinh bản giấy), Xác nhận người thụ hưởng không có TKNH với (HĐ vay 100 triệu), Chứng từ thu nhập + Năng lực tài chính (khi CIMB yêu cầu), Mục đích vốn (nếu có phát sinh bản giấy), Xác nhận người thụ hưởng không có TKNH với (HĐ vay 100 triệu), Chứng từ thu nhập + Năng lực tài chính (khi CIMB yêu cầu)",Giải ngân CIMB,GIAI_NGAN_CIMB,2026-06-25
6068171882500176972010,PGD 5132 chưa tồn tại hoặc là PGD chỉ dùng cho mượn chứng từ,5132,Chứng từ Ngân hàng hàng ngày,"Mục đích vốn (nếu có phát sinh bản giấy), Xác nhận người thụ hưởng không có TKNH với (HĐ vay 100 triệu), Chứng từ thu nhập + Năng lực tài chính (khi CIMB yêu cầu)",Giải ngân CIMB,GIAI_NGAN_CIMB,2026-06-25
5121578334776942389,Trùng parent_document_code trong nguồn Oracle,2040,Chứng từ Vận hành hàng ngày,"Giấy đề nghị, Phiếu chi giải ngân, Ủy quyền epay",Đóng HĐCC nợ xấu chủ động,DONG_HDCC_CDNX,2026-06-25
6069940574800176971483,PGD 2311 chưa tồn tại hoặc là PGD chỉ dùng cho mượn chứng từ,2311,Chứng từ Ngân hàng hàng ngày,"Mục đích vốn (nếu có phát sinh bản giấy), Xác nhận người thụ hưởng không có TKNH với (HĐ vay 100 triệu), Chứng từ thu nhập + Năng lực tài chính (khi CIMB yêu cầu)",Giải ngân CIMB,GIAI_NGAN_CIMB,2026-06-25
3080835728376967131,PGD 6219 chưa tồn tại hoặc là PGD chỉ dùng cho mượn chứng từ,6219,Chứng từ Vận hành hàng ngày,Phiếu thu đóng hợp đồng,Đóng hợp đồng nợ xấu chủ động,DONG_HD_CDNX,2026-06-25
7692879676928796,PGD 1284 chưa tồn tại hoặc là PGD chỉ dùng cho mượn chứng từ,1284,Chứng từ Vận hành hàng ngày,"Phiếu chi, Biên lai / Phiếu yêu cầu dịch vụ/ Giấy nộp tiền (theo từng đơn vị chuyển tiền)",Chuyển quỹ,,2026-06-25
6057522993900176968736,Không map được loại chứng từ: Giấy YCBH cho TSXM tổn thất toàn bộ (BSH1),7953,Chứng từ Vận hành hàng ngày,Giấy YCBH cho TSXM tổn thất toàn bộ (BSH1),Chuyển thanh lý HĐ CIMB trước mua nợ,CHUYEN_THANH_LY_TMN,2026-06-25
6060672879176926762,PGD 5738 chưa tồn tại hoặc là PGD chỉ dùng cho mượn chứng từ,5738,Chứng từ Vận hành hàng ngày,Phiếu thu,Thu tiền đặt cọc chip,,2026-06-25
5022998835376947651,Trùng parent_document_code trong nguồn Oracle,5545,Chứng từ Vận hành hàng ngày,"BB tất toán/thanh lý, Phiếu thu đóng hợp đồng, Biên bản chấm dứt thỏa thuận sử dụng TS và hoàn trả TS",Đóng HĐCC chủ động,DONG_HDCC_CD,2026-06-25
6048749224876939217,PGD 5244 chưa tồn tại hoặc là PGD chỉ dùng cho mượn chứng từ,5244,Chứng từ Vận hành hàng ngày,"Giấy đề nghị, Phiếu chi giải ngân",Đóng HĐCC chủ động,DONG_HDCC_CD,2026-06-25
7692899576928995,PGD 8244 chưa tồn tại hoặc là PGD chỉ dùng cho mượn chứng từ,8244,Chứng từ Vận hành hàng ngày,"Phiếu chi, Biên lai / Phiếu yêu cầu dịch vụ/ Giấy nộp tiền (theo từng đơn vị chuyển tiền)",Chuyển quỹ,,2026-06-25
6061121235600176960147,PGD 5132 chưa tồn tại hoặc là PGD chỉ dùng cho mượn chứng từ,5132,Chứng từ Ngân hàng hàng ngày,"Mục đích vốn (nếu có phát sinh bản giấy), Xác nhận người thụ hưởng không có TKNH với (HĐ vay 100 triệu), Chứng từ thu nhập + Năng lực tài chính (khi CIMB yêu cầu)",Giải ngân CIMB,GIAI_NGAN_CIMB,2026-06-25
6068645107400176969507,PGD 1287 chưa tồn tại hoặc là PGD chỉ dùng cho mượn chứng từ,1287,Chứng từ Ngân hàng hàng ngày,"Mục đích vốn (nếu có phát sinh bản giấy), Xác nhận người thụ hưởng không có TKNH với (HĐ vay 100 triệu), Chứng từ thu nhập + Năng lực tài chính (khi CIMB yêu cầu)",Giải ngân CIMB,GIAI_NGAN_CIMB,2026-06-25
6066691675400176962544,PGD 4114 chưa tồn tại hoặc là PGD chỉ dùng cho mượn chứng từ,4114,Chứng từ Ngân hàng hàng ngày,"Mục đích vốn (nếu có phát sinh bản giấy), Xác nhận người thụ hưởng không có TKNH với (HĐ vay 100 triệu), Chứng từ thu nhập + Năng lực tài chính (khi CIMB yêu cầu)",Giải ngân CIMB,GIAI_NGAN_CIMB,2026-06-25
6064205642700176963061,PGD 2311 chưa tồn tại hoặc là PGD chỉ dùng cho mượn chứng từ,2311,Chứng từ Ngân hàng hàng ngày,"Mục đích vốn (nếu có phát sinh bản giấy), Xác nhận người thụ hưởng không có TKNH với (HĐ vay 100 triệu), Chứng từ thu nhập + Năng lực tài chính (khi CIMB yêu cầu)",Giải ngân CIMB,GIAI_NGAN_CIMB,2026-06-25
4085654785776941105,Trùng parent_document_code trong nguồn Oracle,8622,Chứng từ Vận hành hàng ngày,"Giấy đề nghị, Phiếu chi giải ngân",Đóng HĐCC nợ xấu chủ động,DONG_HDCC_CDNX,2026-06-25
5044611408276940003,Trùng parent_document_code trong nguồn Oracle,4805,Chứng từ Vận hành hàng ngày,"Giấy đề nghị, Phiếu chi giải ngân",Đóng HĐCC chủ động,DONG_HDCC_CD,2026-06-25
6044774468076946732,PGD 6219 chưa tồn tại hoặc là PGD chỉ dùng cho mượn chứng từ,6219,Chứng từ Vận hành hàng ngày,"Giấy đề nghị, Phiếu chi giải ngân",Đóng HĐCC chủ động,DONG_HDCC_CD,2026-06-25
6065845291576942768,PGD 8244 chưa tồn tại hoặc là PGD chỉ dùng cho mượn chứng từ,8244,Chứng từ Vận hành hàng ngày,Giấy đề nghị,Đóng HĐCC chủ động,DONG_HDCC_CD,2026-06-25
4024624343376944475,Trùng parent_document_code trong nguồn Oracle,4205,Chứng từ Vận hành hàng ngày,"Giấy đề nghị, Phiếu chi giải ngân",Đóng HĐCC chủ động,DONG_HDCC_CD,2026-06-25
5110888249176942462,Trùng parent_document_code trong nguồn Oracle,9019,Chứng từ Vận hành hàng ngày,"BB tất toán/thanh lý, Phiếu thu đóng hợp đồng, Biên bản chấm dứt thỏa thuận sử dụng TS và hoàn trả TS",Đóng HĐCC nợ xấu chủ động,DONG_HDCC_CDNX,2026-06-25
6065845291576942758,PGD 8244 chưa tồn tại hoặc là PGD chỉ dùng cho mượn chứng từ,8244,Chứng từ Vận hành hàng ngày,"Giấy đề nghị, Phiếu chi giải ngân, Ủy quyền epay",Đóng HĐCC chủ động,DONG_HDCC_CD,2026-06-25
6035246312676948317,Trùng parent_document_code trong nguồn Oracle,4727,Chứng từ Vận hành hàng ngày,"Giấy đề nghị, Phiếu chi giải ngân",Đóng HĐCC chủ động,DONG_HDCC_CD,2026-06-25
2076630856076943727,Trùng parent_document_code trong nguồn Oracle,1006,Chứng từ Vận hành hàng ngày,"HDCC, Giấy đề nghị, Phiếu chi giải ngân",Đóng HĐCC nợ xấu chủ động,DONG_HDCC_CDNX,2026-06-25
7692594376925943,PGD 7767 chưa tồn tại hoặc là PGD chỉ dùng cho mượn chứng từ,7767,Chứng từ Vận hành hàng ngày,"Phiếu chi, Biên lai / Phiếu yêu cầu dịch vụ/ Giấy nộp tiền (theo từng đơn vị chuyển tiền)",Chuyển quỹ,,2026-06-25
7693536776935367,PGD 8631 chưa tồn tại hoặc là PGD chỉ dùng cho mượn chứng từ,8631,Chứng từ Vận hành hàng ngày,"Phiếu chi, Biên lai / Phiếu yêu cầu dịch vụ/ Giấy nộp tiền (theo từng đơn vị chuyển tiền)",Chuyển quỹ,,2026-06-25
6030026142700377004667,PGD 2302 chưa tồn tại hoặc là PGD chỉ dùng cho mượn chứng từ,2302,Chứng từ Ngân hàng hàng ngày,"Mục đích vốn (nếu có phát sinh bản giấy), Xác nhận người thụ hưởng không có TKNH với (HĐ vay 100 triệu), Chứng từ thu nhập + Năng lực tài chính (khi CIMB yêu cầu)",Giải ngân CIMB,GIAI_NGAN_CIMB,2026-06-26
7698972476989724,PGD 1283 chưa tồn tại hoặc là PGD chỉ dùng cho mượn chứng từ,1283,Chứng từ Vận hành hàng ngày,"Phiếu chi, Biên lai / Phiếu yêu cầu dịch vụ/ Giấy nộp tiền (theo từng đơn vị chuyển tiền)",Chuyển quỹ,,2026-06-26
6040779104400177018591,PGD 2311 chưa tồn tại hoặc là PGD chỉ dùng cho mượn chứng từ,2311,Chứng từ Vận hành hàng ngày,Phiếu thu đóng hợp đồng,Đóng hợp đồng chủ động,DONG_HD_CD,2026-06-26
7697947276979472,PGD 2311 chưa tồn tại hoặc là PGD chỉ dùng cho mượn chứng từ,2311,Chứng từ Vận hành hàng ngày,Phiếu chi,Rút tiền dư từ CIF,RUT_TIEN_DU_KH,2026-06-26
3121658634200477012573,Không map được loại chứng từ: Giấy đề nghị tái tục giấy nhận nợ,9302,Chứng từ Vận hành hàng ngày,Giấy đề nghị tái tục giấy nhận nợ,Đáo hạn,DONG_HD_DH,2026-06-26
7698228876982288,PGD 5435 chưa tồn tại hoặc là PGD chỉ dùng cho mượn chứng từ,5435,Chứng từ Vận hành hàng ngày,"Phiếu chi, Biên lai / Phiếu yêu cầu dịch vụ/ Giấy nộp tiền (theo từng đơn vị chuyển tiền)",Chuyển quỹ,,2026-06-26
6040779104477002434,PGD 2311 chưa tồn tại hoặc là PGD chỉ dùng cho mượn chứng từ,2311,Chứng từ Vận hành hàng ngày,"BB tất toán/thanh lý, Phiếu thu đóng hợp đồng, Biên bản chấm dứt thỏa thuận sử dụng TS và hoàn trả TS, Giấy đề nghị",Đóng HĐCC chủ động,DONG_HDCC_CD,2026-06-26
7699261476992614,PGD 5244 chưa tồn tại hoặc là PGD chỉ dùng cho mượn chứng từ,5244,Chứng từ Vận hành hàng ngày,"Phiếu chi, Biên lai / Phiếu yêu cầu dịch vụ/ Giấy nộp tiền (theo từng đơn vị chuyển tiền)",Chuyển quỹ,,2026-06-26
6025843118276993152,PGD 1283 chưa tồn tại hoặc là PGD chỉ dùng cho mượn chứng từ,1283,Chứng từ Vận hành hàng ngày,Giấy đề nghị,Đóng HĐCC chủ động,DONG_HDCC_CD,2026-06-26
6062192170400177013541,PGD 8244 chưa tồn tại hoặc là PGD chỉ dùng cho mượn chứng từ,8244,Chứng từ Ngân hàng hàng ngày,"Mục đích vốn (nếu có phát sinh bản giấy), Xác nhận người thụ hưởng không có TKNH với (HĐ vay 100 triệu), Chứng từ thu nhập + Năng lực tài chính (khi CIMB yêu cầu)",Giải ngân CIMB,GIAI_NGAN_CIMB,2026-06-26
6067879945700177018827,PGD 2310 chưa tồn tại hoặc là PGD chỉ dùng cho mượn chứng từ,2310,Chứng từ Ngân hàng hàng ngày,"Mục đích vốn (nếu có phát sinh bản giấy), Xác nhận người thụ hưởng không có TKNH với (HĐ vay 100 triệu), Chứng từ thu nhập + Năng lực tài chính (khi CIMB yêu cầu)",Giải ngân CIMB,GIAI_NGAN_CIMB,2026-06-26
5121009470576992059,PGD 2304 chưa tồn tại hoặc là PGD chỉ dùng cho mượn chứng từ,2304,Chứng từ Vận hành hàng ngày,"Giấy đề nghị, Phiếu chi giải ngân, Ủy quyền epay",Đóng HĐCC chủ động,DONG_HDCC_CD,2026-06-26
6069444530700177015928,PGD 2308 chưa tồn tại hoặc là PGD chỉ dùng cho mượn chứng từ,2308,Chứng từ Ngân hàng hàng ngày,"Mục đích vốn (nếu có phát sinh bản giấy), Xác nhận người thụ hưởng không có TKNH với (HĐ vay 100 triệu), Chứng từ thu nhập + Năng lực tài chính (khi CIMB yêu cầu)",Giải ngân CIMB,GIAI_NGAN_CIMB,2026-06-26
7699538376995383,PGD 2308 chưa tồn tại hoặc là PGD chỉ dùng cho mượn chứng từ,2308,Chứng từ Vận hành hàng ngày,"Phiếu chi, Biên lai / Phiếu yêu cầu dịch vụ/ Giấy nộp tiền (theo từng đơn vị chuyển tiền)",Chuyển quỹ,,2026-06-26
6063155627876997381,PGD 1283 chưa tồn tại hoặc là PGD chỉ dùng cho mượn chứng từ,1283,Chứng từ Vận hành hàng ngày,"Giấy đề nghị, Bản cam kết TS riêng, Phiếu chi giải ngân, HĐUQ bản F88 in",Đóng HĐCC chủ động,DONG_HDCC_CD,2026-06-26
5062832091876985997,Trùng parent_document_code trong nguồn Oracle,5733,Chứng từ Vận hành hàng ngày,"BB tất toán/thanh lý, Phiếu thu đóng hợp đồng, Biên bản chấm dứt thỏa thuận sử dụng TS và hoàn trả TS",Đóng HĐCC chủ động,DONG_HDCC_CD,2026-06-26
6066847282776992311,Không map được loại chứng từ: HĐ ký gửi tài sản,6217,Chứng từ Vận hành hàng ngày,HĐ ký gửi tài sản,Đóng HĐCC chủ động,DONG_HDCC_CD,2026-06-26
6066847282776992316,Không map được loại chứng từ: HĐ ký gửi tài sản,6217,Chứng từ Vận hành hàng ngày,HĐ ký gửi tài sản,Đóng HĐCC chủ động,DONG_HDCC_CD,2026-06-26
7699841576998415,PGD 2308 chưa tồn tại hoặc là PGD chỉ dùng cho mượn chứng từ,2308,Chứng từ Vận hành hàng ngày,"Phiếu chi, Biên lai / Phiếu yêu cầu dịch vụ/ Giấy nộp tiền (theo từng đơn vị chuyển tiền)",Chuyển quỹ,,2026-06-26
5047987394277001389,Không map được loại chứng từ: HĐ ký gửi tài sản,2272,Chứng từ Vận hành hàng ngày,HĐ ký gửi tài sản,Đóng HĐCC chủ động,DONG_HDCC_CD,2026-06-26
7699278276992782,PGD 8245 chưa tồn tại hoặc là PGD chỉ dùng cho mượn chứng từ,8245,Chứng từ Vận hành hàng ngày,"Phiếu chi, Biên lai / Phiếu yêu cầu dịch vụ/ Giấy nộp tiền (theo từng đơn vị chuyển tiền)",Chuyển quỹ,,2026-06-26
6069166248500177004519,PGD 8245 chưa tồn tại hoặc là PGD chỉ dùng cho mượn chứng từ,8245,Chứng từ Ngân hàng hàng ngày,"Mục đích vốn (nếu có phát sinh bản giấy), Xác nhận người thụ hưởng không có TKNH với (HĐ vay 100 triệu), Chứng từ thu nhập + Năng lực tài chính (khi CIMB yêu cầu)",Giải ngân CIMB,GIAI_NGAN_CIMB,2026-06-26
5073079600400177018727,PGD 8631 chưa tồn tại hoặc là PGD chỉ dùng cho mượn chứng từ,8631,Chứng từ Vận hành hàng ngày,Phiếu thu đóng hợp đồng,Đóng hợp đồng nợ xấu chủ động,DONG_HD_CDNX,2026-06-26
6068599019000177010866,Không map được loại chứng từ: Mục đích sử dụng vốn cho khoản vay trên 100 triệu (MB yêu cầu),4614,Chứng từ Ngân hàng hàng ngày,Mục đích sử dụng vốn cho khoản vay trên 100 triệu (MB yêu cầu),Giải ngân MB,GIAI_NGAN_MB,2026-06-26
5085154845000177019514,Không map được loại chứng từ: Giấy đề nghị tái tục giấy nhận nợ,9201,Chứng từ Vận hành hàng ngày,Giấy đề nghị tái tục giấy nhận nợ,Đáo hạn,DONG_HD_DH,2026-06-26
6056338998076992204,PGD 1283 chưa tồn tại hoặc là PGD chỉ dùng cho mượn chứng từ,1283,Chứng từ Vận hành hàng ngày,"Giấy đề nghị, Bản cam kết TS riêng, Phiếu chi giải ngân, HĐUQ bản F88 in",Đóng HĐCC chủ động,DONG_HDCC_CD,2026-06-26
6067123194100177017989,PGD 5132 chưa tồn tại hoặc là PGD chỉ dùng cho mượn chứng từ,5132,Chứng từ Ngân hàng hàng ngày,"Mục đích vốn (nếu có phát sinh bản giấy), Xác nhận người thụ hưởng không có TKNH với (HĐ vay 100 triệu), Chứng từ thu nhập + Năng lực tài chính (khi CIMB yêu cầu)",Giải ngân CIMB,GIAI_NGAN_CIMB,2026-06-26
7699151076991510,PGD 5245 chưa tồn tại hoặc là PGD chỉ dùng cho mượn chứng từ,5245,Chứng từ Vận hành hàng ngày,"Phiếu chi, Biên lai / Phiếu yêu cầu dịch vụ/ Giấy nộp tiền (theo từng đơn vị chuyển tiền)",Chuyển quỹ,,2026-06-26
5040818262677001607,Không map được loại chứng từ: HĐ ký gửi tài sản,6102,Chứng từ Vận hành hàng ngày,HĐ ký gửi tài sản,Đóng HĐCC chủ động,DONG_HDCC_CD,2026-06-26
6035341897676996121,PGD 8245 chưa tồn tại hoặc là PGD chỉ dùng cho mượn chứng từ,8245,Chứng từ Vận hành hàng ngày,Giấy đề nghị,Đóng HĐCC chủ động,DONG_HDCC_CD,2026-06-26
6062631833900177019331,PGD 8245 chưa tồn tại hoặc là PGD chỉ dùng cho mượn chứng từ,8245,Chứng từ Ngân hàng hàng ngày,"Mục đích vốn (nếu có phát sinh bản giấy), Xác nhận người thụ hưởng không có TKNH với (HĐ vay 100 triệu), Chứng từ thu nhập + Năng lực tài chính (khi CIMB yêu cầu)",Giải ngân CIMB,GIAI_NGAN_CIMB,2026-06-26
6066056965300177019533,PGD 8631 chưa tồn tại hoặc là PGD chỉ dùng cho mượn chứng từ,8631,Chứng từ Ngân hàng hàng ngày,"Mục đích vốn (nếu có phát sinh bản giấy), Xác nhận người thụ hưởng không có TKNH với (HĐ vay 100 triệu), Chứng từ thu nhập + Năng lực tài chính (khi CIMB yêu cầu)",Giải ngân CIMB,GIAI_NGAN_CIMB,2026-06-26
6061383860200177011830,PGD 4114 chưa tồn tại hoặc là PGD chỉ dùng cho mượn chứng từ,4114,Chứng từ Ngân hàng hàng ngày,"Mục đích vốn (nếu có phát sinh bản giấy), Xác nhận người thụ hưởng không có TKNH với (HĐ vay 100 triệu), Chứng từ thu nhập + Năng lực tài chính (khi CIMB yêu cầu)",Giải ngân CIMB,GIAI_NGAN_CIMB,2026-06-26
6060411766900177018640,PGD 7968 chưa tồn tại hoặc là PGD chỉ dùng cho mượn chứng từ,7968,Chứng từ Ngân hàng hàng ngày,"Mục đích vốn (nếu có phát sinh bản giấy), Xác nhận người thụ hưởng không có TKNH với (HĐ vay 100 triệu), Chứng từ thu nhập + Năng lực tài chính (khi CIMB yêu cầu)",Giải ngân CIMB,GIAI_NGAN_CIMB,2026-06-26
5073079600400177018725,PGD 8631 chưa tồn tại hoặc là PGD chỉ dùng cho mượn chứng từ,8631,Chứng từ Vận hành hàng ngày,"Phiếu yêu cầu miễn giảm (nếu có), Phiếu yêu cầu miễn giảm (nếu có)",Miễn giảm đóng HĐ,MIEN_GIAM_DONG_HD,2026-06-26
2064142943576991559,PGD 1082 chưa tồn tại hoặc là PGD chỉ dùng cho mượn chứng từ,1082,Chứng từ Vận hành hàng ngày,"HDCC, Giấy đề nghị, Phiếu chi giải ngân",Đóng HĐCC nợ xấu chủ động,DONG_HDCC_CDNX,2026-06-26
6065915354300177012958,PGD 2311 chưa tồn tại hoặc là PGD chỉ dùng cho mượn chứng từ,2311,Chứng từ Ngân hàng hàng ngày,"Mục đích vốn (nếu có phát sinh bản giấy), Xác nhận người thụ hưởng không có TKNH với (HĐ vay 100 triệu), Chứng từ thu nhập + Năng lực tài chính (khi CIMB yêu cầu), Mục đích vốn (nếu có phát sinh bản giấy), Xác nhận người thụ hưởng không có TKNH với (HĐ vay 100 triệu), Chứng từ thu nhập + Năng lực tài chính (khi CIMB yêu cầu)",Giải ngân CIMB,GIAI_NGAN_CIMB,2026-06-26
7698939676989396,PGD 2312 chưa tồn tại hoặc là PGD chỉ dùng cho mượn chứng từ,2312,Chứng từ Vận hành hàng ngày,Phiếu thu,Nhận quỹ,,2026-06-26
7698944776989447,PGD 8136 chưa tồn tại hoặc là PGD chỉ dùng cho mượn chứng từ,8136,Chứng từ Vận hành hàng ngày,"Phiếu chi, Biên lai / Phiếu yêu cầu dịch vụ/ Giấy nộp tiền (theo từng đơn vị chuyển tiền)",Chuyển quỹ,,2026-06-26
5080270570776994522,Trùng parent_document_code trong nguồn Oracle,5535,Chứng từ Vận hành hàng ngày,"BB tất toán/thanh lý, Phiếu thu đóng hợp đồng, Biên bản chấm dứt thỏa thuận sử dụng TS và hoàn trả TS",Đóng HĐCC chủ động,DONG_HDCC_CD,2026-06-26
7699961576999615,PGD 5737 chưa tồn tại hoặc là PGD chỉ dùng cho mượn chứng từ,5737,Chứng từ Vận hành hàng ngày,"Phiếu chi, Biên lai / Phiếu yêu cầu dịch vụ/ Giấy nộp tiền (theo từng đơn vị chuyển tiền)",Chuyển quỹ,,2026-06-26
5093727960476997971,Không map được loại chứng từ: HĐ ký gửi tài sản,1046,Chứng từ Vận hành hàng ngày,HĐ ký gửi tài sản,Đóng HĐCC chủ động,DONG_HDCC_CD,2026-06-26
6064270865276998004,PGD 6219 chưa tồn tại hoặc là PGD chỉ dùng cho mượn chứng từ,6219,Chứng từ Vận hành hàng ngày,"Giấy đề nghị, Phiếu chi giải ngân",Đóng HĐCC chủ động,DONG_HDCC_CD,2026-06-26
5110112083900177015996,Không map được loại chứng từ: Giấy đề nghị tái tục giấy nhận nợ,9201,Chứng từ Vận hành hàng ngày,Giấy đề nghị tái tục giấy nhận nợ,Đáo hạn,DONG_HD_DH,2026-06-26
6049291129976993464,PGD 1286 chưa tồn tại hoặc là PGD chỉ dùng cho mượn chứng từ,1286,Chứng từ Vận hành hàng ngày,"Giấy đề nghị, Phiếu chi giải ngân, Ủy quyền epay",Đóng HĐCC chủ động,DONG_HDCC_CD,2026-06-26
6062134138800177011579,PGD 4114 chưa tồn tại hoặc là PGD chỉ dùng cho mượn chứng từ,4114,Chứng từ Ngân hàng hàng ngày,"Mục đích vốn (nếu có phát sinh bản giấy), Xác nhận người thụ hưởng không có TKNH với (HĐ vay 100 triệu), Chứng từ thu nhập + Năng lực tài chính (khi CIMB yêu cầu)",Giải ngân CIMB,GIAI_NGAN_CIMB,2026-06-26
5093727960476997981,Không map được loại chứng từ: HĐ ký gửi tài sản,1046,Chứng từ Vận hành hàng ngày,HĐ ký gửi tài sản,Đóng HĐCC chủ động,DONG_HDCC_CD,2026-06-26
6067148794600177012485,PGD 8631 chưa tồn tại hoặc là PGD chỉ dùng cho mượn chứng từ,8631,Chứng từ Ngân hàng hàng ngày,"Mục đích vốn (nếu có phát sinh bản giấy), Xác nhận người thụ hưởng không có TKNH với (HĐ vay 100 triệu), Chứng từ thu nhập + Năng lực tài chính (khi CIMB yêu cầu)",Giải ngân CIMB,GIAI_NGAN_CIMB,2026-06-26
6069126157000177011647,PGD 8025 chưa tồn tại hoặc là PGD chỉ dùng cho mượn chứng từ,8025,Chứng từ Ngân hàng hàng ngày,"Mục đích vốn (nếu có phát sinh bản giấy), Xác nhận người thụ hưởng không có TKNH với (HĐ vay 100 triệu), Chứng từ thu nhập + Năng lực tài chính (khi CIMB yêu cầu)",Giải ngân CIMB,GIAI_NGAN_CIMB,2026-06-26
6062987577300177015137,PGD 2305 chưa tồn tại hoặc là PGD chỉ dùng cho mượn chứng từ,2305,Chứng từ Ngân hàng hàng ngày,"Mục đích vốn (nếu có phát sinh bản giấy), Xác nhận người thụ hưởng không có TKNH với (HĐ vay 100 triệu), Chứng từ thu nhập + Năng lực tài chính (khi CIMB yêu cầu)",Giải ngân CIMB,GIAI_NGAN_CIMB,2026-06-26
3124768047000477013576,Không map được loại chứng từ: Giấy đề nghị tái tục giấy nhận nợ,9108,Chứng từ Vận hành hàng ngày,Giấy đề nghị tái tục giấy nhận nợ,Đáo hạn,DONG_HD_DH,2026-06-26
6035341897676996114,PGD 8245 chưa tồn tại hoặc là PGD chỉ dùng cho mượn chứng từ,8245,Chứng từ Vận hành hàng ngày,"Giấy đề nghị, Phiếu chi giải ngân, Ủy quyền epay",Đóng HĐCC chủ động,DONG_HDCC_CD,2026-06-26
6056338998076989983,PGD 1283 chưa tồn tại hoặc là PGD chỉ dùng cho mượn chứng từ,1283,Chứng từ Vận hành hàng ngày,Phiếu chi,Chi tiền hoàn cọc chip,,2026-06-26
6025843118276993143,PGD 1283 chưa tồn tại hoặc là PGD chỉ dùng cho mượn chứng từ,1283,Chứng từ Vận hành hàng ngày,"Giấy đề nghị, Phiếu chi giải ngân, Ủy quyền epay",Đóng HĐCC chủ động,DONG_HDCC_CD,2026-06-26
6040779104477002429,PGD 2311 chưa tồn tại hoặc là PGD chỉ dùng cho mượn chứng từ,2311,Chứng từ Vận hành hàng ngày,"Giấy đề nghị, Phiếu chi giải ngân, Ủy quyền epay",Đóng HĐCC chủ động,DONG_HDCC_CD,2026-06-26
6067591151100177012421,PGD 8136 chưa tồn tại hoặc là PGD chỉ dùng cho mượn chứng từ,8136,Chứng từ Ngân hàng hàng ngày,"Mục đích vốn (nếu có phát sinh bản giấy), Xác nhận người thụ hưởng không có TKNH với (HĐ vay 100 triệu), Chứng từ thu nhập + Năng lực tài chính (khi CIMB yêu cầu)",Giải ngân CIMB,GIAI_NGAN_CIMB,2026-06-26
6063155627800177014643,PGD 1283 chưa tồn tại hoặc là PGD chỉ dùng cho mượn chứng từ,1283,Chứng từ Vận hành hàng ngày,Phiếu thu đóng hợp đồng,Đóng hợp đồng chủ động,DONG_HD_CD,2026-06-26
3128860558000377016041,Không map được loại chứng từ: Giấy đề nghị tái tục giấy nhận nợ,7910,Chứng từ Vận hành hàng ngày,Giấy đề nghị tái tục giấy nhận nợ,Đáo hạn,DONG_HD_DH,2026-06-26
6068294712900177016113,PGD 7827 chưa tồn tại hoặc là PGD chỉ dùng cho mượn chứng từ,7827,Chứng từ Ngân hàng hàng ngày,"Mục đích vốn (nếu có phát sinh bản giấy), Xác nhận người thụ hưởng không có TKNH với (HĐ vay 100 triệu), Chứng từ thu nhập + Năng lực tài chính (khi CIMB yêu cầu)",Giải ngân CIMB,GIAI_NGAN_CIMB,2026-06-26
6049291129976993474,PGD 1286 chưa tồn tại hoặc là PGD chỉ dùng cho mượn chứng từ,1286,Chứng từ Vận hành hàng ngày,Giấy đề nghị,Đóng HĐCC chủ động,DONG_HDCC_CD,2026-06-26
5023346975676998118,Trùng parent_document_code trong nguồn Oracle,9201,Chứng từ Vận hành hàng ngày,"BB tất toán/thanh lý, Phiếu thu đóng hợp đồng, Biên bản chấm dứt thỏa thuận sử dụng TS và hoàn trả TS",Đóng HĐCC nợ xấu chủ động,DONG_HDCC_CDNX,2026-06-26
7698574476985744,PGD 2309 chưa tồn tại hoặc là PGD chỉ dùng cho mượn chứng từ,2309,Chứng từ Vận hành hàng ngày,"Phiếu chi, Biên lai / Phiếu yêu cầu dịch vụ/ Giấy nộp tiền (theo từng đơn vị chuyển tiền)",Chuyển quỹ,,2026-06-26
6062036977100177017313,PGD 8136 chưa tồn tại hoặc là PGD chỉ dùng cho mượn chứng từ,8136,Chứng từ Ngân hàng hàng ngày,"Mục đích vốn (nếu có phát sinh bản giấy), Xác nhận người thụ hưởng không có TKNH với (HĐ vay 100 triệu), Chứng từ thu nhập + Năng lực tài chính (khi CIMB yêu cầu)",Giải ngân CIMB,GIAI_NGAN_CIMB,2026-06-26
6067700371300177017990,PGD 7827 chưa tồn tại hoặc là PGD chỉ dùng cho mượn chứng từ,7827,Chứng từ Ngân hàng hàng ngày,"Mục đích vốn (nếu có phát sinh bản giấy), Xác nhận người thụ hưởng không có TKNH với (HĐ vay 100 triệu), Chứng từ thu nhập + Năng lực tài chính (khi CIMB yêu cầu)",Giải ngân CIMB,GIAI_NGAN_CIMB,2026-06-26
6067242607300177018383,PGD 1286 chưa tồn tại hoặc là PGD chỉ dùng cho mượn chứng từ,1286,Chứng từ Ngân hàng hàng ngày,"Mục đích vốn (nếu có phát sinh bản giấy), Xác nhận người thụ hưởng không có TKNH với (HĐ vay 100 triệu), Chứng từ thu nhập + Năng lực tài chính (khi CIMB yêu cầu)",Giải ngân CIMB,GIAI_NGAN_CIMB,2026-06-26
6068746236700177014391,PGD 2306 chưa tồn tại hoặc là PGD chỉ dùng cho mượn chứng từ,2306,Chứng từ Ngân hàng hàng ngày,"Mục đích vốn (nếu có phát sinh bản giấy), Xác nhận người thụ hưởng không có TKNH với (HĐ vay 100 triệu), Chứng từ thu nhập + Năng lực tài chính (khi CIMB yêu cầu)",Giải ngân CIMB,GIAI_NGAN_CIMB,2026-06-26
6056809748876999473,Trùng parent_document_code trong nguồn Oracle,4517,Chứng từ Vận hành hàng ngày,"Giấy đề nghị, Phiếu chi giải ngân",Đóng HĐCC chủ động,DONG_HDCC_CD,2026-06-26
6067983252200177018097,PGD 2304 chưa tồn tại hoặc là PGD chỉ dùng cho mượn chứng từ,2304,Chứng từ Ngân hàng hàng ngày,"Mục đích vốn (nếu có phát sinh bản giấy), Xác nhận người thụ hưởng không có TKNH với (HĐ vay 100 triệu), Chứng từ thu nhập + Năng lực tài chính (khi CIMB yêu cầu)",Giải ngân CIMB,GIAI_NGAN_CIMB,2026-06-26
5047987394277001367,Không map được loại chứng từ: HĐ ký gửi tài sản,2272,Chứng từ Vận hành hàng ngày,HĐ ký gửi tài sản,Đóng HĐCC chủ động,DONG_HDCC_CD,2026-06-26
5111403643876998329,Trùng parent_document_code trong nguồn Oracle,7753,Chứng từ Vận hành hàng ngày,"Giấy đề nghị, Phiếu chi giải ngân, Ủy quyền epay",Đóng HĐCC nợ xấu chủ động,DONG_HDCC_CDNX,2026-06-26
5089043302476990018,Trùng parent_document_code trong nguồn Oracle,1048,Chứng từ Vận hành hàng ngày,"Giấy đề nghị, Phiếu chi giải ngân",Đóng HĐCC nợ xấu chủ động,DONG_HDCC_CDNX,2026-06-26
6067690682600177010997,PGD 7767 chưa tồn tại hoặc là PGD chỉ dùng cho mượn chứng từ,7767,Chứng từ Ngân hàng hàng ngày,"Mục đích vốn (nếu có phát sinh bản giấy), Xác nhận người thụ hưởng không có TKNH với (HĐ vay 100 triệu), Chứng từ thu nhập + Năng lực tài chính (khi CIMB yêu cầu)",Giải ngân CIMB,GIAI_NGAN_CIMB,2026-06-26
6063420444400177015622,PGD 2312 chưa tồn tại hoặc là PGD chỉ dùng cho mượn chứng từ,2312,Chứng từ Ngân hàng hàng ngày,"Mục đích vốn (nếu có phát sinh bản giấy), Xác nhận người thụ hưởng không có TKNH với (HĐ vay 100 triệu), Chứng từ thu nhập + Năng lực tài chính (khi CIMB yêu cầu)",Giải ngân CIMB,GIAI_NGAN_CIMB,2026-06-26
5121009470576992180,PGD 2304 chưa tồn tại hoặc là PGD chỉ dùng cho mượn chứng từ,2304,Chứng từ Vận hành hàng ngày,Giấy đề nghị,Đóng HĐCC chủ động,DONG_HDCC_CD,2026-06-26
6068130191076988343,PGD 5737 chưa tồn tại hoặc là PGD chỉ dùng cho mượn chứng từ,5737,Chứng từ Vận hành hàng ngày,"Giấy đề nghị, Phiếu chi giải ngân",Đóng HĐCC chủ động,DONG_HDCC_CD,2026-06-26
7698941776989417,PGD 2312 chưa tồn tại hoặc là PGD chỉ dùng cho mượn chứng từ,2312,Chứng từ Vận hành hàng ngày,Phiếu thu,Nhận quỹ,,2026-06-26
4124959509977001290,Trùng parent_document_code trong nguồn Oracle,5640,Chứng từ Vận hành hàng ngày,"BB tất toán/thanh lý, Phiếu thu đóng hợp đồng, Biên bản chấm dứt thỏa thuận sử dụng TS và hoàn trả TS",Đóng HĐCC nợ xấu chủ động,DONG_HDCC_CDNX,2026-06-26
6061442641600177009931,PGD 2303 chưa tồn tại hoặc là PGD chỉ dùng cho mượn chứng từ,2303,Chứng từ Ngân hàng hàng ngày,"Mục đích vốn (nếu có phát sinh bản giấy), Xác nhận người thụ hưởng không có TKNH với (HĐ vay 100 triệu), Chứng từ thu nhập + Năng lực tài chính (khi CIMB yêu cầu)",Giải ngân CIMB,GIAI_NGAN_CIMB,2026-06-26
5075822325277001634,Trùng parent_document_code trong nguồn Oracle,7962,Chứng từ Vận hành hàng ngày,"Giấy đề nghị, Phiếu chi giải ngân, Ủy quyền epay",Đóng HĐCC chủ động,DONG_HDCC_CD,2026-06-26
5087309719176987532,Trùng parent_document_code trong nguồn Oracle,9203,Chứng từ Vận hành hàng ngày,"BB tất toán/thanh lý, Phiếu thu đóng hợp đồng, Biên bản chấm dứt thỏa thuận sử dụng TS và hoàn trả TS",Đóng HĐCC nợ xấu chủ động,DONG_HDCC_CDNX,2026-06-26
4055237450076987822,Trùng parent_document_code trong nguồn Oracle,2058,Chứng từ Vận hành hàng ngày,"Giấy đề nghị, Phiếu chi giải ngân",Đóng HĐCC nợ xấu chủ động,DONG_HDCC_CDNX,2026-06-26
6062353549700177006430,PGD 1285 chưa tồn tại hoặc là PGD chỉ dùng cho mượn chứng từ,1285,Chứng từ Ngân hàng hàng ngày,"Mục đích vốn (nếu có phát sinh bản giấy), Xác nhận người thụ hưởng không có TKNH với (HĐ vay 100 triệu), Chứng từ thu nhập + Năng lực tài chính (khi CIMB yêu cầu)",Giải ngân CIMB,GIAI_NGAN_CIMB,2026-06-26
4026540953000277015139,Không map được loại chứng từ: Giấy đề nghị tái tục giấy nhận nợ,9202,Chứng từ Vận hành hàng ngày,Giấy đề nghị tái tục giấy nhận nợ,Đáo hạn,DONG_HD_DH,2026-06-26
2064142943576991559,Trùng parent_document_code trong nguồn Oracle,2174,Chứng từ Vận hành hàng ngày,"BB tất toán/thanh lý, Phiếu thu đóng hợp đồng",Đóng HĐCC nợ xấu chủ động,DONG_HDCC_CDNX,2026-06-26
2084454729376996907,Trùng parent_document_code trong nguồn Oracle,2116,Chứng từ Vận hành hàng ngày,"HDCC, Giấy đề nghị, Phiếu chi giải ngân",Đóng HĐCC nợ xấu chủ động,DONG_HDCC_CDNX,2026-06-26
6062666855200177016648,PGD 8245 chưa tồn tại hoặc là PGD chỉ dùng cho mượn chứng từ,8245,Chứng từ Ngân hàng hàng ngày,"Mục đích vốn (nếu có phát sinh bản giấy), Xác nhận người thụ hưởng không có TKNH với (HĐ vay 100 triệu), Chứng từ thu nhập + Năng lực tài chính (khi CIMB yêu cầu)",Giải ngân CIMB,GIAI_NGAN_CIMB,2026-06-26
5105984006476988059,Trùng parent_document_code trong nguồn Oracle,7608,Chứng từ Vận hành hàng ngày,"BB tất toán/thanh lý, Phiếu thu đóng hợp đồng, Biên bản chấm dứt thỏa thuận sử dụng TS và hoàn trả TS",Đóng HĐCC nợ xấu chủ động,DONG_HDCC_CDNX,2026-06-26
7699362976993629,PGD 2308 chưa tồn tại hoặc là PGD chỉ dùng cho mượn chứng từ,2308,Chứng từ Vận hành hàng ngày,"Phiếu chi, Biên lai / Phiếu yêu cầu dịch vụ/ Giấy nộp tiền (theo từng đơn vị chuyển tiền)",Chuyển quỹ,,2026-06-26
6063155627876989988,PGD 1283 chưa tồn tại hoặc là PGD chỉ dùng cho mượn chứng từ,1283,Chứng từ Vận hành hàng ngày,Phiếu chi,Chi tiền hoàn cọc chip,,2026-06-26
4049577722876985998,Trùng parent_document_code trong nguồn Oracle,4733,Chứng từ Vận hành hàng ngày,"BB tất toán/thanh lý, Phiếu thu đóng hợp đồng, Biên bản chấm dứt thỏa thuận sử dụng TS và hoàn trả TS",Đóng HĐCC nợ xấu chủ động,DONG_HDCC_CDNX,2026-06-26
6069921610200177058772,PGD 4114 chưa tồn tại hoặc là PGD chỉ dùng cho mượn chứng từ,4114,Chứng từ Ngân hàng hàng ngày,"Mục đích vốn (nếu có phát sinh bản giấy), Xác nhận người thụ hưởng không có TKNH với (HĐ vay 100 triệu), Chứng từ thu nhập + Năng lực tài chính (khi CIMB yêu cầu)",Giải ngân CIMB,GIAI_NGAN_CIMB,2026-06-27
6065498802500177051986,PGD 5739 chưa tồn tại hoặc là PGD chỉ dùng cho mượn chứng từ,5739,Chứng từ Ngân hàng hàng ngày,"Mục đích vốn (nếu có phát sinh bản giấy), Xác nhận người thụ hưởng không có TKNH với (HĐ vay 100 triệu), Chứng từ thu nhập + Năng lực tài chính (khi CIMB yêu cầu)",Giải ngân CIMB,GIAI_NGAN_CIMB,2026-06-27
6067601355800177051999,PGD 2308 chưa tồn tại hoặc là PGD chỉ dùng cho mượn chứng từ,2308,Chứng từ Ngân hàng hàng ngày,"Mục đích vốn (nếu có phát sinh bản giấy), Xác nhận người thụ hưởng không có TKNH với (HĐ vay 100 triệu), Chứng từ thu nhập + Năng lực tài chính (khi CIMB yêu cầu)",Giải ngân CIMB,GIAI_NGAN_CIMB,2026-06-27
6024121994777047898,PGD 1284 chưa tồn tại hoặc là PGD chỉ dùng cho mượn chứng từ,1284,Chứng từ Vận hành hàng ngày,"BB tất toán/thanh lý, Phiếu thu đóng hợp đồng, Biên bản chấm dứt thỏa thuận sử dụng TS và hoàn trả TS, Giấy đề nghị",Đóng HĐCC chủ động,DONG_HDCC_CD,2026-06-27
6068133546400177040663,PGD 5132 chưa tồn tại hoặc là PGD chỉ dùng cho mượn chứng từ,5132,Chứng từ Ngân hàng hàng ngày,"Mục đích vốn (nếu có phát sinh bản giấy), Xác nhận người thụ hưởng không có TKNH với (HĐ vay 100 triệu), Chứng từ thu nhập + Năng lực tài chính (khi CIMB yêu cầu)",Giải ngân CIMB,GIAI_NGAN_CIMB,2026-06-27
6061709715400177058686,PGD 7767 chưa tồn tại hoặc là PGD chỉ dùng cho mượn chứng từ,7767,Chứng từ Ngân hàng hàng ngày,"Mục đích vốn (nếu có phát sinh bản giấy), Xác nhận người thụ hưởng không có TKNH với (HĐ vay 100 triệu), Chứng từ thu nhập + Năng lực tài chính (khi CIMB yêu cầu)",Giải ngân CIMB,GIAI_NGAN_CIMB,2026-06-27
6068029424677033029,Không map được loại chứng từ: HĐ ký gửi tài sản,1032,Chứng từ Vận hành hàng ngày,HĐ ký gửi tài sản,Đóng HĐCC chủ động,DONG_HDCC_CD,2026-06-27
6068463862500177042758,Không map được loại chứng từ: Giấy đề nghị tái tục giấy nhận nợ,9201,Chứng từ Vận hành hàng ngày,Giấy đề nghị tái tục giấy nhận nợ,Đáo hạn,DONG_HD_DH,2026-06-27
7704467077044670,PGD 2307 chưa tồn tại hoặc là PGD chỉ dùng cho mượn chứng từ,2307,Chứng từ Vận hành hàng ngày,"Phiếu chi, Biên lai / Phiếu yêu cầu dịch vụ/ Giấy nộp tiền (theo từng đơn vị chuyển tiền)",Chuyển quỹ,,2026-06-27
6061485542400177053626,PGD 8245 chưa tồn tại hoặc là PGD chỉ dùng cho mượn chứng từ,8245,Chứng từ Vận hành hàng ngày,Phiếu thu đóng hợp đồng,Đóng hợp đồng chủ động,DONG_HD_CD,2026-06-27
7702668377026683,PGD 2306 chưa tồn tại hoặc là PGD chỉ dùng cho mượn chứng từ,2306,Chứng từ Vận hành hàng ngày,"Phiếu chi, Biên lai / Phiếu yêu cầu dịch vụ/ Giấy nộp tiền (theo từng đơn vị chuyển tiền)",Chuyển quỹ,,2026-06-27
6069976312900177045142,PGD 2312 chưa tồn tại hoặc là PGD chỉ dùng cho mượn chứng từ,2312,Chứng từ Ngân hàng hàng ngày,"Mục đích vốn (nếu có phát sinh bản giấy), Xác nhận người thụ hưởng không có TKNH với (HĐ vay 100 triệu), Chứng từ thu nhập + Năng lực tài chính (khi CIMB yêu cầu)",Giải ngân CIMB,GIAI_NGAN_CIMB,2026-06-27
6053268569377036000,PGD 2307 chưa tồn tại hoặc là PGD chỉ dùng cho mượn chứng từ,2307,Chứng từ Vận hành hàng ngày,"Giấy đề nghị, Phiếu chi giải ngân, Ủy quyền epay",Đóng HĐCC chủ động,DONG_HDCC_CD,2026-06-27
5028692669077042354,Trùng parent_document_code trong nguồn Oracle,9201,Chứng từ Vận hành hàng ngày,"BB tất toán/thanh lý, Phiếu thu đóng hợp đồng, Biên bản chấm dứt thỏa thuận sử dụng TS và hoàn trả TS",Đóng HĐCC nợ xấu chủ động,DONG_HDCC_CDNX,2026-06-27
6061840817277026536,PGD 1286 chưa tồn tại hoặc là PGD chỉ dùng cho mượn chứng từ,1286,Chứng từ Vận hành hàng ngày,Phiếu thu,Thu tiền đặt cọc chip,,2026-06-27
6069097141700177041472,PGD 5244 chưa tồn tại hoặc là PGD chỉ dùng cho mượn chứng từ,5244,Chứng từ Ngân hàng hàng ngày,"Mục đích vốn (nếu có phát sinh bản giấy), Xác nhận người thụ hưởng không có TKNH với (HĐ vay 100 triệu), Chứng từ thu nhập + Năng lực tài chính (khi CIMB yêu cầu)",Giải ngân CIMB,GIAI_NGAN_CIMB,2026-06-27
6062868782500177056491,PGD 2309 chưa tồn tại hoặc là PGD chỉ dùng cho mượn chứng từ,2309,Chứng từ Ngân hàng hàng ngày,"Mục đích vốn (nếu có phát sinh bản giấy), Xác nhận người thụ hưởng không có TKNH với (HĐ vay 100 triệu), Chứng từ thu nhập + Năng lực tài chính (khi CIMB yêu cầu)",Giải ngân CIMB,GIAI_NGAN_CIMB,2026-06-27
6063403097800177050949,PGD 8631 chưa tồn tại hoặc là PGD chỉ dùng cho mượn chứng từ,8631,Chứng từ Ngân hàng hàng ngày,"Mục đích vốn (nếu có phát sinh bản giấy), Xác nhận người thụ hưởng không có TKNH với (HĐ vay 100 triệu), Chứng từ thu nhập + Năng lực tài chính (khi CIMB yêu cầu)",Giải ngân CIMB,GIAI_NGAN_CIMB,2026-06-27
6044608956677045217,PGD 5132 chưa tồn tại hoặc là PGD chỉ dùng cho mượn chứng từ,5132,Chứng từ Vận hành hàng ngày,"Giấy đề nghị, Phiếu chi giải ngân, Ủy quyền epay",Đóng HĐCC chủ động,DONG_HDCC_CD,2026-06-27
6067999463200177058635,PGD 1287 chưa tồn tại hoặc là PGD chỉ dùng cho mượn chứng từ,1287,Chứng từ Ngân hàng hàng ngày,"Mục đích vốn (nếu có phát sinh bản giấy), Xác nhận người thụ hưởng không có TKNH với (HĐ vay 100 triệu), Chứng từ thu nhập + Năng lực tài chính (khi CIMB yêu cầu)",Giải ngân CIMB,GIAI_NGAN_CIMB,2026-06-27
4125219833577044268,Trùng parent_document_code trong nguồn Oracle,5602,Chứng từ Vận hành hàng ngày,"Giấy đề nghị, Phiếu chi giải ngân, Ủy quyền epay",Đóng HĐCC chủ động,DONG_HDCC_CD,2026-06-27
7704504477045044,PGD 5552 chưa tồn tại hoặc là PGD chỉ dùng cho mượn chứng từ,5552,Chứng từ Vận hành hàng ngày,"Phiếu chi, Biên lai / Phiếu yêu cầu dịch vụ/ Giấy nộp tiền (theo từng đơn vị chuyển tiền)",Chuyển quỹ,,2026-06-27
5094418024377031976,Trùng parent_document_code trong nguồn Oracle,6525,Chứng từ Vận hành hàng ngày,"BB tất toán/thanh lý, Phiếu thu đóng hợp đồng, Biên bản chấm dứt thỏa thuận sử dụng TS và hoàn trả TS",Đóng HĐCC nợ xấu chủ động,DONG_HDCC_CDNX,2026-06-27
7702656077026560,PGD 1286 chưa tồn tại hoặc là PGD chỉ dùng cho mượn chứng từ,1286,Chứng từ Vận hành hàng ngày,"Phiếu chi, Biên lai / Phiếu yêu cầu dịch vụ/ Giấy nộp tiền (theo từng đơn vị chuyển tiền)",Chuyển quỹ,,2026-06-27
6061413321900177056188,PGD 8025 chưa tồn tại hoặc là PGD chỉ dùng cho mượn chứng từ,8025,Chứng từ Ngân hàng hàng ngày,"Mục đích vốn (nếu có phát sinh bản giấy), Xác nhận người thụ hưởng không có TKNH với (HĐ vay 100 triệu), Chứng từ thu nhập + Năng lực tài chính (khi CIMB yêu cầu)",Giải ngân CIMB,GIAI_NGAN_CIMB,2026-06-27
6044608956677045226,PGD 5132 chưa tồn tại hoặc là PGD chỉ dùng cho mượn chứng từ,5132,Chứng từ Vận hành hàng ngày,Giấy đề nghị,Đóng HĐCC chủ động,DONG_HDCC_CD,2026-06-27
6041511436177028925,PGD 6219 chưa tồn tại hoặc là PGD chỉ dùng cho mượn chứng từ,6219,Chứng từ Vận hành hàng ngày,"Giấy đề nghị, Bản cam kết TS riêng, Phiếu chi giải ngân, Ủy quyền epay, HĐUQ bản F88 in",Đóng HĐCC chủ động,DONG_HDCC_CD,2026-06-27
7702591477025914,PGD 6219 chưa tồn tại hoặc là PGD chỉ dùng cho mượn chứng từ,6219,Chứng từ Vận hành hàng ngày,"Phiếu chi, Biên lai / Phiếu yêu cầu dịch vụ/ Giấy nộp tiền (theo từng đơn vị chuyển tiền)",Chuyển quỹ,,2026-06-27
6066884803900177054985,PGD 9221 chưa tồn tại hoặc là PGD chỉ dùng cho mượn chứng từ,9221,Chứng từ Ngân hàng hàng ngày,"Mục đích vốn (nếu có phát sinh bản giấy), Xác nhận người thụ hưởng không có TKNH với (HĐ vay 100 triệu), Chứng từ thu nhập + Năng lực tài chính (khi CIMB yêu cầu)",Giải ngân CIMB,GIAI_NGAN_CIMB,2026-06-27
6060529160900177058426,PGD 9221 chưa tồn tại hoặc là PGD chỉ dùng cho mượn chứng từ,9221,Chứng từ Ngân hàng hàng ngày,"Mục đích vốn (nếu có phát sinh bản giấy), Xác nhận người thụ hưởng không có TKNH với (HĐ vay 100 triệu), Chứng từ thu nhập + Năng lực tài chính (khi CIMB yêu cầu)",Giải ngân CIMB,GIAI_NGAN_CIMB,2026-06-27
6069197978400177039500,PGD 5739 chưa tồn tại hoặc là PGD chỉ dùng cho mượn chứng từ,5739,Chứng từ Ngân hàng hàng ngày,"Mục đích vốn (nếu có phát sinh bản giấy), Xác nhận người thụ hưởng không có TKNH với (HĐ vay 100 triệu), Chứng từ thu nhập + Năng lực tài chính (khi CIMB yêu cầu)",Giải ngân CIMB,GIAI_NGAN_CIMB,2026-06-27
6061410740600177058640,PGD 2310 chưa tồn tại hoặc là PGD chỉ dùng cho mượn chứng từ,2310,Chứng từ Ngân hàng hàng ngày,"Mục đích vốn (nếu có phát sinh bản giấy), Xác nhận người thụ hưởng không có TKNH với (HĐ vay 100 triệu), Chứng từ thu nhập + Năng lực tài chính (khi CIMB yêu cầu)",Giải ngân CIMB,GIAI_NGAN_CIMB,2026-06-27
7703353777033537,PGD 7827 chưa tồn tại hoặc là PGD chỉ dùng cho mượn chứng từ,7827,Chứng từ Vận hành hàng ngày,"Phiếu chi, Biên lai / Phiếu yêu cầu dịch vụ/ Giấy nộp tiền (theo từng đơn vị chuyển tiền)",Chuyển quỹ,,2026-06-27
6024121994777047893,PGD 1284 chưa tồn tại hoặc là PGD chỉ dùng cho mượn chứng từ,1284,Chứng từ Vận hành hàng ngày,"Giấy đề nghị, Phiếu chi giải ngân, Ủy quyền epay",Đóng HĐCC chủ động,DONG_HDCC_CD,2026-06-27
6062715409700177054120,PGD 8244 chưa tồn tại hoặc là PGD chỉ dùng cho mượn chứng từ,8244,Chứng từ Ngân hàng hàng ngày,"Mục đích vốn (nếu có phát sinh bản giấy), Xác nhận người thụ hưởng không có TKNH với (HĐ vay 100 triệu), Chứng từ thu nhập + Năng lực tài chính (khi CIMB yêu cầu)",Giải ngân CIMB,GIAI_NGAN_CIMB,2026-06-27
6064935632677028400,PGD 1286 chưa tồn tại hoặc là PGD chỉ dùng cho mượn chứng từ,1286,Chứng từ Vận hành hàng ngày,"Giấy đề nghị, Phiếu chi giải ngân",Đóng HĐCC chủ động,DONG_HDCC_CD,2026-06-27
6062574211100177059204,PGD 2303 chưa tồn tại hoặc là PGD chỉ dùng cho mượn chứng từ,2303,Chứng từ Ngân hàng hàng ngày,"Mục đích vốn (nếu có phát sinh bản giấy), Xác nhận người thụ hưởng không có TKNH với (HĐ vay 100 triệu), Chứng từ thu nhập + Năng lực tài chính (khi CIMB yêu cầu)",Giải ngân CIMB,GIAI_NGAN_CIMB,2026-06-27
6066157119100177048968,PGD 5738 chưa tồn tại hoặc là PGD chỉ dùng cho mượn chứng từ,5738,Chứng từ Ngân hàng hàng ngày,"Mục đích vốn (nếu có phát sinh bản giấy), Xác nhận người thụ hưởng không có TKNH với (HĐ vay 100 triệu), Chứng từ thu nhập + Năng lực tài chính (khi CIMB yêu cầu)",Giải ngân CIMB,GIAI_NGAN_CIMB,2026-06-27
6053268569377036008,PGD 2307 chưa tồn tại hoặc là PGD chỉ dùng cho mượn chứng từ,2307,Chứng từ Vận hành hàng ngày,Giấy đề nghị,Đóng HĐCC chủ động,DONG_HDCC_CD,2026-06-27
6061630290300177050767,PGD 4114 chưa tồn tại hoặc là PGD chỉ dùng cho mượn chứng từ,4114,Chứng từ Ngân hàng hàng ngày,"Mục đích vốn (nếu có phát sinh bản giấy), Xác nhận người thụ hưởng không có TKNH với (HĐ vay 100 triệu), Chứng từ thu nhập + Năng lực tài chính (khi CIMB yêu cầu)",Giải ngân CIMB,GIAI_NGAN_CIMB,2026-06-27
7702648777026487,PGD 5738 chưa tồn tại hoặc là PGD chỉ dùng cho mượn chứng từ,5738,Chứng từ Vận hành hàng ngày,"Phiếu chi, Hóa đơn (nếu có)",Điện,,2026-06-27
7703927977039279,PGD 8244 chưa tồn tại hoặc là PGD chỉ dùng cho mượn chứng từ,8244,Chứng từ Vận hành hàng ngày,"Phiếu chi, Biên lai / Phiếu yêu cầu dịch vụ/ Giấy nộp tiền (theo từng đơn vị chuyển tiền)",Chuyển quỹ,,2026-06-27
6057257905377034903,Không map được loại chứng từ: HĐ ký gửi tài sản,4549,Chứng từ Vận hành hàng ngày,HĐ ký gửi tài sản,Đóng HĐCC chủ động,DONG_HDCC_CD,2026-06-27
6044608956600177056858,PGD 5132 chưa tồn tại hoặc là PGD chỉ dùng cho mượn chứng từ,5132,Chứng từ Vận hành hàng ngày,"Phiếu yêu cầu miễn giảm (nếu có), Phiếu yêu cầu miễn giảm (nếu có)",Miễn giảm đóng HĐ,MIEN_GIAM_DONG_HD,2026-06-27
5109139658177027858,Trùng parent_document_code trong nguồn Oracle,8609,Chứng từ Vận hành hàng ngày,"Giấy đề nghị, Phiếu chi giải ngân",Đóng HĐCC chủ động,DONG_HDCC_CD,2026-06-27
6061485542477039457,PGD 8245 chưa tồn tại hoặc là PGD chỉ dùng cho mượn chứng từ,8245,Chứng từ Vận hành hàng ngày,"Giấy đề nghị, Phiếu chi giải ngân",Đóng HĐCC chủ động,DONG_HDCC_CD,2026-06-27
7703486077034860,PGD 2304 chưa tồn tại hoặc là PGD chỉ dùng cho mượn chứng từ,2304,Chứng từ Vận hành hàng ngày,"Phiếu chi, Biên lai / Phiếu yêu cầu dịch vụ/ Giấy nộp tiền (theo từng đơn vị chuyển tiền)",Chuyển quỹ,,2026-06-27
6057257905377034897,Không map được loại chứng từ: HĐ ký gửi tài sản,4549,Chứng từ Vận hành hàng ngày,HĐ ký gửi tài sản,Đóng HĐCC chủ động,DONG_HDCC_CD,2026-06-27
6067138342400177049566,PGD 2306 chưa tồn tại hoặc là PGD chỉ dùng cho mượn chứng từ,2306,Chứng từ Ngân hàng hàng ngày,"Mục đích vốn (nếu có phát sinh bản giấy), Xác nhận người thụ hưởng không có TKNH với (HĐ vay 100 triệu), Chứng từ thu nhập + Năng lực tài chính (khi CIMB yêu cầu)",Giải ngân CIMB,GIAI_NGAN_CIMB,2026-06-27
6069422129400177044875,PGD 8245 chưa tồn tại hoặc là PGD chỉ dùng cho mượn chứng từ,8245,Chứng từ Ngân hàng hàng ngày,"Mục đích vốn (nếu có phát sinh bản giấy), Xác nhận người thụ hưởng không có TKNH với (HĐ vay 100 triệu), Chứng từ thu nhập + Năng lực tài chính (khi CIMB yêu cầu)",Giải ngân CIMB,GIAI_NGAN_CIMB,2026-06-27
6066557597800177050103,PGD 5737 chưa tồn tại hoặc là PGD chỉ dùng cho mượn chứng từ,5737,Chứng từ Ngân hàng hàng ngày,"Mục đích vốn (nếu có phát sinh bản giấy), Xác nhận người thụ hưởng không có TKNH với (HĐ vay 100 triệu), Chứng từ thu nhập + Năng lực tài chính (khi CIMB yêu cầu)",Giải ngân CIMB,GIAI_NGAN_CIMB,2026-06-27
6064807778177040334,PGD 9221 chưa tồn tại hoặc là PGD chỉ dùng cho mượn chứng từ,9221,Chứng từ Vận hành hàng ngày,"Giấy đề nghị, Phiếu chi giải ngân",Đóng HĐCC chủ động,DONG_HDCC_CD,2026-06-27
6041511436100177039208,PGD 6219 chưa tồn tại hoặc là PGD chỉ dùng cho mượn chứng từ,6219,Chứng từ Vận hành hàng ngày,Phiếu thu đóng hợp đồng,Đóng hợp đồng chủ động,DONG_HD_CD,2026-06-27
6024121994700177057874,PGD 1284 chưa tồn tại hoặc là PGD chỉ dùng cho mượn chứng từ,1284,Chứng từ Vận hành hàng ngày,Phiếu thu đóng hợp đồng,Đóng hợp đồng chủ động,DONG_HD_CD,2026-06-27
6065089522377041339,PGD 5245 chưa tồn tại hoặc là PGD chỉ dùng cho mượn chứng từ,5245,Chứng từ Vận hành hàng ngày,"Giấy đề nghị, Phiếu chi giải ngân",Đóng HĐCC chủ động,DONG_HDCC_CD,2026-06-27
5123070135077041372,Trùng parent_document_code trong nguồn Oracle,5904,Chứng từ Vận hành hàng ngày,"BB tất toán/thanh lý, Phiếu thu đóng hợp đồng, Biên bản chấm dứt thỏa thuận sử dụng TS và hoàn trả TS",Đóng HĐCC nợ xấu chủ động,DONG_HDCC_CDNX,2026-06-27
6065474545200177052743,PGD 2309 chưa tồn tại hoặc là PGD chỉ dùng cho mượn chứng từ,2309,Chứng từ Ngân hàng hàng ngày,"Mục đích vốn (nếu có phát sinh bản giấy), Xác nhận người thụ hưởng không có TKNH với (HĐ vay 100 triệu), Chứng từ thu nhập + Năng lực tài chính (khi CIMB yêu cầu)",Giải ngân CIMB,GIAI_NGAN_CIMB,2026-06-27
6064935632600177038085,PGD 1286 chưa tồn tại hoặc là PGD chỉ dùng cho mượn chứng từ,1286,Chứng từ Vận hành hàng ngày,"Phiếu yêu cầu miễn giảm (nếu có), Phiếu yêu cầu miễn giảm (nếu có)",Miễn giảm đóng HĐ,MIEN_GIAM_DONG_HD,2026-06-27
6060968497000177053196,PGD 7827 chưa tồn tại hoặc là PGD chỉ dùng cho mượn chứng từ,7827,Chứng từ Ngân hàng hàng ngày,"Mục đích vốn (nếu có phát sinh bản giấy), Xác nhận người thụ hưởng không có TKNH với (HĐ vay 100 triệu), Chứng từ thu nhập + Năng lực tài chính (khi CIMB yêu cầu)",Giải ngân CIMB,GIAI_NGAN_CIMB,2026-06-27
7703928677039286,PGD 5245 chưa tồn tại hoặc là PGD chỉ dùng cho mượn chứng từ,5245,Chứng từ Vận hành hàng ngày,"Phiếu chi, Biên lai / Phiếu yêu cầu dịch vụ/ Giấy nộp tiền (theo từng đơn vị chuyển tiền)",Chuyển quỹ,,2026-06-27
6041511436177028936,PGD 6219 chưa tồn tại hoặc là PGD chỉ dùng cho mượn chứng từ,6219,Chứng từ Vận hành hàng ngày,"BB tất toán/thanh lý, Phiếu thu đóng hợp đồng, Biên bản chấm dứt thỏa thuận sử dụng TS và hoàn trả TS, Giấy đề nghị, Bản cam kết TS riêng",Đóng HĐCC chủ động,DONG_HDCC_CD,2026-06-27
6059754565900277051215,PGD 7436 chưa tồn tại hoặc là PGD chỉ dùng cho mượn chứng từ,7436,Chứng từ Ngân hàng hàng ngày,"Mục đích vốn (nếu có phát sinh bản giấy), Xác nhận người thụ hưởng không có TKNH với (HĐ vay 100 triệu), Chứng từ thu nhập + Năng lực tài chính (khi CIMB yêu cầu)",Giải ngân CIMB,GIAI_NGAN_CIMB,2026-06-27
7703047377030473,PGD 2302 chưa tồn tại hoặc là PGD chỉ dùng cho mượn chứng từ,2302,Chứng từ Vận hành hàng ngày,"Phiếu chi, Biên lai / Phiếu yêu cầu dịch vụ/ Giấy nộp tiền (theo từng đơn vị chuyển tiền)",Chuyển quỹ,,2026-06-27
5079315920077032146,Trùng parent_document_code trong nguồn Oracle,5711,Chứng từ Vận hành hàng ngày,"BB tất toán/thanh lý, Phiếu thu đóng hợp đồng, Biên bản chấm dứt thỏa thuận sử dụng TS và hoàn trả TS",Đóng HĐCC nợ xấu chủ động,DONG_HDCC_CDNX,2026-06-27
6068029424677033040,Không map được loại chứng từ: HĐ ký gửi tài sản,1032,Chứng từ Vận hành hàng ngày,HĐ ký gửi tài sản,Đóng HĐCC chủ động,DONG_HDCC_CD,2026-06-27
7706157077061570,PGD 5244 chưa tồn tại hoặc là PGD chỉ dùng cho mượn chứng từ,5244,Chứng từ Vận hành hàng ngày,Phiếu chi,Rút tiền dư từ CIF,RUT_TIEN_DU_KH,2026-06-28
6069120306100177090354,PGD 8026 chưa tồn tại hoặc là PGD chỉ dùng cho mượn chứng từ,8026,Chứng từ Ngân hàng hàng ngày,"Mục đích vốn (nếu có phát sinh bản giấy), Xác nhận người thụ hưởng không có TKNH với (HĐ vay 100 triệu), Chứng từ thu nhập + Năng lực tài chính (khi CIMB yêu cầu)",Giải ngân CIMB,GIAI_NGAN_CIMB,2026-06-28
6015139438400177090372,Không map được loại chứng từ: Giấy đề nghị tái tục giấy nhận nợ,9013,Chứng từ Vận hành hàng ngày,Giấy đề nghị tái tục giấy nhận nợ,Đáo hạn,DONG_HD_DH,2026-06-28
5115964989777081814,Không map được loại chứng từ: HĐ ký gửi tài sản,2289,Chứng từ Vận hành hàng ngày,HĐ ký gửi tài sản,Đóng HĐCC chủ động,DONG_HDCC_CD,2026-06-28
6047402986777079455,PGD 6731 chưa tồn tại hoặc là PGD chỉ dùng cho mượn chứng từ,6731,Chứng từ Vận hành hàng ngày,Giấy đề nghị,Đóng HĐCC chủ động,DONG_HDCC_CD,2026-06-28
6054155325177080657,PGD 8245 chưa tồn tại hoặc là PGD chỉ dùng cho mượn chứng từ,8245,Chứng từ Vận hành hàng ngày,"Giấy đề nghị, Phiếu chi giải ngân, Ủy quyền epay",Đóng HĐCC chủ động,DONG_HDCC_CD,2026-06-28
6065905551577087288,PGD 2312 chưa tồn tại hoặc là PGD chỉ dùng cho mượn chứng từ,2312,Chứng từ Vận hành hàng ngày,"Giấy đề nghị, Phiếu chi giải ngân, Ủy quyền epay",Đóng HĐCC chủ động,DONG_HDCC_CD,2026-06-28
6063481406477071753,PGD 5244 chưa tồn tại hoặc là PGD chỉ dùng cho mượn chứng từ,5244,Chứng từ Vận hành hàng ngày,"Giấy đề nghị, Phiếu chi giải ngân, Ủy quyền epay",Đóng HĐCC chủ động,DONG_HDCC_CD,2026-06-28
6061258623100177091723,PGD 2308 chưa tồn tại hoặc là PGD chỉ dùng cho mượn chứng từ,2308,Chứng từ Ngân hàng hàng ngày,"Mục đích vốn (nếu có phát sinh bản giấy), Xác nhận người thụ hưởng không có TKNH với (HĐ vay 100 triệu), Chứng từ thu nhập + Năng lực tài chính (khi CIMB yêu cầu)",Giải ngân CIMB,GIAI_NGAN_CIMB,2026-06-28
5068524637877081605,Trùng parent_document_code trong nguồn Oracle,1238,Chứng từ Vận hành hàng ngày,"BB tất toán/thanh lý, Phiếu thu đóng hợp đồng, Biên bản chấm dứt thỏa thuận sử dụng TS và hoàn trả TS",Đóng HĐCC nợ xấu chủ động,DONG_HDCC_CDNX,2026-06-28
6062496644300177087770,PGD 5435 chưa tồn tại hoặc là PGD chỉ dùng cho mượn chứng từ,5435,Chứng từ Ngân hàng hàng ngày,"Mục đích vốn (nếu có phát sinh bản giấy), Xác nhận người thụ hưởng không có TKNH với (HĐ vay 100 triệu), Chứng từ thu nhập + Năng lực tài chính (khi CIMB yêu cầu)",Giải ngân CIMB,GIAI_NGAN_CIMB,2026-06-28
6063481406477071956,PGD 5244 chưa tồn tại hoặc là PGD chỉ dùng cho mượn chứng từ,5244,Chứng từ Vận hành hàng ngày,Giấy đề nghị,Đóng HĐCC chủ động,DONG_HDCC_CD,2026-06-28
6060584591900177086914,PGD 2313 chưa tồn tại hoặc là PGD chỉ dùng cho mượn chứng từ,2313,Chứng từ Ngân hàng hàng ngày,"Mục đích vốn (nếu có phát sinh bản giấy), Xác nhận người thụ hưởng không có TKNH với (HĐ vay 100 triệu), Chứng từ thu nhập + Năng lực tài chính (khi CIMB yêu cầu)",Giải ngân CIMB,GIAI_NGAN_CIMB,2026-06-28
6067070458700177089256,PGD 4827 chưa tồn tại hoặc là PGD chỉ dùng cho mượn chứng từ,4827,Chứng từ Ngân hàng hàng ngày,"Mục đích vốn (nếu có phát sinh bản giấy), Xác nhận người thụ hưởng không có TKNH với (HĐ vay 100 triệu), Chứng từ thu nhập + Năng lực tài chính (khi CIMB yêu cầu)",Giải ngân CIMB,GIAI_NGAN_CIMB,2026-06-28
7706472277064722,PGD 7437 chưa tồn tại hoặc là PGD chỉ dùng cho mượn chứng từ,7437,Chứng từ Vận hành hàng ngày,Phiếu thu,Nhận quỹ,,2026-06-28
6066404130300177084027,PGD 8631 chưa tồn tại hoặc là PGD chỉ dùng cho mượn chứng từ,8631,Chứng từ Ngân hàng hàng ngày,"Mục đích vốn (nếu có phát sinh bản giấy), Xác nhận người thụ hưởng không có TKNH với (HĐ vay 100 triệu), Chứng từ thu nhập + Năng lực tài chính (khi CIMB yêu cầu)",Giải ngân CIMB,GIAI_NGAN_CIMB,2026-06-28
6061804973300177080380,PGD 2311 chưa tồn tại hoặc là PGD chỉ dùng cho mượn chứng từ,2311,Chứng từ Ngân hàng hàng ngày,"Mục đích vốn (nếu có phát sinh bản giấy), Xác nhận người thụ hưởng không có TKNH với (HĐ vay 100 triệu), Chứng từ thu nhập + Năng lực tài chính (khi CIMB yêu cầu)",Giải ngân CIMB,GIAI_NGAN_CIMB,2026-06-28
6059926792877066264,PGD 7827 chưa tồn tại hoặc là PGD chỉ dùng cho mượn chứng từ,7827,Chứng từ Vận hành hàng ngày,"Giấy đề nghị, Phiếu chi giải ngân, Ủy quyền epay",Đóng HĐCC chủ động,DONG_HDCC_CD,2026-06-28
5052990235600277089648,Không map được loại chứng từ: Giấy đề nghị tái tục giấy nhận nợ,8212,Chứng từ Vận hành hàng ngày,Giấy đề nghị tái tục giấy nhận nợ,Đáo hạn,DONG_HD_DH,2026-06-28
7707572677075726,PGD 1278 chưa tồn tại hoặc là PGD chỉ dùng cho mượn chứng từ,1278,Chứng từ Vận hành hàng ngày,"Phiếu chi, Biên lai / Phiếu yêu cầu dịch vụ/ Giấy nộp tiền (theo từng đơn vị chuyển tiền)",Chuyển quỹ,,2026-06-28
7706815477068154,PGD 2308 chưa tồn tại hoặc là PGD chỉ dùng cho mượn chứng từ,2308,Chứng từ Vận hành hàng ngày,"Phiếu chi, Biên lai / Phiếu yêu cầu dịch vụ/ Giấy nộp tiền (theo từng đơn vị chuyển tiền)",Chuyển quỹ,,2026-06-28
6060687645500177089105,PGD 7436 chưa tồn tại hoặc là PGD chỉ dùng cho mượn chứng từ,7436,Chứng từ Ngân hàng hàng ngày,"Mục đích vốn (nếu có phát sinh bản giấy), Xác nhận người thụ hưởng không có TKNH với (HĐ vay 100 triệu), Chứng từ thu nhập + Năng lực tài chính (khi CIMB yêu cầu)",Giải ngân CIMB,GIAI_NGAN_CIMB,2026-06-28
6026079251277075978,Không map được loại chứng từ: HĐ ký gửi tài sản,7766,Chứng từ Vận hành hàng ngày,HĐ ký gửi tài sản,Đóng HĐCC chủ động,DONG_HDCC_CD,2026-06-28
6066679322900177093694,PGD 5435 chưa tồn tại hoặc là PGD chỉ dùng cho mượn chứng từ,5435,Chứng từ Ngân hàng hàng ngày,"Mục đích vốn (nếu có phát sinh bản giấy), Xác nhận người thụ hưởng không có TKNH với (HĐ vay 100 triệu), Chứng từ thu nhập + Năng lực tài chính (khi CIMB yêu cầu)",Giải ngân CIMB,GIAI_NGAN_CIMB,2026-06-28
5115964989777081800,Không map được loại chứng từ: HĐ ký gửi tài sản,2289,Chứng từ Vận hành hàng ngày,HĐ ký gửi tài sản,Đóng HĐCC chủ động,DONG_HDCC_CD,2026-06-28
5099913077177069458,Trùng parent_document_code trong nguồn Oracle,1033,Chứng từ Vận hành hàng ngày,"Giấy đề nghị, Phiếu chi giải ngân",Đóng HĐCC nợ xấu chủ động,DONG_HDCC_CDNX,2026-06-28
7706451677064516,PGD 7436 chưa tồn tại hoặc là PGD chỉ dùng cho mượn chứng từ,7436,Chứng từ Vận hành hàng ngày,"Phiếu chi, Biên lai / Phiếu yêu cầu dịch vụ/ Giấy nộp tiền (theo từng đơn vị chuyển tiền)",Chuyển quỹ,,2026-06-28
6062571702600177096195,PGD 2302 chưa tồn tại hoặc là PGD chỉ dùng cho mượn chứng từ,2302,Chứng từ Ngân hàng hàng ngày,"Mục đích vốn (nếu có phát sinh bản giấy), Xác nhận người thụ hưởng không có TKNH với (HĐ vay 100 triệu), Chứng từ thu nhập + Năng lực tài chính (khi CIMB yêu cầu)",Giải ngân CIMB,GIAI_NGAN_CIMB,2026-06-28
7707920777079207,PGD 2308 chưa tồn tại hoặc là PGD chỉ dùng cho mượn chứng từ,2308,Chứng từ Vận hành hàng ngày,"Phiếu chi, Biên lai / Phiếu yêu cầu dịch vụ/ Giấy nộp tiền (theo từng đơn vị chuyển tiền)",Chuyển quỹ,,2026-06-28
7706566777065667,PGD 8631 chưa tồn tại hoặc là PGD chỉ dùng cho mượn chứng từ,8631,Chứng từ Vận hành hàng ngày,Phiếu thu,Nhận quỹ,,2026-06-28
6040076689000277082582,PGD 1283 chưa tồn tại hoặc là PGD chỉ dùng cho mượn chứng từ,1283,Chứng từ Ngân hàng hàng ngày,"Mục đích vốn (nếu có phát sinh bản giấy), Xác nhận người thụ hưởng không có TKNH với (HĐ vay 100 triệu), Chứng từ thu nhập + Năng lực tài chính (khi CIMB yêu cầu)",Giải ngân CIMB,GIAI_NGAN_CIMB,2026-06-28
7707429077074290,PGD 8516 chưa tồn tại hoặc là PGD chỉ dùng cho mượn chứng từ,8516,Chứng từ Vận hành hàng ngày,"Phiếu chi, Biên lai / Phiếu yêu cầu dịch vụ/ Giấy nộp tiền (theo từng đơn vị chuyển tiền)",Chuyển quỹ,,2026-06-28
4012633395400377094505,Không map được loại chứng từ: Giấy đề nghị tái tục giấy nhận nợ,8901,Chứng từ Vận hành hàng ngày,Giấy đề nghị tái tục giấy nhận nợ,Đáo hạn,DONG_HD_DH,2026-06-28
5010951436077068482,Trùng parent_document_code trong nguồn Oracle,5711,Chứng từ Vận hành hàng ngày,"BB tất toán/thanh lý, Phiếu thu đóng hợp đồng, Biên bản chấm dứt thỏa thuận sử dụng TS và hoàn trả TS",Đóng HĐCC nợ xấu chủ động,DONG_HDCC_CDNX,2026-06-28
6067738643900177088388,PGD 7827 chưa tồn tại hoặc là PGD chỉ dùng cho mượn chứng từ,7827,Chứng từ Ngân hàng hàng ngày,"Mục đích vốn (nếu có phát sinh bản giấy), Xác nhận người thụ hưởng không có TKNH với (HĐ vay 100 triệu), Chứng từ thu nhập + Năng lực tài chính (khi CIMB yêu cầu)",Giải ngân CIMB,GIAI_NGAN_CIMB,2026-06-28
6054155325177080810,PGD 8245 chưa tồn tại hoặc là PGD chỉ dùng cho mượn chứng từ,8245,Chứng từ Vận hành hàng ngày,"BB tất toán/thanh lý, Phiếu thu đóng hợp đồng, Biên bản chấm dứt thỏa thuận sử dụng TS và hoàn trả TS, Giấy đề nghị",Đóng HĐCC chủ động,DONG_HDCC_CD,2026-06-28
6064572886900177075351,PGD 1284 chưa tồn tại hoặc là PGD chỉ dùng cho mượn chứng từ,1284,Chứng từ Vận hành hàng ngày,Phiếu thu đóng hợp đồng,Đóng hợp đồng chủ động,DONG_HD_CD,2026-06-28
7706387577063875,PGD 8244 chưa tồn tại hoặc là PGD chỉ dùng cho mượn chứng từ,8244,Chứng từ Vận hành hàng ngày,"Phiếu chi, Biên lai / Phiếu yêu cầu dịch vụ/ Giấy nộp tiền (theo từng đơn vị chuyển tiền)",Chuyển quỹ,,2026-06-28
5057139659477086062,Trùng parent_document_code trong nguồn Oracle,6718,Chứng từ Vận hành hàng ngày,"BB tất toán/thanh lý, Phiếu thu đóng hợp đồng, Biên bản chấm dứt thỏa thuận sử dụng TS và hoàn trả TS",Đóng HĐCC nợ xấu chủ động,DONG_HDCC_CDNX,2026-06-28
6068652233900177083410,PGD 4827 chưa tồn tại hoặc là PGD chỉ dùng cho mượn chứng từ,4827,Chứng từ Ngân hàng hàng ngày,"Mục đích vốn (nếu có phát sinh bản giấy), Xác nhận người thụ hưởng không có TKNH với (HĐ vay 100 triệu), Chứng từ thu nhập + Năng lực tài chính (khi CIMB yêu cầu)",Giải ngân CIMB,GIAI_NGAN_CIMB,2026-06-28
7708351077083510,PGD 9322 chưa tồn tại hoặc là PGD chỉ dùng cho mượn chứng từ,9322,Chứng từ Vận hành hàng ngày,"Phiếu chi, Biên lai / Phiếu yêu cầu dịch vụ/ Giấy nộp tiền (theo từng đơn vị chuyển tiền)",Chuyển quỹ,,2026-06-28
5041310581177073858,Trùng parent_document_code trong nguồn Oracle,6604,Chứng từ Vận hành hàng ngày,"BB tất toán/thanh lý, Phiếu thu đóng hợp đồng, Biên bản chấm dứt thỏa thuận sử dụng TS và hoàn trả TS",Đóng HĐCC chủ động,DONG_HDCC_CD,2026-06-28
6065722988500177079734,PGD 2304 chưa tồn tại hoặc là PGD chỉ dùng cho mượn chứng từ,2304,Chứng từ Ngân hàng hàng ngày,"Mục đích vốn (nếu có phát sinh bản giấy), Xác nhận người thụ hưởng không có TKNH với (HĐ vay 100 triệu), Chứng từ thu nhập + Năng lực tài chính (khi CIMB yêu cầu)",Giải ngân CIMB,GIAI_NGAN_CIMB,2026-06-28
6065905551577087440,PGD 2312 chưa tồn tại hoặc là PGD chỉ dùng cho mượn chứng từ,2312,Chứng từ Vận hành hàng ngày,Giấy đề nghị,Đóng HĐCC chủ động,DONG_HDCC_CD,2026-06-28
6065511758077072290,Trùng parent_document_code trong nguồn Oracle,8604,Chứng từ Vận hành hàng ngày,"BB tất toán/thanh lý, Phiếu thu đóng hợp đồng, Biên bản chấm dứt thỏa thuận sử dụng TS và hoàn trả TS",Đóng HĐCC chủ động,DONG_HDCC_CD,2026-06-28
7707427777074277,PGD 8516 chưa tồn tại hoặc là PGD chỉ dùng cho mượn chứng từ,8516,Chứng từ Vận hành hàng ngày,"Phiếu chi, Biên lai / Phiếu yêu cầu dịch vụ/ Giấy nộp tiền (theo từng đơn vị chuyển tiền)",Chuyển quỹ,,2026-06-28
6059926792877066270,PGD 7827 chưa tồn tại hoặc là PGD chỉ dùng cho mượn chứng từ,7827,Chứng từ Vận hành hàng ngày,Giấy đề nghị,Đóng HĐCC chủ động,DONG_HDCC_CD,2026-06-28
5105422360777084084,Trùng parent_document_code trong nguồn Oracle,3615,Chứng từ Vận hành hàng ngày,"BB tất toán/thanh lý, Phiếu thu đóng hợp đồng, Biên bản chấm dứt thỏa thuận sử dụng TS và hoàn trả TS",Đóng HĐCC nợ xấu chủ động,DONG_HDCC_CDNX,2026-06-28
7706397477063974,PGD 8135 chưa tồn tại hoặc là PGD chỉ dùng cho mượn chứng từ,8135,Chứng từ Vận hành hàng ngày,"Phiếu chi, Biên lai / Phiếu yêu cầu dịch vụ/ Giấy nộp tiền (theo từng đơn vị chuyển tiền)",Chuyển quỹ,,2026-06-28
4033040766777075898,Trùng parent_document_code trong nguồn Oracle,5829,Chứng từ Vận hành hàng ngày,"BB tất toán/thanh lý, Phiếu thu đóng hợp đồng, Biên bản chấm dứt thỏa thuận sử dụng TS và hoàn trả TS",Đóng HĐCC nợ xấu chủ động,DONG_HDCC_CDNX,2026-06-28
7706213677062136,PGD 5435 chưa tồn tại hoặc là PGD chỉ dùng cho mượn chứng từ,5435,Chứng từ Vận hành hàng ngày,Phiếu chi,Rút tiền dư từ CIF,RUT_TIEN_DU_KH,2026-06-28
6054155325177080657,Trùng parent_document_code trong nguồn Oracle,8102,Chứng từ Vận hành hàng ngày,"BB tất toán/thanh lý, Phiếu thu đóng hợp đồng, Biên bản chấm dứt thỏa thuận sử dụng TS và hoàn trả TS",Đóng HĐCC chủ động,DONG_HDCC_CD,2026-06-28
6062850902000177088474,PGD 8244 chưa tồn tại hoặc là PGD chỉ dùng cho mượn chứng từ,8244,Chứng từ Ngân hàng hàng ngày,"Mục đích vốn (nếu có phát sinh bản giấy), Xác nhận người thụ hưởng không có TKNH với (HĐ vay 100 triệu), Chứng từ thu nhập + Năng lực tài chính (khi CIMB yêu cầu)",Giải ngân CIMB,GIAI_NGAN_CIMB,2026-06-28
7707411277074112,PGD 8245 chưa tồn tại hoặc là PGD chỉ dùng cho mượn chứng từ,8245,Chứng từ Vận hành hàng ngày,"Phiếu chi, Biên lai / Phiếu yêu cầu dịch vụ/ Giấy nộp tiền (theo từng đơn vị chuyển tiền)",Chuyển quỹ,,2026-06-28
6066315499377065488,PGD 5244 chưa tồn tại hoặc là PGD chỉ dùng cho mượn chứng từ,5244,Chứng từ Vận hành hàng ngày,"Giấy đề nghị, Phiếu chi giải ngân",Đóng HĐCC chủ động,DONG_HDCC_CD,2026-06-28
6060011957600177096538,PGD 6219 chưa tồn tại hoặc là PGD chỉ dùng cho mượn chứng từ,6219,Chứng từ Ngân hàng hàng ngày,"Mục đích vốn (nếu có phát sinh bản giấy), Xác nhận người thụ hưởng không có TKNH với (HĐ vay 100 triệu), Chứng từ thu nhập + Năng lực tài chính (khi CIMB yêu cầu)",Giải ngân CIMB,GIAI_NGAN_CIMB,2026-06-28
6026079251277076002,Không map được loại chứng từ: HĐ ký gửi tài sản,7766,Chứng từ Vận hành hàng ngày,HĐ ký gửi tài sản,Đóng HĐCC chủ động,DONG_HDCC_CD,2026-06-28
4027407676877083741,Trùng parent_document_code trong nguồn Oracle,7704,Chứng từ Vận hành hàng ngày,"BB tất toán/thanh lý, Phiếu thu đóng hợp đồng, Biên bản chấm dứt thỏa thuận sử dụng TS và hoàn trả TS",Đóng HĐCC chủ động,DONG_HDCC_CD,2026-06-28
7706156577061565,PGD 8244 chưa tồn tại hoặc là PGD chỉ dùng cho mượn chứng từ,8244,Chứng từ Vận hành hàng ngày,Phiếu chi,Rút tiền dư từ CIF,RUT_TIEN_DU_KH,2026-06-28
5120692798177071725,Trùng parent_document_code trong nguồn Oracle,1065,Chứng từ Vận hành hàng ngày,"Giấy đề nghị, Phiếu chi giải ngân, Ủy quyền epay",Đóng HĐCC nợ xấu chủ động,DONG_HDCC_CDNX,2026-06-28
6063147883200177089433,PGD 2313 chưa tồn tại hoặc là PGD chỉ dùng cho mượn chứng từ,2313,Chứng từ Ngân hàng hàng ngày,"Mục đích vốn (nếu có phát sinh bản giấy), Xác nhận người thụ hưởng không có TKNH với (HĐ vay 100 triệu), Chứng từ thu nhập + Năng lực tài chính (khi CIMB yêu cầu)",Giải ngân CIMB,GIAI_NGAN_CIMB,2026-06-28
6051377055077079980,PGD 5435 chưa tồn tại hoặc là PGD chỉ dùng cho mượn chứng từ,5435,Chứng từ Vận hành hàng ngày,"Giấy đề nghị, Phiếu chi giải ngân",Đóng HĐCC chủ động,DONG_HDCC_CD,2026-06-28
6064894611100177082195,PGD 7437 chưa tồn tại hoặc là PGD chỉ dùng cho mượn chứng từ,7437,Chứng từ Ngân hàng hàng ngày,"Mục đích vốn (nếu có phát sinh bản giấy), Xác nhận người thụ hưởng không có TKNH với (HĐ vay 100 triệu), Chứng từ thu nhập + Năng lực tài chính (khi CIMB yêu cầu)",Giải ngân CIMB,GIAI_NGAN_CIMB,2026-06-28
5109258855477076917,Trùng parent_document_code trong nguồn Oracle,7608,Chứng từ Vận hành hàng ngày,"BB tất toán/thanh lý, Phiếu thu đóng hợp đồng, Biên bản chấm dứt thỏa thuận sử dụng TS và hoàn trả TS",Đóng HĐCC nợ xấu chủ động,DONG_HDCC_CDNX,2026-06-28
4066401474177085518,Trùng parent_document_code trong nguồn Oracle,7960,Chứng từ Vận hành hàng ngày,"Giấy đề nghị, Phiếu chi giải ngân",Đóng HĐCC nợ xấu chủ động,DONG_HDCC_CDNX,2026-06-28
7708294277082942,PGD 5552 chưa tồn tại hoặc là PGD chỉ dùng cho mượn chứng từ,5552,Chứng từ Vận hành hàng ngày,"Phiếu chi, Biên lai / Phiếu yêu cầu dịch vụ/ Giấy nộp tiền (theo từng đơn vị chuyển tiền)",Chuyển quỹ,,2026-06-28
5067791068700177082266,PGD 8631 chưa tồn tại hoặc là PGD chỉ dùng cho mượn chứng từ,8631,Chứng từ Vận hành hàng ngày,Phiếu thu đóng hợp đồng,Đóng hợp đồng chủ động,DONG_HD_CD,2026-06-28
6068515286000177078387,PGD 2306 chưa tồn tại hoặc là PGD chỉ dùng cho mượn chứng từ,2306,Chứng từ Ngân hàng hàng ngày,"Mục đích vốn (nếu có phát sinh bản giấy), Xác nhận người thụ hưởng không có TKNH với (HĐ vay 100 triệu), Chứng từ thu nhập + Năng lực tài chính (khi CIMB yêu cầu)",Giải ngân CIMB,GIAI_NGAN_CIMB,2026-06-28
6039399646577079999,Trùng parent_document_code trong nguồn Oracle,5605,Chứng từ Vận hành hàng ngày,"BB tất toán/thanh lý, Phiếu thu đóng hợp đồng, Biên bản chấm dứt thỏa thuận sử dụng TS và hoàn trả TS",Đóng HĐCC chủ động,DONG_HDCC_CD,2026-06-28
6049529658777066542,Trùng parent_document_code trong nguồn Oracle,5105,Chứng từ Vận hành hàng ngày,"BB tất toán/thanh lý, Phiếu thu đóng hợp đồng, Biên bản chấm dứt thỏa thuận sử dụng TS và hoàn trả TS",Đóng HĐCC chủ động,DONG_HDCC_CD,2026-06-28
6066836177600177087218,PGD 8244 chưa tồn tại hoặc là PGD chỉ dùng cho mượn chứng từ,8244,Chứng từ Ngân hàng hàng ngày,"Mục đích vốn (nếu có phát sinh bản giấy), Xác nhận người thụ hưởng không có TKNH với (HĐ vay 100 triệu), Chứng từ thu nhập + Năng lực tài chính (khi CIMB yêu cầu)",Giải ngân CIMB,GIAI_NGAN_CIMB,2026-06-28
6065565196400177093829,PGD 8631 chưa tồn tại hoặc là PGD chỉ dùng cho mượn chứng từ,8631,Chứng từ Ngân hàng hàng ngày,"Mục đích vốn (nếu có phát sinh bản giấy), Xác nhận người thụ hưởng không có TKNH với (HĐ vay 100 triệu), Chứng từ thu nhập + Năng lực tài chính (khi CIMB yêu cầu)",Giải ngân CIMB,GIAI_NGAN_CIMB,2026-06-28
6047402986777079451,PGD 6731 chưa tồn tại hoặc là PGD chỉ dùng cho mượn chứng từ,6731,Chứng từ Vận hành hàng ngày,"Giấy đề nghị, Phiếu chi giải ngân, Ủy quyền epay",Đóng HĐCC chủ động,DONG_HDCC_CD,2026-06-28
6061557520500177081432,PGD 8245 chưa tồn tại hoặc là PGD chỉ dùng cho mượn chứng từ,8245,Chứng từ Ngân hàng hàng ngày,"Mục đích vốn (nếu có phát sinh bản giấy), Xác nhận người thụ hưởng không có TKNH với (HĐ vay 100 triệu), Chứng từ thu nhập + Năng lực tài chính (khi CIMB yêu cầu)",Giải ngân CIMB,GIAI_NGAN_CIMB,2026-06-28
6064587487600177075505,PGD 2306 chưa tồn tại hoặc là PGD chỉ dùng cho mượn chứng từ,2306,Chứng từ Ngân hàng hàng ngày,"Mục đích vốn (nếu có phát sinh bản giấy), Xác nhận người thụ hưởng không có TKNH với (HĐ vay 100 triệu), Chứng từ thu nhập + Năng lực tài chính (khi CIMB yêu cầu)",Giải ngân CIMB,GIAI_NGAN_CIMB,2026-06-28
6069871026877065702,Trùng parent_document_code trong nguồn Oracle,5710,Chứng từ Vận hành hàng ngày,"BB tất toán/thanh lý, Phiếu thu đóng hợp đồng, Biên bản chấm dứt thỏa thuận sử dụng TS và hoàn trả TS",Đóng HĐCC chủ động,DONG_HDCC_CD,2026-06-28
7710924577109245,PGD 1286 chưa tồn tại hoặc là PGD chỉ dùng cho mượn chứng từ,1286,Chứng từ Vận hành hàng ngày,"Phiếu chi, Biên lai / Phiếu yêu cầu dịch vụ/ Giấy nộp tiền (theo từng đơn vị chuyển tiền)",Chuyển quỹ,,2026-06-29
6067383122600177124312,PGD 2310 chưa tồn tại hoặc là PGD chỉ dùng cho mượn chứng từ,2310,Chứng từ Ngân hàng hàng ngày,"Mục đích vốn (nếu có phát sinh bản giấy), Xác nhận người thụ hưởng không có TKNH với (HĐ vay 100 triệu), Chứng từ thu nhập + Năng lực tài chính (khi CIMB yêu cầu)",Giải ngân CIMB,GIAI_NGAN_CIMB,2026-06-29
6046743951100277127531,PGD 2308 chưa tồn tại hoặc là PGD chỉ dùng cho mượn chứng từ,2308,Chứng từ Ngân hàng hàng ngày,"Mục đích vốn (nếu có phát sinh bản giấy), Xác nhận người thụ hưởng không có TKNH với (HĐ vay 100 triệu), Chứng từ thu nhập + Năng lực tài chính (khi CIMB yêu cầu)",Giải ngân CIMB,GIAI_NGAN_CIMB,2026-06-29
6011371831477125941,PGD 7767 chưa tồn tại hoặc là PGD chỉ dùng cho mượn chứng từ,7767,Chứng từ Vận hành hàng ngày,"Giấy đề nghị, Phiếu chi giải ngân, Ủy quyền epay",Đóng HĐCC chủ động,DONG_HDCC_CD,2026-06-29
6060424586900177130124,PGD 2306 chưa tồn tại hoặc là PGD chỉ dùng cho mượn chứng từ,2306,Chứng từ Ngân hàng hàng ngày,"Mục đích vốn (nếu có phát sinh bản giấy), Xác nhận người thụ hưởng không có TKNH với (HĐ vay 100 triệu), Chứng từ thu nhập + Năng lực tài chính (khi CIMB yêu cầu)",Giải ngân CIMB,GIAI_NGAN_CIMB,2026-06-29
6068189279500177130139,PGD 7827 chưa tồn tại hoặc là PGD chỉ dùng cho mượn chứng từ,7827,Chứng từ Ngân hàng hàng ngày,"Mục đích vốn (nếu có phát sinh bản giấy), Xác nhận người thụ hưởng không có TKNH với (HĐ vay 100 triệu), Chứng từ thu nhập + Năng lực tài chính (khi CIMB yêu cầu)",Giải ngân CIMB,GIAI_NGAN_CIMB,2026-06-29
6061739343900177120837,PGD 7436 chưa tồn tại hoặc là PGD chỉ dùng cho mượn chứng từ,7436,Chứng từ Ngân hàng hàng ngày,"Mục đích vốn (nếu có phát sinh bản giấy), Xác nhận người thụ hưởng không có TKNH với (HĐ vay 100 triệu), Chứng từ thu nhập + Năng lực tài chính (khi CIMB yêu cầu)",Giải ngân CIMB,GIAI_NGAN_CIMB,2026-06-29
6064292083300177134057,PGD 2303 chưa tồn tại hoặc là PGD chỉ dùng cho mượn chứng từ,2303,Chứng từ Ngân hàng hàng ngày,"Mục đích vốn (nếu có phát sinh bản giấy), Xác nhận người thụ hưởng không có TKNH với (HĐ vay 100 triệu), Chứng từ thu nhập + Năng lực tài chính (khi CIMB yêu cầu)",Giải ngân CIMB,GIAI_NGAN_CIMB,2026-06-29
6059439091877118460,PGD 1283 chưa tồn tại hoặc là PGD chỉ dùng cho mượn chứng từ,1283,Chứng từ Vận hành hàng ngày,"Giấy đề nghị, Phiếu chi giải ngân",Đóng HĐCC chủ động,DONG_HDCC_CD,2026-06-29
6065033067100177126006,PGD 8026 chưa tồn tại hoặc là PGD chỉ dùng cho mượn chứng từ,8026,Chứng từ Ngân hàng hàng ngày,"Mục đích vốn (nếu có phát sinh bản giấy), Xác nhận người thụ hưởng không có TKNH với (HĐ vay 100 triệu), Chứng từ thu nhập + Năng lực tài chính (khi CIMB yêu cầu)",Giải ngân CIMB,GIAI_NGAN_CIMB,2026-06-29
6044807820577112021,PGD 2303 chưa tồn tại hoặc là PGD chỉ dùng cho mượn chứng từ,2303,Chứng từ Vận hành hàng ngày,"Giấy đề nghị, Phiếu chi giải ngân, Ủy quyền epay",Đóng HĐCC chủ động,DONG_HDCC_CD,2026-06-29
4042975927677125930,Trùng parent_document_code trong nguồn Oracle,3203,Chứng từ Vận hành hàng ngày,"BB tất toán/thanh lý, Phiếu thu đóng hợp đồng, Biên bản chấm dứt thỏa thuận sử dụng TS và hoàn trả TS",Đóng HĐCC nợ xấu chủ động,DONG_HDCC_CDNX,2026-06-29
6061498034000177132500,PGD 8244 chưa tồn tại hoặc là PGD chỉ dùng cho mượn chứng từ,8244,Chứng từ Ngân hàng hàng ngày,"Mục đích vốn (nếu có phát sinh bản giấy), Xác nhận người thụ hưởng không có TKNH với (HĐ vay 100 triệu), Chứng từ thu nhập + Năng lực tài chính (khi CIMB yêu cầu)",Giải ngân CIMB,GIAI_NGAN_CIMB,2026-06-29
6069814145377111665,PGD 1278 chưa tồn tại hoặc là PGD chỉ dùng cho mượn chứng từ,1278,Chứng từ Vận hành hàng ngày,Giấy đề nghị,Đóng HĐCC chủ động,DONG_HDCC_CD,2026-06-29
6031323283977129132,PGD 1285 chưa tồn tại hoặc là PGD chỉ dùng cho mượn chứng từ,1285,Chứng từ Vận hành hàng ngày,"Giấy đề nghị, Phiếu chi giải ngân",Đóng HĐCC chủ động,DONG_HDCC_CD,2026-06-29
5119267257000177132166,Không map được loại chứng từ: Giấy YCBH cho TSXM tổn thất toàn bộ (BSH1),8603,Chứng từ Vận hành hàng ngày,Giấy YCBH cho TSXM tổn thất toàn bộ (BSH1),Chuyển thanh lý hợp đồng nợ xấu,CHUYEN_THANH_LY_HDNX,2026-06-29
5119267257000177132166,Không map được loại chứng từ: Giấy YCBH trợ cấp mất giảm thu nhập (BSH2),8603,Chứng từ Vận hành hàng ngày,Giấy YCBH trợ cấp mất giảm thu nhập (BSH2),Chuyển thanh lý hợp đồng nợ xấu,CHUYEN_THANH_LY_HDNX,2026-06-29
5045151840577121785,Không map được loại chứng từ: HĐ ký gửi tài sản,2088,Chứng từ Vận hành hàng ngày,HĐ ký gửi tài sản,Đóng HĐCC chủ động,DONG_HDCC_CD,2026-06-29
7711320677113206,PGD 2308 chưa tồn tại hoặc là PGD chỉ dùng cho mượn chứng từ,2308,Chứng từ Vận hành hàng ngày,"Phiếu chi, Biên lai / Phiếu yêu cầu dịch vụ/ Giấy nộp tiền (theo từng đơn vị chuyển tiền)",Chuyển quỹ,,2026-06-29
6068415416200177127648,PGD 7827 chưa tồn tại hoặc là PGD chỉ dùng cho mượn chứng từ,7827,Chứng từ Ngân hàng hàng ngày,"Mục đích vốn (nếu có phát sinh bản giấy), Xác nhận người thụ hưởng không có TKNH với (HĐ vay 100 triệu), Chứng từ thu nhập + Năng lực tài chính (khi CIMB yêu cầu)",Giải ngân CIMB,GIAI_NGAN_CIMB,2026-06-29
7711321377113213,PGD 2310 chưa tồn tại hoặc là PGD chỉ dùng cho mượn chứng từ,2310,Chứng từ Vận hành hàng ngày,"Phiếu chi, Biên lai / Phiếu yêu cầu dịch vụ/ Giấy nộp tiền (theo từng đơn vị chuyển tiền)",Chuyển quỹ,,2026-06-29
6011371831477126046,PGD 7767 chưa tồn tại hoặc là PGD chỉ dùng cho mượn chứng từ,7767,Chứng từ Vận hành hàng ngày,Giấy đề nghị,Đóng HĐCC chủ động,DONG_HDCC_CD,2026-06-29
7709904777099047,PGD 7437 chưa tồn tại hoặc là PGD chỉ dùng cho mượn chứng từ,7437,Chứng từ Vận hành hàng ngày,Phiếu chi,Rút tiền dư từ CIF,RUT_TIEN_DU_KH,2026-06-29
6044807820577112084,PGD 2303 chưa tồn tại hoặc là PGD chỉ dùng cho mượn chứng từ,2303,Chứng từ Vận hành hàng ngày,"BB tất toán/thanh lý, Phiếu thu đóng hợp đồng, Biên bản chấm dứt thỏa thuận sử dụng TS và hoàn trả TS, Giấy đề nghị",Đóng HĐCC chủ động,DONG_HDCC_CD,2026-06-29
6053670195477127706,Không map được loại chứng từ: HĐ ký gửi tài sản,1050,Chứng từ Vận hành hàng ngày,HĐ ký gửi tài sản,Đóng HĐCC chủ động,DONG_HDCC_CD,2026-06-29
6067883745977122722,Không map được loại chứng từ: HĐ ký gửi tài sản,5405,Chứng từ Vận hành hàng ngày,HĐ ký gửi tài sản,Đóng HĐCC chủ động,DONG_HDCC_CD,2026-06-29
6063945767077114969,PGD 1287 chưa tồn tại hoặc là PGD chỉ dùng cho mượn chứng từ,1287,Chứng từ Vận hành hàng ngày,Giấy đề nghị,Đóng HĐCC chủ động,DONG_HDCC_CD,2026-06-29
6066589049400177136379,PGD 5132 chưa tồn tại hoặc là PGD chỉ dùng cho mượn chứng từ,5132,Chứng từ Ngân hàng hàng ngày,"Mục đích vốn (nếu có phát sinh bản giấy), Xác nhận người thụ hưởng không có TKNH với (HĐ vay 100 triệu), Chứng từ thu nhập + Năng lực tài chính (khi CIMB yêu cầu)",Giải ngân CIMB,GIAI_NGAN_CIMB,2026-06-29
6064822962700177135009,PGD 7968 chưa tồn tại hoặc là PGD chỉ dùng cho mượn chứng từ,7968,Chứng từ Ngân hàng hàng ngày,"Mục đích vốn (nếu có phát sinh bản giấy), Xác nhận người thụ hưởng không có TKNH với (HĐ vay 100 triệu), Chứng từ thu nhập + Năng lực tài chính (khi CIMB yêu cầu)",Giải ngân CIMB,GIAI_NGAN_CIMB,2026-06-29
7711016477110164,PGD 2307 chưa tồn tại hoặc là PGD chỉ dùng cho mượn chứng từ,2307,Chứng từ Vận hành hàng ngày,"Phiếu chi, Biên lai / Phiếu yêu cầu dịch vụ/ Giấy nộp tiền (theo từng đơn vị chuyển tiền)",Chuyển quỹ,,2026-06-29
7711293177112931,PGD 2302 chưa tồn tại hoặc là PGD chỉ dùng cho mượn chứng từ,2302,Chứng từ Vận hành hàng ngày,"Phiếu chi, Biên lai / Phiếu yêu cầu dịch vụ/ Giấy nộp tiền (theo từng đơn vị chuyển tiền)",Chuyển quỹ,,2026-06-29
7710280877102808,PGD 6731 chưa tồn tại hoặc là PGD chỉ dùng cho mượn chứng từ,6731,Chứng từ Vận hành hàng ngày,Phiếu thu,Nhận quỹ,,2026-06-29
6044484821777130181,Không map được loại chứng từ: HĐ ký gửi tài sản,1067,Chứng từ Vận hành hàng ngày,HĐ ký gửi tài sản,Đóng HĐCC chủ động,DONG_HDCC_CD,2026-06-29
6066290764477113675,PGD 7968 chưa tồn tại hoặc là PGD chỉ dùng cho mượn chứng từ,7968,Chứng từ Vận hành hàng ngày,Giấy đề nghị,Đóng HĐCC chủ động,DONG_HDCC_CD,2026-06-29
7710067877100678,PGD 5737 chưa tồn tại hoặc là PGD chỉ dùng cho mượn chứng từ,5737,Chứng từ Vận hành hàng ngày,"Phiếu chi, Biên lai / Phiếu yêu cầu dịch vụ/ Giấy nộp tiền (theo từng đơn vị chuyển tiền)",Chuyển quỹ,,2026-06-29
5107611505600277132422,Không map được loại chứng từ: Giấy đề nghị tái tục giấy nhận nợ,9201,Chứng từ Vận hành hàng ngày,Giấy đề nghị tái tục giấy nhận nợ,Đáo hạn,DONG_HD_DH,2026-06-29
6063945767077114959,PGD 1287 chưa tồn tại hoặc là PGD chỉ dùng cho mượn chứng từ,1287,Chứng từ Vận hành hàng ngày,"Giấy đề nghị, Phiếu chi giải ngân, Ủy quyền epay",Đóng HĐCC chủ động,DONG_HDCC_CD,2026-06-29
6053670195477127713,Không map được loại chứng từ: HĐ ký gửi tài sản,1050,Chứng từ Vận hành hàng ngày,HĐ ký gửi tài sản,Đóng HĐCC chủ động,DONG_HDCC_CD,2026-06-29
6044484821777130068,Không map được loại chứng từ: HĐ ký gửi tài sản,1067,Chứng từ Vận hành hàng ngày,HĐ ký gửi tài sản,Đóng HĐCC chủ động,DONG_HDCC_CD,2026-06-29
6066290764477113665,PGD 7968 chưa tồn tại hoặc là PGD chỉ dùng cho mượn chứng từ,7968,Chứng từ Vận hành hàng ngày,"Giấy đề nghị, Phiếu chi giải ngân, Ủy quyền epay",Đóng HĐCC chủ động,DONG_HDCC_CD,2026-06-29
6054290072777119815,PGD 9221 chưa tồn tại hoặc là PGD chỉ dùng cho mượn chứng từ,9221,Chứng từ Vận hành hàng ngày,"Giấy đề nghị, Phiếu chi giải ngân, Ủy quyền epay",Đóng HĐCC chủ động,DONG_HDCC_CD,2026-06-29
6054290072777119945,PGD 9221 chưa tồn tại hoặc là PGD chỉ dùng cho mượn chứng từ,9221,Chứng từ Vận hành hàng ngày,Giấy đề nghị,Đóng HĐCC chủ động,DONG_HDCC_CD,2026-06-29
6045483945877119025,PGD 2304 chưa tồn tại hoặc là PGD chỉ dùng cho mượn chứng từ,2304,Chứng từ Vận hành hàng ngày,Giấy đề nghị,Đóng HĐCC chủ động,DONG_HDCC_CD,2026-06-29
6044807820500177120376,PGD 2303 chưa tồn tại hoặc là PGD chỉ dùng cho mượn chứng từ,2303,Chứng từ Vận hành hàng ngày,Phiếu thu đóng hợp đồng,Đóng hợp đồng chủ động,DONG_HD_CD,2026-06-29
6062351107200177140089,PGD 2313 chưa tồn tại hoặc là PGD chỉ dùng cho mượn chứng từ,2313,Chứng từ Ngân hàng hàng ngày,"Mục đích vốn (nếu có phát sinh bản giấy), Xác nhận người thụ hưởng không có TKNH với (HĐ vay 100 triệu), Chứng từ thu nhập + Năng lực tài chính (khi CIMB yêu cầu)",Giải ngân CIMB,GIAI_NGAN_CIMB,2026-06-29
6061422996177120764,PGD 2308 chưa tồn tại hoặc là PGD chỉ dùng cho mượn chứng từ,2308,Chứng từ Vận hành hàng ngày,"Giấy đề nghị, Phiếu chi giải ngân",Đóng HĐCC chủ động,DONG_HDCC_CD,2026-06-29
5125417160900177120842,Không map được loại chứng từ: Giấy đề nghị tái tục giấy nhận nợ,9201,Chứng từ Vận hành hàng ngày,Giấy đề nghị tái tục giấy nhận nợ,Đáo hạn,DONG_HD_DH,2026-06-29
5038782799277121462,Trùng parent_document_code trong nguồn Oracle,7421,Chứng từ Vận hành hàng ngày,"BB tất toán/thanh lý, Phiếu thu đóng hợp đồng, Biên bản chấm dứt thỏa thuận sử dụng TS và hoàn trả TS",Đóng HĐCC chủ động,DONG_HDCC_CD,2026-06-29
6069214366000177125521,PGD 5243 chưa tồn tại hoặc là PGD chỉ dùng cho mượn chứng từ,5243,Chứng từ Ngân hàng hàng ngày,"Mục đích vốn (nếu có phát sinh bản giấy), Xác nhận người thụ hưởng không có TKNH với (HĐ vay 100 triệu), Chứng từ thu nhập + Năng lực tài chính (khi CIMB yêu cầu)",Giải ngân CIMB,GIAI_NGAN_CIMB,2026-06-29
7710456177104561,PGD 4114 chưa tồn tại hoặc là PGD chỉ dùng cho mượn chứng từ,4114,Chứng từ Vận hành hàng ngày,"Phiếu chi, Biên lai / Phiếu yêu cầu dịch vụ/ Giấy nộp tiền (theo từng đơn vị chuyển tiền)",Chuyển quỹ,,2026-06-29
7711654177116541,PGD 2304 chưa tồn tại hoặc là PGD chỉ dùng cho mượn chứng từ,2304,Chứng từ Vận hành hàng ngày,"Phiếu chi, Biên lai / Phiếu yêu cầu dịch vụ/ Giấy nộp tiền (theo từng đơn vị chuyển tiền)",Chuyển quỹ,,2026-06-29
7710901377109013,PGD 8244 chưa tồn tại hoặc là PGD chỉ dùng cho mượn chứng từ,8244,Chứng từ Vận hành hàng ngày,"Phiếu chi, Biên lai / Phiếu yêu cầu dịch vụ/ Giấy nộp tiền (theo từng đơn vị chuyển tiền)",Chuyển quỹ,,2026-06-29
6063891812400177121040,PGD 1288 chưa tồn tại hoặc là PGD chỉ dùng cho mượn chứng từ,1288,Chứng từ Ngân hàng hàng ngày,"Mục đích vốn (nếu có phát sinh bản giấy), Xác nhận người thụ hưởng không có TKNH với (HĐ vay 100 triệu), Chứng từ thu nhập + Năng lực tài chính (khi CIMB yêu cầu)",Giải ngân CIMB,GIAI_NGAN_CIMB,2026-06-29
6061022015900177137465,PGD 2303 chưa tồn tại hoặc là PGD chỉ dùng cho mượn chứng từ,2303,Chứng từ Ngân hàng hàng ngày,"Mục đích vốn (nếu có phát sinh bản giấy), Xác nhận người thụ hưởng không có TKNH với (HĐ vay 100 triệu), Chứng từ thu nhập + Năng lực tài chính (khi CIMB yêu cầu)",Giải ngân CIMB,GIAI_NGAN_CIMB,2026-06-29
5011082710177111386,Trùng parent_document_code trong nguồn Oracle,8602,Chứng từ Vận hành hàng ngày,"BB tất toán/thanh lý, Phiếu thu đóng hợp đồng, Biên bản chấm dứt thỏa thuận sử dụng TS và hoàn trả TS",Đóng HĐCC chủ động,DONG_HDCC_CD,2026-06-29
6069814145377111647,PGD 1278 chưa tồn tại hoặc là PGD chỉ dùng cho mượn chứng từ,1278,Chứng từ Vận hành hàng ngày,"Giấy đề nghị, Phiếu chi giải ngân, Ủy quyền epay",Đóng HĐCC chủ động,DONG_HDCC_CD,2026-06-29
6057368116377117983,Trùng parent_document_code trong nguồn Oracle,7705,Chứng từ Vận hành hàng ngày,"BB tất toán/thanh lý, Phiếu thu đóng hợp đồng, Biên bản chấm dứt thỏa thuận sử dụng TS và hoàn trả TS",Đóng HĐCC chủ động,DONG_HDCC_CD,2026-06-29
5045151840577121682,Không map được loại chứng từ: HĐ ký gửi tài sản,2088,Chứng từ Vận hành hàng ngày,HĐ ký gửi tài sản,Đóng HĐCC chủ động,DONG_HDCC_CD,2026-06-29
6069163469900177132130,PGD 1283 chưa tồn tại hoặc là PGD chỉ dùng cho mượn chứng từ,1283,Chứng từ Ngân hàng hàng ngày,"Mục đích vốn (nếu có phát sinh bản giấy), Xác nhận người thụ hưởng không có TKNH với (HĐ vay 100 triệu), Chứng từ thu nhập + Năng lực tài chính (khi CIMB yêu cầu)",Giải ngân CIMB,GIAI_NGAN_CIMB,2026-06-29
5092074829577119598,PGD 1278 chưa tồn tại hoặc là PGD chỉ dùng cho mượn chứng từ,1278,Chứng từ Vận hành hàng ngày,Giấy đề nghị,Đóng HĐCC chủ động,DONG_HDCC_CD,2026-06-29
7710309477103094,PGD 9322 chưa tồn tại hoặc là PGD chỉ dùng cho mượn chứng từ,9322,Chứng từ Vận hành hàng ngày,"Phiếu chi, Biên lai / Phiếu yêu cầu dịch vụ/ Giấy nộp tiền (theo từng đơn vị chuyển tiền)",Chuyển quỹ,,2026-06-29
6063838615800177132173,PGD 9221 chưa tồn tại hoặc là PGD chỉ dùng cho mượn chứng từ,9221,Chứng từ Ngân hàng hàng ngày,"Mục đích vốn (nếu có phát sinh bản giấy), Xác nhận người thụ hưởng không có TKNH với (HĐ vay 100 triệu), Chứng từ thu nhập + Năng lực tài chính (khi CIMB yêu cầu)",Giải ngân CIMB,GIAI_NGAN_CIMB,2026-06-29
6067056865800177137646,PGD 8136 chưa tồn tại hoặc là PGD chỉ dùng cho mượn chứng từ,8136,Chứng từ Ngân hàng hàng ngày,"Mục đích vốn (nếu có phát sinh bản giấy), Xác nhận người thụ hưởng không có TKNH với (HĐ vay 100 triệu), Chứng từ thu nhập + Năng lực tài chính (khi CIMB yêu cầu)",Giải ngân CIMB,GIAI_NGAN_CIMB,2026-06-29
6045483945877118903,PGD 2304 chưa tồn tại hoặc là PGD chỉ dùng cho mượn chứng từ,2304,Chứng từ Vận hành hàng ngày,"Giấy đề nghị, Phiếu chi giải ngân, Ủy quyền epay",Đóng HĐCC chủ động,DONG_HDCC_CD,2026-06-29
5092074829577119479,PGD 1278 chưa tồn tại hoặc là PGD chỉ dùng cho mượn chứng từ,1278,Chứng từ Vận hành hàng ngày,"Giấy đề nghị, Phiếu chi giải ngân, Ủy quyền epay",Đóng HĐCC chủ động,DONG_HDCC_CD,2026-06-29
7710943377109433,PGD 2302 chưa tồn tại hoặc là PGD chỉ dùng cho mượn chứng từ,2302,Chứng từ Vận hành hàng ngày,"Phiếu chi, Biên lai / Phiếu yêu cầu dịch vụ/ Giấy nộp tiền (theo từng đơn vị chuyển tiền)",Chuyển quỹ,,2026-06-29
7711043977110439,PGD 7827 chưa tồn tại hoặc là PGD chỉ dùng cho mượn chứng từ,7827,Chứng từ Vận hành hàng ngày,"Phiếu chi, Biên lai / Phiếu yêu cầu dịch vụ/ Giấy nộp tiền (theo từng đơn vị chuyển tiền)",Chuyển quỹ,,2026-06-29
4108548404777118400,Trùng parent_document_code trong nguồn Oracle,1066,Chứng từ Vận hành hàng ngày,"BB tất toán/thanh lý, Phiếu thu đóng hợp đồng, Biên bản chấm dứt thỏa thuận sử dụng TS và hoàn trả TS",Đóng HĐCC nợ xấu chủ động,DONG_HDCC_CDNX,2026-06-29
5114874288277129684,Trùng parent_document_code trong nguồn Oracle,2075,Chứng từ Vận hành hàng ngày,"Giấy đề nghị, Phiếu chi giải ngân, Ủy quyền epay",Đóng HĐCC nợ xấu chủ động,DONG_HDCC_CDNX,2026-06-29
4045385388377129820,Trùng parent_document_code trong nguồn Oracle,5705,Chứng từ Vận hành hàng ngày,"BB tất toán/thanh lý, Phiếu thu đóng hợp đồng, Biên bản chấm dứt thỏa thuận sử dụng TS và hoàn trả TS",Đóng HĐCC nợ xấu chủ động,DONG_HDCC_CDNX,2026-06-29
6068107660000177132814,PGD 7827 chưa tồn tại hoặc là PGD chỉ dùng cho mượn chứng từ,7827,Chứng từ Ngân hàng hàng ngày,"Mục đích vốn (nếu có phát sinh bản giấy), Xác nhận người thụ hưởng không có TKNH với (HĐ vay 100 triệu), Chứng từ thu nhập + Năng lực tài chính (khi CIMB yêu cầu)",Giải ngân CIMB,GIAI_NGAN_CIMB,2026-06-29
5117160083177127583,Trùng parent_document_code trong nguồn Oracle,5830,Chứng từ Vận hành hàng ngày,"Giấy đề nghị, Phiếu chi giải ngân, Ủy quyền epay",Đóng HĐCC chủ động,DONG_HDCC_CD,2026-06-29
6015629123977127921,Trùng parent_document_code trong nguồn Oracle,6507,Chứng từ Vận hành hàng ngày,"BB tất toán/thanh lý, Phiếu thu đóng hợp đồng, Biên bản chấm dứt thỏa thuận sử dụng TS và hoàn trả TS",Đóng HĐCC chủ động,DONG_HDCC_CD,2026-06-29
7711439577114395,PGD 2308 chưa tồn tại hoặc là PGD chỉ dùng cho mượn chứng từ,2308,Chứng từ Vận hành hàng ngày,"Phiếu chi, Biên lai / Phiếu yêu cầu dịch vụ/ Giấy nộp tiền (theo từng đơn vị chuyển tiền)",Chuyển quỹ,,2026-06-29
5106484463477130313,Không map được loại chứng từ: HĐ ký gửi tài sản,8713,Chứng từ Vận hành hàng ngày,HĐ ký gửi tài sản,Đóng HĐCC chủ động,DONG_HDCC_CD,2026-06-29
6067883745977122727,Không map được loại chứng từ: HĐ ký gửi tài sản,5405,Chứng từ Vận hành hàng ngày,HĐ ký gửi tài sản,Đóng HĐCC chủ động,DONG_HDCC_CD,2026-06-29
5098915228577120322,Trùng parent_document_code trong nguồn Oracle,5712,Chứng từ Vận hành hàng ngày,"BB tất toán/thanh lý, Phiếu thu đóng hợp đồng, Biên bản chấm dứt thỏa thuận sử dụng TS và hoàn trả TS",Đóng HĐCC nợ xấu chủ động,DONG_HDCC_CDNX,2026-06-29
6028895541500177121943,PGD 5132 chưa tồn tại hoặc là PGD chỉ dùng cho mượn chứng từ,5132,Chứng từ Vận hành hàng ngày,"Phiếu yêu cầu miễn giảm (nếu có), Phiếu yêu cầu miễn giảm (nếu có)",Miễn giảm đóng HĐ,MIEN_GIAM_DONG_HD,2026-06-29
6068180192500177123043,PGD 9221 chưa tồn tại hoặc là PGD chỉ dùng cho mượn chứng từ,9221,Chứng từ Ngân hàng hàng ngày,"Mục đích vốn (nếu có phát sinh bản giấy), Xác nhận người thụ hưởng không có TKNH với (HĐ vay 100 triệu), Chứng từ thu nhập + Năng lực tài chính (khi CIMB yêu cầu)",Giải ngân CIMB,GIAI_NGAN_CIMB,2026-06-29
6061124471800177126140,PGD 4114 chưa tồn tại hoặc là PGD chỉ dùng cho mượn chứng từ,4114,Chứng từ Ngân hàng hàng ngày,"Mục đích vốn (nếu có phát sinh bản giấy), Xác nhận người thụ hưởng không có TKNH với (HĐ vay 100 triệu), Chứng từ thu nhập + Năng lực tài chính (khi CIMB yêu cầu)",Giải ngân CIMB,GIAI_NGAN_CIMB,2026-06-29
7711385177113851,PGD 4826 chưa tồn tại hoặc là PGD chỉ dùng cho mượn chứng từ,4826,Chứng từ Vận hành hàng ngày,"Phiếu chi, Biên lai / Phiếu yêu cầu dịch vụ/ Giấy nộp tiền (theo từng đơn vị chuyển tiền)",Chuyển quỹ,,2026-06-29
5108780892577131413,Trùng parent_document_code trong nguồn Oracle,2029,Chứng từ Vận hành hàng ngày,"Giấy đề nghị, Phiếu chi giải ngân",Đóng HĐCC nợ xấu chủ động,DONG_HDCC_CDNX,2026-06-29
7710693277106932,PGD 2305 chưa tồn tại hoặc là PGD chỉ dùng cho mượn chứng từ,2305,Chứng từ Vận hành hàng ngày,"Phiếu chi, Biên lai / Phiếu yêu cầu dịch vụ/ Giấy nộp tiền (theo từng đơn vị chuyển tiền)",Chuyển quỹ,,2026-06-29
5106484463477129955,Không map được loại chứng từ: HĐ ký gửi tài sản,8713,Chứng từ Vận hành hàng ngày,HĐ ký gửi tài sản,Đóng HĐCC chủ động,DONG_HDCC_CD,2026-06-29
2086981764277131981,Trùng parent_document_code trong nguồn Oracle,8133,Chứng từ Vận hành hàng ngày,"BB tất toán/thanh lý, Phiếu thu đóng hợp đồng",Đóng HĐCC nợ xấu chủ động,DONG_HDCC_CDNX,2026-06-29
7711547177115471,PGD 8135 chưa tồn tại hoặc là PGD chỉ dùng cho mượn chứng từ,8135,Chứng từ Vận hành hàng ngày,"Phiếu chi, Biên lai / Phiếu yêu cầu dịch vụ/ Giấy nộp tiền (theo từng đơn vị chuyển tiền)",Chuyển quỹ,,2026-06-29
6066753235077128239,PGD 4114 chưa tồn tại hoặc là PGD chỉ dùng cho mượn chứng từ,4114,Chứng từ Vận hành hàng ngày,"Giấy đề nghị, Bản cam kết TS riêng, Phiếu chi giải ngân, HĐUQ bản F88 in",Đóng HĐCC chủ động,DONG_HDCC_CD,2026-06-29
6063042180400177128513,PGD 2310 chưa tồn tại hoặc là PGD chỉ dùng cho mượn chứng từ,2310,Chứng từ Ngân hàng hàng ngày,"Mục đích vốn (nếu có phát sinh bản giấy), Xác nhận người thụ hưởng không có TKNH với (HĐ vay 100 triệu), Chứng từ thu nhập + Năng lực tài chính (khi CIMB yêu cầu)",Giải ngân CIMB,GIAI_NGAN_CIMB,2026-06-29
6065780588600177135106,PGD 2305 chưa tồn tại hoặc là PGD chỉ dùng cho mượn chứng từ,2305,Chứng từ Ngân hàng hàng ngày,"Mục đích vốn (nếu có phát sinh bản giấy), Xác nhận người thụ hưởng không có TKNH với (HĐ vay 100 triệu), Chứng từ thu nhập + Năng lực tài chính (khi CIMB yêu cầu)",Giải ngân CIMB,GIAI_NGAN_CIMB,2026-06-29
3105465060277128959,Trùng parent_document_code trong nguồn Oracle,5712,Chứng từ Vận hành hàng ngày,"BB tất toán/thanh lý, Phiếu thu đóng hợp đồng, Biên bản chấm dứt thỏa thuận sử dụng TS và hoàn trả TS",Đóng HĐCC nợ xấu chủ động,DONG_HDCC_CDNX,2026-06-29
6064237924200177129423,PGD 2302 chưa tồn tại hoặc là PGD chỉ dùng cho mượn chứng từ,2302,Chứng từ Ngân hàng hàng ngày,"Mục đích vốn (nếu có phát sinh bản giấy), Xác nhận người thụ hưởng không có TKNH với (HĐ vay 100 triệu), Chứng từ thu nhập + Năng lực tài chính (khi CIMB yêu cầu)",Giải ngân CIMB,GIAI_NGAN_CIMB,2026-06-29
6040662455477182685,Không map được loại chứng từ: HĐ ký gửi tài sản,5536,Chứng từ Vận hành hàng ngày,HĐ ký gửi tài sản,Đóng HĐCC chủ động,DONG_HDCC_CD,2026-06-30
6060785123400177199843,PGD 2303 chưa tồn tại hoặc là PGD chỉ dùng cho mượn chứng từ,2303,Chứng từ Ngân hàng hàng ngày,"Mục đích vốn (nếu có phát sinh bản giấy), Xác nhận người thụ hưởng không có TKNH với (HĐ vay 100 triệu), Chứng từ thu nhập + Năng lực tài chính (khi CIMB yêu cầu)",Giải ngân CIMB,GIAI_NGAN_CIMB,2026-06-30
6066852720900177198270,PGD 8026 chưa tồn tại hoặc là PGD chỉ dùng cho mượn chứng từ,8026,Chứng từ Ngân hàng hàng ngày,"Mục đích vốn (nếu có phát sinh bản giấy), Xác nhận người thụ hưởng không có TKNH với (HĐ vay 100 triệu), Chứng từ thu nhập + Năng lực tài chính (khi CIMB yêu cầu)",Giải ngân CIMB,GIAI_NGAN_CIMB,2026-06-30
6022036288677182834,PGD 2304 chưa tồn tại hoặc là PGD chỉ dùng cho mượn chứng từ,2304,Chứng từ Vận hành hàng ngày,"BB tất toán/thanh lý, Phiếu thu đóng hợp đồng, Biên bản chấm dứt thỏa thuận sử dụng TS và hoàn trả TS, Giấy đề nghị",Đóng HĐCC chủ động,DONG_HDCC_CD,2026-06-30
6054452734600177196056,Không map được loại chứng từ: Giấy đề nghị tái tục giấy nhận nợ,9201,Chứng từ Vận hành hàng ngày,Giấy đề nghị tái tục giấy nhận nợ,Đáo hạn,DONG_HD_DH,2026-06-30
7715710177157101,PGD 6219 chưa tồn tại hoặc là PGD chỉ dùng cho mượn chứng từ,6219,Chứng từ Vận hành hàng ngày,"Phiếu chi, Biên lai / Phiếu yêu cầu dịch vụ/ Giấy nộp tiền (theo từng đơn vị chuyển tiền)",Chuyển quỹ,,2026-06-30
7716425977164259,PGD 8135 chưa tồn tại hoặc là PGD chỉ dùng cho mượn chứng từ,8135,Chứng từ Vận hành hàng ngày,"Phiếu chi, Biên lai / Phiếu yêu cầu dịch vụ/ Giấy nộp tiền (theo từng đơn vị chuyển tiền)",Chuyển quỹ,,2026-06-30
7716398977163989,PGD 8516 chưa tồn tại hoặc là PGD chỉ dùng cho mượn chứng từ,8516,Chứng từ Vận hành hàng ngày,"Phiếu chi, Biên lai / Phiếu yêu cầu dịch vụ/ Giấy nộp tiền (theo từng đơn vị chuyển tiền)",Chuyển quỹ,,2026-06-30
6030509154277178963,Không map được loại chứng từ: HĐ ký gửi tài sản,1076,Chứng từ Vận hành hàng ngày,HĐ ký gửi tài sản,Đóng HĐCC chủ động,DONG_HDCC_CD,2026-06-30
7716224677162246,PGD 1286 chưa tồn tại hoặc là PGD chỉ dùng cho mượn chứng từ,1286,Chứng từ Vận hành hàng ngày,"Phiếu chi, Biên lai / Phiếu yêu cầu dịch vụ/ Giấy nộp tiền (theo từng đơn vị chuyển tiền)",Chuyển quỹ,,2026-06-30
7715253777152537,PGD 8631 chưa tồn tại hoặc là PGD chỉ dùng cho mượn chứng từ,8631,Chứng từ Vận hành hàng ngày,"Phiếu chi, Biên lai / Phiếu yêu cầu dịch vụ/ Giấy nộp tiền (theo từng đơn vị chuyển tiền)",Chuyển quỹ,,2026-06-30
7715404077154040,PGD 2313 chưa tồn tại hoặc là PGD chỉ dùng cho mượn chứng từ,2313,Chứng từ Vận hành hàng ngày,"Phiếu chi, Biên lai / Phiếu yêu cầu dịch vụ/ Giấy nộp tiền (theo từng đơn vị chuyển tiền)",Chuyển quỹ,,2026-06-30
6065543210200177201454,PGD 5245 chưa tồn tại hoặc là PGD chỉ dùng cho mượn chứng từ,5245,Chứng từ Ngân hàng hàng ngày,"Mục đích vốn (nếu có phát sinh bản giấy), Xác nhận người thụ hưởng không có TKNH với (HĐ vay 100 triệu), Chứng từ thu nhập + Năng lực tài chính (khi CIMB yêu cầu)",Giải ngân CIMB,GIAI_NGAN_CIMB,2026-06-30
6065790907400177200754,PGD 2313 chưa tồn tại hoặc là PGD chỉ dùng cho mượn chứng từ,2313,Chứng từ Ngân hàng hàng ngày,"Mục đích vốn (nếu có phát sinh bản giấy), Xác nhận người thụ hưởng không có TKNH với (HĐ vay 100 triệu), Chứng từ thu nhập + Năng lực tài chính (khi CIMB yêu cầu)",Giải ngân CIMB,GIAI_NGAN_CIMB,2026-06-30
6022036288600177201465,PGD 2304 chưa tồn tại hoặc là PGD chỉ dùng cho mượn chứng từ,2304,Chứng từ Vận hành hàng ngày,Phiếu thu đóng hợp đồng,Đóng hợp đồng chủ động,DONG_HD_CD,2026-06-30
6068140244600177197041,PGD 9221 chưa tồn tại hoặc là PGD chỉ dùng cho mượn chứng từ,9221,Chứng từ Ngân hàng hàng ngày,"Mục đích vốn (nếu có phát sinh bản giấy), Xác nhận người thụ hưởng không có TKNH với (HĐ vay 100 triệu), Chứng từ thu nhập + Năng lực tài chính (khi CIMB yêu cầu)",Giải ngân CIMB,GIAI_NGAN_CIMB,2026-06-30
5121406228077178890,Trùng parent_document_code trong nguồn Oracle,8621,Chứng từ Vận hành hàng ngày,"Giấy đề nghị, Phiếu chi giải ngân",Đóng HĐCC nợ xấu chủ động,DONG_HDCC_CDNX,2026-06-30
7717032477170324,PGD 4827 chưa tồn tại hoặc là PGD chỉ dùng cho mượn chứng từ,4827,Chứng từ Vận hành hàng ngày,"Phiếu chi, Biên lai / Phiếu yêu cầu dịch vụ/ Giấy nộp tiền (theo từng đơn vị chuyển tiền)",Chuyển quỹ,,2026-06-30
6063152265700177203486,PGD 2304 chưa tồn tại hoặc là PGD chỉ dùng cho mượn chứng từ,2304,Chứng từ Ngân hàng hàng ngày,"Mục đích vốn (nếu có phát sinh bản giấy), Xác nhận người thụ hưởng không có TKNH với (HĐ vay 100 triệu), Chứng từ thu nhập + Năng lực tài chính (khi CIMB yêu cầu)",Giải ngân CIMB,GIAI_NGAN_CIMB,2026-06-30
7715305177153051,PGD 8631 chưa tồn tại hoặc là PGD chỉ dùng cho mượn chứng từ,8631,Chứng từ Vận hành hàng ngày,"Phiếu chi, Biên lai / Phiếu yêu cầu dịch vụ/ Giấy nộp tiền (theo từng đơn vị chuyển tiền)",Chuyển quỹ,,2026-06-30
7715323377153233,PGD 8631 chưa tồn tại hoặc là PGD chỉ dùng cho mượn chứng từ,8631,Chứng từ Vận hành hàng ngày,"Phiếu chi, Biên lai / Phiếu yêu cầu dịch vụ/ Giấy nộp tiền (theo từng đơn vị chuyển tiền)",Chuyển quỹ,,2026-06-30
5024002112790777197423,PGD 8631 chưa tồn tại hoặc là PGD chỉ dùng cho mượn chứng từ,8631,Chứng từ Vận hành hàng ngày,Phiếu thu đóng hợp đồng,Đóng hợp đồng nợ xấu chủ động,DONG_HD_CDNX,2026-06-30
6064745898700177203646,PGD 2308 chưa tồn tại hoặc là PGD chỉ dùng cho mượn chứng từ,2308,Chứng từ Ngân hàng hàng ngày,"Mục đích vốn (nếu có phát sinh bản giấy), Xác nhận người thụ hưởng không có TKNH với (HĐ vay 100 triệu), Chứng từ thu nhập + Năng lực tài chính (khi CIMB yêu cầu)",Giải ngân CIMB,GIAI_NGAN_CIMB,2026-06-30
7716136477161364,PGD 2308 chưa tồn tại hoặc là PGD chỉ dùng cho mượn chứng từ,2308,Chứng từ Vận hành hàng ngày,"Phiếu chi, Biên lai / Phiếu yêu cầu dịch vụ/ Giấy nộp tiền (theo từng đơn vị chuyển tiền)",Chuyển quỹ,,2026-06-30
4095217135300377194708,Không map được loại chứng từ: Giấy đề nghị tái tục giấy nhận nợ,2091,Chứng từ Vận hành hàng ngày,Giấy đề nghị tái tục giấy nhận nợ,Đáo hạn,DONG_HD_DH,2026-06-30
7716520177165201,PGD 5245 chưa tồn tại hoặc là PGD chỉ dùng cho mượn chứng từ,5245,Chứng từ Vận hành hàng ngày,"Phiếu chi, Biên lai / Phiếu yêu cầu dịch vụ/ Giấy nộp tiền (theo từng đơn vị chuyển tiền)",Chuyển quỹ,,2026-06-30
6066720374800177201722,PGD 6219 chưa tồn tại hoặc là PGD chỉ dùng cho mượn chứng từ,6219,Chứng từ Ngân hàng hàng ngày,"Mục đích vốn (nếu có phát sinh bản giấy), Xác nhận người thụ hưởng không có TKNH với (HĐ vay 100 triệu), Chứng từ thu nhập + Năng lực tài chính (khi CIMB yêu cầu)",Giải ngân CIMB,GIAI_NGAN_CIMB,2026-06-30
7715832677158326,PGD 5739 chưa tồn tại hoặc là PGD chỉ dùng cho mượn chứng từ,5739,Chứng từ Vận hành hàng ngày,"Phiếu chi, Hóa đơn (nếu có)",Trade Marketing cho CH,,2026-06-30
6066179332000177201731,PGD 2304 chưa tồn tại hoặc là PGD chỉ dùng cho mượn chứng từ,2304,Chứng từ Ngân hàng hàng ngày,"Mục đích vốn (nếu có phát sinh bản giấy), Xác nhận người thụ hưởng không có TKNH với (HĐ vay 100 triệu), Chứng từ thu nhập + Năng lực tài chính (khi CIMB yêu cầu)",Giải ngân CIMB,GIAI_NGAN_CIMB,2026-06-30
6064556381700177194718,PGD 8516 chưa tồn tại hoặc là PGD chỉ dùng cho mượn chứng từ,8516,Chứng từ Ngân hàng hàng ngày,"Mục đích vốn (nếu có phát sinh bản giấy), Xác nhận người thụ hưởng không có TKNH với (HĐ vay 100 triệu), Chứng từ thu nhập + Năng lực tài chính (khi CIMB yêu cầu)",Giải ngân CIMB,GIAI_NGAN_CIMB,2026-06-30
6062525463700177195343,PGD 7767 chưa tồn tại hoặc là PGD chỉ dùng cho mượn chứng từ,7767,Chứng từ Ngân hàng hàng ngày,"Mục đích vốn (nếu có phát sinh bản giấy), Xác nhận người thụ hưởng không có TKNH với (HĐ vay 100 triệu), Chứng từ thu nhập + Năng lực tài chính (khi CIMB yêu cầu)",Giải ngân CIMB,GIAI_NGAN_CIMB,2026-06-30
6056102116777182498,PGD 2309 chưa tồn tại hoặc là PGD chỉ dùng cho mượn chứng từ,2309,Chứng từ Vận hành hàng ngày,"Giấy đề nghị, Phiếu chi giải ngân, Ủy quyền epay",Đóng HĐCC chủ động,DONG_HDCC_CD,2026-06-30
6066117006600177204740,PGD 7767 chưa tồn tại hoặc là PGD chỉ dùng cho mượn chứng từ,7767,Chứng từ Ngân hàng hàng ngày,"Mục đích vốn (nếu có phát sinh bản giấy), Xác nhận người thụ hưởng không có TKNH với (HĐ vay 100 triệu), Chứng từ thu nhập + Năng lực tài chính (khi CIMB yêu cầu)",Giải ngân CIMB,GIAI_NGAN_CIMB,2026-06-30
5090106234677182917,Trùng parent_document_code trong nguồn Oracle,5548,Chứng từ Vận hành hàng ngày,"Giấy đề nghị, Phiếu chi giải ngân",Đóng HĐCC chủ động,DONG_HDCC_CD,2026-06-30
5128340551977183256,Trùng parent_document_code trong nguồn Oracle,9018,Chứng từ Vận hành hàng ngày,"BB tất toán/thanh lý, Phiếu thu đóng hợp đồng, Biên bản chấm dứt thỏa thuận sử dụng TS và hoàn trả TS",Đóng HĐCC nợ xấu chủ động,DONG_HDCC_CDNX,2026-06-30
6062943955400177197770,PGD 8245 chưa tồn tại hoặc là PGD chỉ dùng cho mượn chứng từ,8245,Chứng từ Ngân hàng hàng ngày,"Mục đích vốn (nếu có phát sinh bản giấy), Xác nhận người thụ hưởng không có TKNH với (HĐ vay 100 triệu), Chứng từ thu nhập + Năng lực tài chính (khi CIMB yêu cầu)",Giải ngân CIMB,GIAI_NGAN_CIMB,2026-06-30
7715001377150013,PGD 5132 chưa tồn tại hoặc là PGD chỉ dùng cho mượn chứng từ,5132,Chứng từ Vận hành hàng ngày,"Phiếu chi, Biên lai / Phiếu yêu cầu dịch vụ/ Giấy nộp tiền (theo từng đơn vị chuyển tiền)",Chuyển quỹ,,2026-06-30
6065555692100177195535,PGD 8135 chưa tồn tại hoặc là PGD chỉ dùng cho mượn chứng từ,8135,Chứng từ Ngân hàng hàng ngày,"Mục đích vốn (nếu có phát sinh bản giấy), Xác nhận người thụ hưởng không có TKNH với (HĐ vay 100 triệu), Chứng từ thu nhập + Năng lực tài chính (khi CIMB yêu cầu)",Giải ngân CIMB,GIAI_NGAN_CIMB,2026-06-30
6069022908200177203406,PGD 7436 chưa tồn tại hoặc là PGD chỉ dùng cho mượn chứng từ,7436,Chứng từ Ngân hàng hàng ngày,"Mục đích vốn (nếu có phát sinh bản giấy), Xác nhận người thụ hưởng không có TKNH với (HĐ vay 100 triệu), Chứng từ thu nhập + Năng lực tài chính (khi CIMB yêu cầu)",Giải ngân CIMB,GIAI_NGAN_CIMB,2026-06-30
6067336044900177199171,PGD 2306 chưa tồn tại hoặc là PGD chỉ dùng cho mượn chứng từ,2306,Chứng từ Ngân hàng hàng ngày,"Mục đích vốn (nếu có phát sinh bản giấy), Xác nhận người thụ hưởng không có TKNH với (HĐ vay 100 triệu), Chứng từ thu nhập + Năng lực tài chính (khi CIMB yêu cầu)",Giải ngân CIMB,GIAI_NGAN_CIMB,2026-06-30
2107537163477181970,Trùng parent_document_code trong nguồn Oracle,2170,Chứng từ Vận hành hàng ngày,"HDCC, Giấy đề nghị, Phiếu chi giải ngân",Đóng HĐCC nợ xấu chủ động,DONG_HDCC_CDNX,2026-06-30
7716389177163891,PGD 5737 chưa tồn tại hoặc là PGD chỉ dùng cho mượn chứng từ,5737,Chứng từ Vận hành hàng ngày,"Phiếu chi, Biên lai / Phiếu yêu cầu dịch vụ/ Giấy nộp tiền (theo từng đơn vị chuyển tiền)",Chuyển quỹ,,2026-06-30
7716814077168140,PGD 5435 chưa tồn tại hoặc là PGD chỉ dùng cho mượn chứng từ,5435,Chứng từ Vận hành hàng ngày,"Phiếu chi, Biên lai / Phiếu yêu cầu dịch vụ/ Giấy nộp tiền (theo từng đơn vị chuyển tiền)",Chuyển quỹ,,2026-06-30
6067529078600177192933,PGD 8026 chưa tồn tại hoặc là PGD chỉ dùng cho mượn chứng từ,8026,Chứng từ Ngân hàng hàng ngày,"Mục đích vốn (nếu có phát sinh bản giấy), Xác nhận người thụ hưởng không có TKNH với (HĐ vay 100 triệu), Chứng từ thu nhập + Năng lực tài chính (khi CIMB yêu cầu)",Giải ngân CIMB,GIAI_NGAN_CIMB,2026-06-30
7717062177170621,PGD 8136 chưa tồn tại hoặc là PGD chỉ dùng cho mượn chứng từ,8136,Chứng từ Vận hành hàng ngày,"Phiếu chi, Biên lai / Phiếu yêu cầu dịch vụ/ Giấy nộp tiền (theo từng đơn vị chuyển tiền)",Chuyển quỹ,,2026-06-30
6065526350700177196040,PGD 5552 chưa tồn tại hoặc là PGD chỉ dùng cho mượn chứng từ,5552,Chứng từ Ngân hàng hàng ngày,"Mục đích vốn (nếu có phát sinh bản giấy), Xác nhận người thụ hưởng không có TKNH với (HĐ vay 100 triệu), Chứng từ thu nhập + Năng lực tài chính (khi CIMB yêu cầu)",Giải ngân CIMB,GIAI_NGAN_CIMB,2026-06-30
7715015077150150,PGD 6731 chưa tồn tại hoặc là PGD chỉ dùng cho mượn chứng từ,6731,Chứng từ Vận hành hàng ngày,"Phiếu chi, Biên lai / Phiếu yêu cầu dịch vụ/ Giấy nộp tiền (theo từng đơn vị chuyển tiền)",Chuyển quỹ,,2026-06-30
5055196115877186644,Trùng parent_document_code trong nguồn Oracle,4806,Chứng từ Vận hành hàng ngày,"Giấy đề nghị, Phiếu chi giải ngân, Ủy quyền epay",Đóng HĐCC chủ động,DONG_HDCC_CD,2026-06-30
7716200377162003,PGD 8245 chưa tồn tại hoặc là PGD chỉ dùng cho mượn chứng từ,8245,Chứng từ Vận hành hàng ngày,"Phiếu chi, Biên lai / Phiếu yêu cầu dịch vụ/ Giấy nộp tiền (theo từng đơn vị chuyển tiền)",Chuyển quỹ,,2026-06-30
6017269162077185642,Trùng parent_document_code trong nguồn Oracle,5615,Chứng từ Vận hành hàng ngày,"Giấy đề nghị, Bản cam kết TS riêng, Phiếu chi giải ngân, HĐUQ bản F88 in",Đóng HĐCC chủ động,DONG_HDCC_CD,2026-06-30
6017575196277179072,PGD 8631 chưa tồn tại hoặc là PGD chỉ dùng cho mượn chứng từ,8631,Chứng từ Vận hành hàng ngày,"BB tất toán/thanh lý, Phiếu thu đóng hợp đồng, Biên bản chấm dứt thỏa thuận sử dụng TS và hoàn trả TS, Giấy đề nghị",Đóng HĐCC chủ động,DONG_HDCC_CD,2026-06-30
6064799057300277195316,PGD 8136 chưa tồn tại hoặc là PGD chỉ dùng cho mượn chứng từ,8136,Chứng từ Vận hành hàng ngày,Phiếu thu đóng hợp đồng,Đóng hợp đồng chủ động,DONG_HD_CD,2026-06-30
6055215501177181629,PGD 6731 chưa tồn tại hoặc là PGD chỉ dùng cho mượn chứng từ,6731,Chứng từ Vận hành hàng ngày,"Giấy đề nghị, Phiếu chi giải ngân, Ủy quyền epay",Đóng HĐCC chủ động,DONG_HDCC_CD,2026-06-30
7715512877155128,PGD 9221 chưa tồn tại hoặc là PGD chỉ dùng cho mượn chứng từ,9221,Chứng từ Vận hành hàng ngày,Phiếu thu,Nhận quỹ,,2026-06-30
6061013132600177200566,PGD 2303 chưa tồn tại hoặc là PGD chỉ dùng cho mượn chứng từ,2303,Chứng từ Ngân hàng hàng ngày,"Mục đích vốn (nếu có phát sinh bản giấy), Xác nhận người thụ hưởng không có TKNH với (HĐ vay 100 triệu), Chứng từ thu nhập + Năng lực tài chính (khi CIMB yêu cầu)",Giải ngân CIMB,GIAI_NGAN_CIMB,2026-06-30
6069911458000177204556,PGD 2309 chưa tồn tại hoặc là PGD chỉ dùng cho mượn chứng từ,2309,Chứng từ Ngân hàng hàng ngày,"Mục đích vốn (nếu có phát sinh bản giấy), Xác nhận người thụ hưởng không có TKNH với (HĐ vay 100 triệu), Chứng từ thu nhập + Năng lực tài chính (khi CIMB yêu cầu)",Giải ngân CIMB,GIAI_NGAN_CIMB,2026-06-30
6060505551400177202200,PGD 8025 chưa tồn tại hoặc là PGD chỉ dùng cho mượn chứng từ,8025,Chứng từ Ngân hàng hàng ngày,"Mục đích vốn (nếu có phát sinh bản giấy), Xác nhận người thụ hưởng không có TKNH với (HĐ vay 100 triệu), Chứng từ thu nhập + Năng lực tài chính (khi CIMB yêu cầu)",Giải ngân CIMB,GIAI_NGAN_CIMB,2026-06-30
6065891629100177195009,PGD 5245 chưa tồn tại hoặc là PGD chỉ dùng cho mượn chứng từ,5245,Chứng từ Ngân hàng hàng ngày,"Mục đích vốn (nếu có phát sinh bản giấy), Xác nhận người thụ hưởng không có TKNH với (HĐ vay 100 triệu), Chứng từ thu nhập + Năng lực tài chính (khi CIMB yêu cầu)",Giải ngân CIMB,GIAI_NGAN_CIMB,2026-06-30
6067941201100177197359,PGD 2302 chưa tồn tại hoặc là PGD chỉ dùng cho mượn chứng từ,2302,Chứng từ Ngân hàng hàng ngày,"Mục đích vốn (nếu có phát sinh bản giấy), Xác nhận người thụ hưởng không có TKNH với (HĐ vay 100 triệu), Chứng từ thu nhập + Năng lực tài chính (khi CIMB yêu cầu)",Giải ngân CIMB,GIAI_NGAN_CIMB,2026-06-30
6017575196200177198266,PGD 8631 chưa tồn tại hoặc là PGD chỉ dùng cho mượn chứng từ,8631,Chứng từ Vận hành hàng ngày,Phiếu thu đóng hợp đồng,Đóng hợp đồng chủ động,DONG_HD_CD,2026-06-30
7715934577159345,PGD 7827 chưa tồn tại hoặc là PGD chỉ dùng cho mượn chứng từ,7827,Chứng từ Vận hành hàng ngày,"Phiếu chi, Biên lai / Phiếu yêu cầu dịch vụ/ Giấy nộp tiền (theo từng đơn vị chuyển tiền)",Chuyển quỹ,,2026-06-30
7717006777170067,PGD 8631 chưa tồn tại hoặc là PGD chỉ dùng cho mượn chứng từ,8631,Chứng từ Vận hành hàng ngày,"Phiếu chi, Biên lai / Phiếu yêu cầu dịch vụ/ Giấy nộp tiền (theo từng đơn vị chuyển tiền)",Chuyển quỹ,,2026-06-30
7717012677170126,PGD 8516 chưa tồn tại hoặc là PGD chỉ dùng cho mượn chứng từ,8516,Chứng từ Vận hành hàng ngày,"Phiếu chi, Biên lai / Phiếu yêu cầu dịch vụ/ Giấy nộp tiền (theo từng đơn vị chuyển tiền)",Chuyển quỹ,,2026-06-30
7715655977156559,PGD 1286 chưa tồn tại hoặc là PGD chỉ dùng cho mượn chứng từ,1286,Chứng từ Vận hành hàng ngày,"Phiếu chi, Biên lai / Phiếu yêu cầu dịch vụ/ Giấy nộp tiền (theo từng đơn vị chuyển tiền)",Chuyển quỹ,,2026-06-30
7715668277156682,PGD 1283 chưa tồn tại hoặc là PGD chỉ dùng cho mượn chứng từ,1283,Chứng từ Vận hành hàng ngày,Phiếu chi,Chi khác,,2026-06-30
5024002112790777197421,PGD 8631 chưa tồn tại hoặc là PGD chỉ dùng cho mượn chứng từ,8631,Chứng từ Vận hành hàng ngày,"Phiếu yêu cầu miễn giảm (nếu có), Phiếu yêu cầu miễn giảm (nếu có)",Miễn giảm đóng HĐ,MIEN_GIAM_DONG_HD,2026-06-30
6059742183100177199868,PGD 8135 chưa tồn tại hoặc là PGD chỉ dùng cho mượn chứng từ,8135,Chứng từ Vận hành hàng ngày,Phiếu thu đóng hợp đồng,Đóng hợp đồng chủ động,DONG_HD_CD,2026-06-30
6069722646700177202315,PGD 7968 chưa tồn tại hoặc là PGD chỉ dùng cho mượn chứng từ,7968,Chứng từ Ngân hàng hàng ngày,"Mục đích vốn (nếu có phát sinh bản giấy), Xác nhận người thụ hưởng không có TKNH với (HĐ vay 100 triệu), Chứng từ thu nhập + Năng lực tài chính (khi CIMB yêu cầu)",Giải ngân CIMB,GIAI_NGAN_CIMB,2026-06-30
6062168037100177197918,PGD 7437 chưa tồn tại hoặc là PGD chỉ dùng cho mượn chứng từ,7437,Chứng từ Ngân hàng hàng ngày,"Mục đích vốn (nếu có phát sinh bản giấy), Xác nhận người thụ hưởng không có TKNH với (HĐ vay 100 triệu), Chứng từ thu nhập + Năng lực tài chính (khi CIMB yêu cầu)",Giải ngân CIMB,GIAI_NGAN_CIMB,2026-06-30
6022036288600177201463,PGD 2304 chưa tồn tại hoặc là PGD chỉ dùng cho mượn chứng từ,2304,Chứng từ Vận hành hàng ngày,"Phiếu yêu cầu miễn giảm (nếu có), Phiếu yêu cầu miễn giảm (nếu có)",Miễn giảm đóng HĐ,MIEN_GIAM_DONG_HD,2026-06-30
6063147883277175245,PGD 2313 chưa tồn tại hoặc là PGD chỉ dùng cho mượn chứng từ,2313,Chứng từ Vận hành hàng ngày,"Giấy đề nghị, Phiếu chi giải ngân, Ủy quyền epay",Đóng HĐCC chủ động,DONG_HDCC_CD,2026-06-30
6059742183100177199866,PGD 8135 chưa tồn tại hoặc là PGD chỉ dùng cho mượn chứng từ,8135,Chứng từ Vận hành hàng ngày,"Phiếu yêu cầu miễn giảm (nếu có), Phiếu yêu cầu miễn giảm (nếu có)",Miễn giảm đóng HĐ,MIEN_GIAM_DONG_HD,2026-06-30
4037087342477184560,Trùng parent_document_code trong nguồn Oracle,7755,Chứng từ Vận hành hàng ngày,"BB tất toán/thanh lý, Phiếu thu đóng hợp đồng, Biên bản chấm dứt thỏa thuận sử dụng TS và hoàn trả TS",Đóng HĐCC nợ xấu chủ động,DONG_HDCC_CDNX,2026-06-30
6068045561500177202928,PGD 5552 chưa tồn tại hoặc là PGD chỉ dùng cho mượn chứng từ,5552,Chứng từ Ngân hàng hàng ngày,"Mục đích vốn (nếu có phát sinh bản giấy), Xác nhận người thụ hưởng không có TKNH với (HĐ vay 100 triệu), Chứng từ thu nhập + Năng lực tài chính (khi CIMB yêu cầu)",Giải ngân CIMB,GIAI_NGAN_CIMB,2026-06-30
6066729033000177203011,PGD 7767 chưa tồn tại hoặc là PGD chỉ dùng cho mượn chứng từ,7767,Chứng từ Ngân hàng hàng ngày,"Mục đích vốn (nếu có phát sinh bản giấy), Xác nhận người thụ hưởng không có TKNH với (HĐ vay 100 triệu), Chứng từ thu nhập + Năng lực tài chính (khi CIMB yêu cầu)",Giải ngân CIMB,GIAI_NGAN_CIMB,2026-06-30
6017575196277179064,PGD 8631 chưa tồn tại hoặc là PGD chỉ dùng cho mượn chứng từ,8631,Chứng từ Vận hành hàng ngày,"Giấy đề nghị, Phiếu chi giải ngân, Ủy quyền epay",Đóng HĐCC chủ động,DONG_HDCC_CD,2026-06-30
5097557232577179595,Trùng parent_document_code trong nguồn Oracle,1048,Chứng từ Vận hành hàng ngày,"Giấy đề nghị, Phiếu chi giải ngân",Đóng HĐCC nợ xấu chủ động,DONG_HDCC_CDNX,2026-06-30
7715668077156680,PGD 1283 chưa tồn tại hoặc là PGD chỉ dùng cho mượn chứng từ,1283,Chứng từ Vận hành hàng ngày,Phiếu chi,Chi khác,,2026-06-30
7716552177165521,PGD 2310 chưa tồn tại hoặc là PGD chỉ dùng cho mượn chứng từ,2310,Chứng từ Vận hành hàng ngày,"Phiếu chi, Biên lai / Phiếu yêu cầu dịch vụ/ Giấy nộp tiền (theo từng đơn vị chuyển tiền)",Chuyển quỹ,,2026-06-30
6065616555700177197416,PGD 8136 chưa tồn tại hoặc là PGD chỉ dùng cho mượn chứng từ,8136,Chứng từ Ngân hàng hàng ngày,"Mục đích vốn (nếu có phát sinh bản giấy), Xác nhận người thụ hưởng không có TKNH với (HĐ vay 100 triệu), Chứng từ thu nhập + Năng lực tài chính (khi CIMB yêu cầu)",Giải ngân CIMB,GIAI_NGAN_CIMB,2026-06-30
6062853524877181519,Trùng parent_document_code trong nguồn Oracle,4302,Chứng từ Vận hành hàng ngày,"Giấy đề nghị, Phiếu chi giải ngân",Đóng HĐCC chủ động,DONG_HDCC_CD,2026-06-30
6069457311200177204657,PGD 2304 chưa tồn tại hoặc là PGD chỉ dùng cho mượn chứng từ,2304,Chứng từ Ngân hàng hàng ngày,"Mục đích vốn (nếu có phát sinh bản giấy), Xác nhận người thụ hưởng không có TKNH với (HĐ vay 100 triệu), Chứng từ thu nhập + Năng lực tài chính (khi CIMB yêu cầu)",Giải ngân CIMB,GIAI_NGAN_CIMB,2026-06-30
7715832377158323,PGD 5739 chưa tồn tại hoặc là PGD chỉ dùng cho mượn chứng từ,5739,Chứng từ Vận hành hàng ngày,"Phiếu chi, Hóa đơn (nếu có)",Thắp hương,,2026-06-30
6030509154277178955,Không map được loại chứng từ: HĐ ký gửi tài sản,1076,Chứng từ Vận hành hàng ngày,HĐ ký gửi tài sản,Đóng HĐCC chủ động,DONG_HDCC_CD,2026-06-30
6061291771500177198890,PGD 8136 chưa tồn tại hoặc là PGD chỉ dùng cho mượn chứng từ,8136,Chứng từ Ngân hàng hàng ngày,"Mục đích vốn (nếu có phát sinh bản giấy), Xác nhận người thụ hưởng không có TKNH với (HĐ vay 100 triệu), Chứng từ thu nhập + Năng lực tài chính (khi CIMB yêu cầu)",Giải ngân CIMB,GIAI_NGAN_CIMB,2026-06-30
5108909734777185798,Trùng parent_document_code trong nguồn Oracle,3504,Chứng từ Vận hành hàng ngày,"BB tất toán/thanh lý, Phiếu thu đóng hợp đồng, Biên bản chấm dứt thỏa thuận sử dụng TS và hoàn trả TS",Đóng HĐCC nợ xấu chủ động,DONG_HDCC_CDNX,2026-06-30
3125245642277175633,Trùng parent_document_code trong nguồn Oracle,5805,Chứng từ Vận hành hàng ngày,"BB tất toán/thanh lý, Phiếu thu đóng hợp đồng, Biên bản chấm dứt thỏa thuận sử dụng TS và hoàn trả TS",Đóng HĐCC nợ xấu chủ động,DONG_HDCC_CDNX,2026-06-30
6064994023800177196788,PGD 2309 chưa tồn tại hoặc là PGD chỉ dùng cho mượn chứng từ,2309,Chứng từ Ngân hàng hàng ngày,"Mục đích vốn (nếu có phát sinh bản giấy), Xác nhận người thụ hưởng không có TKNH với (HĐ vay 100 triệu), Chứng từ thu nhập + Năng lực tài chính (khi CIMB yêu cầu)",Giải ngân CIMB,GIAI_NGAN_CIMB,2026-06-30
6022036288677182822,PGD 2304 chưa tồn tại hoặc là PGD chỉ dùng cho mượn chứng từ,2304,Chứng từ Vận hành hàng ngày,"Giấy đề nghị, Phiếu chi giải ngân, Ủy quyền epay",Đóng HĐCC chủ động,DONG_HDCC_CD,2026-06-30
6040662455477182671,Không map được loại chứng từ: HĐ ký gửi tài sản,5536,Chứng từ Vận hành hàng ngày,HĐ ký gửi tài sản,Đóng HĐCC chủ động,DONG_HDCC_CD,2026-06-30
6064003823400177200931,PGD 7968 chưa tồn tại hoặc là PGD chỉ dùng cho mượn chứng từ,7968,Chứng từ Ngân hàng hàng ngày,"Mục đích vốn (nếu có phát sinh bản giấy), Xác nhận người thụ hưởng không có TKNH với (HĐ vay 100 triệu), Chứng từ thu nhập + Năng lực tài chính (khi CIMB yêu cầu)",Giải ngân CIMB,GIAI_NGAN_CIMB,2026-06-30
6059742183177180891,PGD 8135 chưa tồn tại hoặc là PGD chỉ dùng cho mượn chứng từ,8135,Chứng từ Vận hành hàng ngày,"Giấy đề nghị, Phiếu chi giải ngân, Ủy quyền epay",Đóng HĐCC chủ động,DONG_HDCC_CD,2026-06-30
7716294477162944,PGD 6731 chưa tồn tại hoặc là PGD chỉ dùng cho mượn chứng từ,6731,Chứng từ Vận hành hàng ngày,"Phiếu chi, Biên lai / Phiếu yêu cầu dịch vụ/ Giấy nộp tiền (theo từng đơn vị chuyển tiền)",Chuyển quỹ,,2026-06-30
6065161804577178011,Trùng parent_document_code trong nguồn Oracle,5615,Chứng từ Vận hành hàng ngày,"Giấy đề nghị, Phiếu chi giải ngân",Đóng HĐCC chủ động,DONG_HDCC_CD,2026-06-30
6063147883277175254,PGD 2313 chưa tồn tại hoặc là PGD chỉ dùng cho mượn chứng từ,2313,Chứng từ Vận hành hàng ngày,Giấy đề nghị,Đóng HĐCC chủ động,DONG_HDCC_CD,2026-06-30
6059742183177180902,PGD 8135 chưa tồn tại hoặc là PGD chỉ dùng cho mượn chứng từ,8135,Chứng từ Vận hành hàng ngày,"BB tất toán/thanh lý, Phiếu thu đóng hợp đồng, Biên bản chấm dứt thỏa thuận sử dụng TS và hoàn trả TS, Giấy đề nghị",Đóng HĐCC chủ động,DONG_HDCC_CD,2026-06-30
6021342158777173146,Không map được loại chứng từ: HĐ ký gửi tài sản,6305,Chứng từ Vận hành hàng ngày,HĐ ký gửi tài sản,Đóng HĐCC chủ động,DONG_HDCC_CD,2026-06-30
6021342158777173163,Không map được loại chứng từ: HĐ ký gửi tài sản,6305,Chứng từ Vận hành hàng ngày,HĐ ký gửi tài sản,Đóng HĐCC chủ động,DONG_HDCC_CD,2026-06-30
6064678969100177196754,PGD 7827 chưa tồn tại hoặc là PGD chỉ dùng cho mượn chứng từ,7827,Chứng từ Ngân hàng hàng ngày,"Mục đích vốn (nếu có phát sinh bản giấy), Xác nhận người thụ hưởng không có TKNH với (HĐ vay 100 triệu), Chứng từ thu nhập + Năng lực tài chính (khi CIMB yêu cầu)",Giải ngân CIMB,GIAI_NGAN_CIMB,2026-06-30
6055215501177181641,PGD 6731 chưa tồn tại hoặc là PGD chỉ dùng cho mượn chứng từ,6731,Chứng từ Vận hành hàng ngày,Giấy đề nghị,Đóng HĐCC chủ động,DONG_HDCC_CD,2026-06-30
5073218785177178402,Trùng parent_document_code trong nguồn Oracle,4734,Chứng từ Vận hành hàng ngày,"BB tất toán/thanh lý, Phiếu thu đóng hợp đồng, Biên bản chấm dứt thỏa thuận sử dụng TS và hoàn trả TS",Đóng HĐCC nợ xấu chủ động,DONG_HDCC_CDNX,2026-06-30
6056102116777182705,PGD 2309 chưa tồn tại hoặc là PGD chỉ dùng cho mượn chứng từ,2309,Chứng từ Vận hành hàng ngày,Giấy đề nghị,Đóng HĐCC chủ động,DONG_HDCC_CD,2026-06-30
7716305977163059,PGD 6731 chưa tồn tại hoặc là PGD chỉ dùng cho mượn chứng từ,6731,Chứng từ Vận hành hàng ngày,"Phiếu chi, Biên lai / Phiếu yêu cầu dịch vụ/ Giấy nộp tiền (theo từng đơn vị chuyển tiền)",Chuyển quỹ,,2026-06-30
7715322477153224,PGD 8631 chưa tồn tại hoặc là PGD chỉ dùng cho mượn chứng từ,8631,Chứng từ Vận hành hàng ngày,Phiếu thu,Nhận quỹ,,2026-06-30
5128136555777174194,Trùng parent_document_code trong nguồn Oracle,2005,Chứng từ Vận hành hàng ngày,"Giấy đề nghị, Phiếu chi giải ngân",Đóng HĐCC nợ xấu chủ động,DONG_HDCC_CDNX,2026-06-30
3031734007177179131,Trùng parent_document_code trong nguồn Oracle,2056,Chứng từ Vận hành hàng ngày,"Giấy đề nghị, Phiếu chi giải ngân",Đóng HĐCC nợ xấu chủ động,DONG_HDCC_CDNX,2026-06-30
6067280552700177198593,PGD 8631 chưa tồn tại hoặc là PGD chỉ dùng cho mượn chứng từ,8631,Chứng từ Ngân hàng hàng ngày,"Mục đích vốn (nếu có phát sinh bản giấy), Xác nhận người thụ hưởng không có TKNH với (HĐ vay 100 triệu), Chứng từ thu nhập + Năng lực tài chính (khi CIMB yêu cầu)",Giải ngân CIMB,GIAI_NGAN_CIMB,2026-06-30
